Model,GL840
Title,Essai endurance cellule 18650
Trigger Time,'2026/10/01 09:00:30
Sampling interval,500ms

No.,Time,ms,CH1,CH2,CH3
1,2026/10/01 09:00:30,0,3699.09,102.2,250.28
2,2026/10/01 09:00:30,500,3700.87,99.91,248.97
3,2026/10/01 09:00:31,0,3702.74,98.18,249.38
4,2026/10/01 09:00:31,500,3702.45,100.59,250.02
5,2026/10/01 09:00:32,0,3702.42,99.73,250.34
6,2026/10/01 09:00:32,500,3705.17,99.77,250.38
7,2026/10/01 09:00:33,0,3704.36,100.71,250.15
8,2026/10/01 09:00:33,500,3706.98,101.04,250.54
9,2026/10/01 09:00:34,0,3706.41,100.05,250.42
10,2026/10/01 09:00:34,500,3707.53,99.91,250.16
11,2026/10/01 09:00:35,0,3709.51,103.1,250.52
12,2026/10/01 09:00:35,500,3708.0,101.8,249.95
13,2026/10/01 09:00:36,0,3709.06,101.25,250.62
14,2026/10/01 09:00:36,500,3710.46,100.2,249.9
15,2026/10/01 09:00:37,0,3711.42,98.49,250.59
16,2026/10/01 09:00:37,500,3714.46,101.69,250.6
17,2026/10/01 09:00:38,0,3712.45,100.22,250.25
18,2026/10/01 09:00:38,500,3712.92,99.13,250.74
19,2026/10/01 09:00:39,0,3714.03,99.64,251.22
20,2026/10/01 09:00:39,500,3715.77,98.55,249.96
21,2026/10/01 09:00:40,0,3716.79,101.59,250.97
22,2026/10/01 09:00:40,500,3716.63,101.02,251.06
23,2026/10/01 09:00:41,0,3718.02,100.27,250.44
24,2026/10/01 09:00:41,500,3720.36,99.94,250.97
25,2026/10/01 09:00:42,0,3719.63,98.98,250.47
26,2026/10/01 09:00:42,500,3720.66,96.8,251.25
27,2026/10/01 09:00:43,0,3722.72,97.88,249.27
28,2026/10/01 09:00:43,500,3721.44,98.89,251.39
29,2026/10/01 09:00:44,0,3722.19,98.66,250.14
30,2026/10/01 09:00:44,500,3723.22,100.43,250.76
31,2026/10/01 09:00:45,0,3723.96,101.22,250.33
32,2026/10/01 09:00:45,500,3723.72,99.81,251.51
33,2026/10/01 09:00:46,0,3726.08,102.11,250.67
34,2026/10/01 09:00:46,500,3726.93,98.83,250.54
35,2026/10/01 09:00:47,0,3727.4,99.8,251.4
36,2026/10/01 09:00:47,500,3728.53,99.92,251.23
37,2026/10/01 09:00:48,0,3729.32,101.64,250.72
38,2026/10/01 09:00:48,500,3728.85,100.16,250.42
39,2026/10/01 09:00:49,0,3730.92,100.2,250.37
40,2026/10/01 09:00:49,500,3731.91,97.52,251.6
41,2026/10/01 09:00:50,0,3730.97,98.65,251.19
42,2026/10/01 09:00:50,500,3734.2,101.64,251.09
43,2026/10/01 09:00:51,0,3732.81,96.89,251.28
44,2026/10/01 09:00:51,500,3733.67,102.01,250.08
45,2026/10/01 09:00:52,0,3735.52,100.75,250.92
46,2026/10/01 09:00:52,500,3736.56,98.88,250.96
47,2026/10/01 09:00:53,0,3737.52,98.75,251.62
48,2026/10/01 09:00:53,500,3738.12,102.84,250.42
49,2026/10/01 09:00:54,0,3738.03,102.12,251.7
50,2026/10/01 09:00:54,500,3739.3,99.82,252.1
51,2026/10/01 09:00:55,0,3739.72,100.2,250.36
52,2026/10/01 09:00:55,500,3740.88,99.03,251.26
53,2026/10/01 09:00:56,0,3741.56,100.2,251.52
54,2026/10/01 09:00:56,500,3741.87,98.99,251.73
55,2026/10/01 09:00:57,0,3742.76,99.88,250.24
56,2026/10/01 09:00:57,500,3742.31,102.72,251.51
57,2026/10/01 09:00:58,0,3745.22,99.86,251.26
58,2026/10/01 09:00:58,500,3745.55,98.43,251.25
59,2026/10/01 09:00:59,0,3744.23,97.95,252.45
60,2026/10/01 09:00:59,500,3747.46,100.19,251.33
61,2026/10/01 09:01:00,0,3747.54,98.86,251.69
62,2026/10/01 09:01:00,500,3747.59,100.37,251.43
63,2026/10/01 09:01:01,0,3748.27,97.57,251.63
64,2026/10/01 09:01:01,500,3749.29,101.04,251.81
65,2026/10/01 09:01:02,0,3749.84,98.41,252.0
66,2026/10/01 09:01:02,500,3750.7,100.07,251.19
67,2026/10/01 09:01:03,0,3753.44,99.49,251.68
68,2026/10/01 09:01:03,500,3753.13,102.58,251.72
69,2026/10/01 09:01:04,0,3755.2,100.26,250.83
70,2026/10/01 09:01:04,500,3754.5,102.92,251.2
71,2026/10/01 09:01:05,0,3755.52,100.84,252.15
72,2026/10/01 09:01:05,500,3755.1,102.14,251.49
73,2026/10/01 09:01:06,0,3756.41,99.69,253.05
74,2026/10/01 09:01:06,500,3757.21,100.52,252.25
75,2026/10/01 09:01:07,0,3758.51,101.83,252.02
76,2026/10/01 09:01:07,500,3758.71,101.36,252.57
77,2026/10/01 09:01:08,0,3759.77,100.8,252.23
78,2026/10/01 09:01:08,500,3760.47,99.51,251.96
79,2026/10/01 09:01:09,0,3760.71,99.76,251.18
80,2026/10/01 09:01:09,500,3761.36,101.71,252.24
81,2026/10/01 09:01:10,0,3761.88,102.02,252.63
82,2026/10/01 09:01:10,500,3764.01,99.11,251.66
83,2026/10/01 09:01:11,0,3763.63,98.88,251.07
84,2026/10/01 09:01:11,500,3764.86,98.64,251.47
85,2026/10/01 09:01:12,0,3765.2,101.24,252.91
86,2026/10/01 09:01:12,500,3766.89,98.61,252.09
87,2026/10/01 09:01:13,0,3765.18,101.23,252.8
88,2026/10/01 09:01:13,500,3767.73,100.82,252.11
89,2026/10/01 09:01:14,0,3767.21,99.18,251.87
90,2026/10/01 09:01:14,500,3769.24,102.35,253.21
91,2026/10/01 09:01:15,0,3769.53,97.81,251.98
92,2026/10/01 09:01:15,500,3769.18,102.49,252.07
93,2026/10/01 09:01:16,0,3771.35,100.48,252.44
94,2026/10/01 09:01:16,500,3771.97,96.89,252.09
95,2026/10/01 09:01:17,0,3772.32,102.39,252.65
96,2026/10/01 09:01:17,500,3773.13,101.46,252.51
97,2026/10/01 09:01:18,0,3774.06,99.36,252.55
98,2026/10/01 09:01:18,500,3775.58,98.55,252.02
99,2026/10/01 09:01:19,0,3775.09,97.65,251.52
100,2026/10/01 09:01:19,500,3776.86,103.62,251.96
101,2026/10/01 09:01:20,0,3776.73,98.61,252.03
102,2026/10/01 09:01:20,500,3778.5,98.1,252.57
103,2026/10/01 09:01:21,0,3777.98,100.4,252.04
104,2026/10/01 09:01:21,500,3778.34,97.54,251.73
105,2026/10/01 09:01:22,0,3778.69,98.53,251.92
106,2026/10/01 09:01:22,500,3780.24,101.49,252.71
107,2026/10/01 09:01:23,0,3780.34,100.7,252.88
108,2026/10/01 09:01:23,500,3782.79,99.42,252.31
109,2026/10/01 09:01:24,0,3781.67,100.03,252.38
110,2026/10/01 09:01:24,500,3782.51,99.34,252.91
111,2026/10/01 09:01:25,0,3784.22,99.91,252.71
112,2026/10/01 09:01:25,500,3785.4,98.86,253.24
113,2026/10/01 09:01:26,0,3785.72,99.13,252.59
114,2026/10/01 09:01:26,500,3786.68,99.08,252.28
115,2026/10/01 09:01:27,0,3786.46,98.91,253.26
116,2026/10/01 09:01:27,500,3787.16,101.57,252.59
117,2026/10/01 09:01:28,0,3789.51,101.16,252.37
118,2026/10/01 09:01:28,500,3789.93,994.19,253.23
119,2026/10/01 09:01:29,0,3789.84,98.21,253.53
120,2026/10/01 09:01:29,500,3790.84,99.76,252.92
121,2026/10/01 09:01:30,0,3791.32,103.23,252.35
122,2026/10/01 09:01:30,500,3790.35,98.46,253.64
123,2026/10/01 09:01:31,0,3791.97,99.76,253.09
124,2026/10/01 09:01:31,500,3793.87,100.13,253.03
125,2026/10/01 09:01:32,0,3793.93,99.84,252.74
126,2026/10/01 09:01:32,500,3793.98,99.31,253.53
127,2026/10/01 09:01:33,0,3795.91,101.73,252.44
128,2026/10/01 09:01:33,500,3795.68,100.68,252.41
129,2026/10/01 09:01:34,0,3796.66,101.27,253.98
130,2026/10/01 09:01:34,500,3797.03,100.88,252.63
131,2026/10/01 09:01:35,0,3797.83,101.34,253.56
132,2026/10/01 09:01:35,500,3798.56,102.38,253.79
133,2026/10/01 09:01:36,0,3799.78,102.0,253.23
134,2026/10/01 09:01:36,500,3800.55,103.49,252.71
135,2026/10/01 09:01:37,0,3799.72,101.83,253.48
136,2026/10/01 09:01:37,500,3801.03,99.0,253.89
137,2026/10/01 09:01:38,0,3802.42,101.27,253.39
138,2026/10/01 09:01:38,500,3801.97,101.07,252.86
139,2026/10/01 09:01:39,0,3801.69,102.88,253.41
140,2026/10/01 09:01:39,500,3802.67,98.55,252.59
141,2026/10/01 09:01:40,0,3803.38,100.84,252.82
142,2026/10/01 09:01:40,500,3804.35,98.98,253.2
143,2026/10/01 09:01:41,0,3804.78,100.77,253.38
144,2026/10/01 09:01:41,500,3806.85,99.68,252.77
145,2026/10/01 09:01:42,0,3806.46,100.72,253.52
146,2026/10/01 09:01:42,500,3808.35,97.88,253.68
147,2026/10/01 09:01:43,0,3807.09,101.19,253.33
148,2026/10/01 09:01:43,500,3808.37,100.31,252.38
149,2026/10/01 09:01:44,0,3809.38,100.23,253.53
150,2026/10/01 09:01:44,500,3810.6,102.93,254.41
151,2026/10/01 09:01:45,0,3811.51,99.43,253.75
152,2026/10/01 09:01:45,500,3810.82,100.51,253.55
153,2026/10/01 09:01:46,0,3812.69,100.15,253.38
154,2026/10/01 09:01:46,500,3811.2,100.3,253.88
155,2026/10/01 09:01:47,0,3813.88,103.33,253.72
156,2026/10/01 09:01:47,500,3812.76,100.1,253.99
157,2026/10/01 09:01:48,0,3814.83,99.15,253.11
158,2026/10/01 09:01:48,500,3816.02,102.81,253.74
159,2026/10/01 09:01:49,0,3816.47,99.54,253.47
160,2026/10/01 09:01:49,500,3815.09,97.59,253.91
161,2026/10/01 09:01:50,0,3816.68,98.89,252.77
162,2026/10/01 09:01:50,500,3818.25,98.13,253.57
163,2026/10/01 09:01:51,0,3818.86,97.3,254.06
164,2026/10/01 09:01:51,500,3819.17,99.46,254.16
165,2026/10/01 09:01:52,0,3817.82,99.89,253.82
166,2026/10/01 09:01:52,500,3821.17,101.77,252.77
167,2026/10/01 09:01:53,0,3821.95,100.94,254.2
168,2026/10/01 09:01:53,500,3821.61,100.88,254.69
169,2026/10/01 09:01:54,0,3822.29,98.66,253.5
170,2026/10/01 09:01:54,500,3823.14,101.33,253.73
171,2026/10/01 09:01:55,0,3824.53,102.09,254.37
172,2026/10/01 09:01:55,500,3824.19,100.59,254.4
173,2026/10/01 09:01:56,0,3824.47,100.63,254.55
174,2026/10/01 09:01:56,500,3825.55,98.1,254.54
175,2026/10/01 09:01:57,0,3825.86,101.58,253.28
176,2026/10/01 09:01:57,500,3826.49,102.67,253.83
177,2026/10/01 09:01:58,0,3825.7,100.48,254.41
178,2026/10/01 09:01:58,500,3828.15,99.11,254.07
179,2026/10/01 09:01:59,0,3829.29,99.76,254.32
180,2026/10/01 09:01:59,500,3829.79,99.37,254.09
181,2026/10/01 09:02:00,0,3830.35,99.46,253.96
182,2026/10/01 09:02:00,500,3830.17,100.97,254.08
183,2026/10/01 09:02:01,0,3830.94,100.42,253.66
184,2026/10/01 09:02:01,500,3832.39,101.51,253.88
185,2026/10/01 09:02:02,0,3832.75,100.56,254.23
186,2026/10/01 09:02:02,500,3833.85,98.7,254.26
187,2026/10/01 09:02:03,0,3832.74,99.25,254.59
188,2026/10/01 09:02:03,500,3833.34,99.16,254.19
189,2026/10/01 09:02:04,0,3834.23,99.72,255.19
190,2026/10/01 09:02:04,500,3834.35,102.69,254.99
191,2026/10/01 09:02:05,0,3834.66,102.93,254.14
192,2026/10/01 09:02:05,500,3836.69,101.25,254.51
193,2026/10/01 09:02:06,0,3837.25,100.18,255.04
194,2026/10/01 09:02:06,500,3837.73,97.96,254.14
195,2026/10/01 09:02:07,0,3838.42,100.33,254.1
196,2026/10/01 09:02:07,500,3837.57,98.81,255.15
197,2026/10/01 09:02:08,0,3838.95,102.45,254.87
198,2026/10/01 09:02:08,500,3839.7,97.59,255.08
199,2026/10/01 09:02:09,0,3840.58,100.58,254.72
200,2026/10/01 09:02:09,500,3839.97,98.69,254.46
201,2026/10/01 09:02:10,0,3840.99,99.99,253.93
202,2026/10/01 09:02:10,500,3841.98,101.0,254.7
203,2026/10/01 09:02:11,0,3843.77,101.53,255.26
204,2026/10/01 09:02:11,500,3843.73,99.91,255.29
205,2026/10/01 09:02:12,0,3844.93,101.14,255.23
206,2026/10/01 09:02:12,500,3844.61,99.01,255.1
207,2026/10/01 09:02:13,0,3845.3,100.37,255.84
208,2026/10/01 09:02:13,500,3846.29,101.5,253.98
209,2026/10/01 09:02:14,0,3846.34,100.5,254.89
210,2026/10/01 09:02:14,500,3846.57,99.21,254.33
211,2026/10/01 09:02:15,0,3846.46,99.58,255.59
212,2026/10/01 09:02:15,500,3847.76,101.52,254.56
213,2026/10/01 09:02:16,0,3849.5,98.36,255.36
214,2026/10/01 09:02:16,500,3850.42,98.58,254.65
215,2026/10/01 09:02:17,0,3849.38,100.9,255.11
216,2026/10/01 09:02:17,500,3849.19,99.34,254.87
217,2026/10/01 09:02:18,0,3851.9,97.82,254.94
218,2026/10/01 09:02:18,500,3851.8,102.03,255.13
219,2026/10/01 09:02:19,0,3851.25,98.35,255.44
220,2026/10/01 09:02:19,500,3850.41,99.7,254.95
221,2026/10/01 09:02:20,0,3852.71,99.07,255.47
222,2026/10/01 09:02:20,500,3853.69,99.55,255.57
223,2026/10/01 09:02:21,0,3853.71,98.67,254.86
224,2026/10/01 09:02:21,500,3855.76,101.07,256.03
225,2026/10/01 09:02:22,0,3855.13,100.17,255.48
226,2026/10/01 09:02:22,500,3856.37,101.48,254.91
227,2026/10/01 09:02:23,0,3858.83,99.09,255.46
228,2026/10/01 09:02:23,500,3857.59,103.2,255.69
229,2026/10/01 09:02:24,0,3857.98,97.14,255.49
230,2026/10/01 09:02:24,500,3858.56,97.62,255.31
231,2026/10/01 09:02:25,0,3859.74,102.63,253.51
232,2026/10/01 09:02:25,500,3860.21,100.71,254.77
233,2026/10/01 09:02:26,0,3859.54,100.51,255.61
234,2026/10/01 09:02:26,500,3860.58,100.65,254.8
235,2026/10/01 09:02:27,0,3860.94,100.86,255.57
236,2026/10/01 09:02:27,500,3861.81,100.45,255.78
237,2026/10/01 09:02:28,0,3864.06,98.55,255.3
238,2026/10/01 09:02:28,500,3863.65,101.23,254.49
239,2026/10/01 09:02:29,0,3863.66,100.99,255.03
240,2026/10/01 09:02:29,500,3865.28,102.14,255.76
241,2026/10/01 09:02:30,0,3864.99,102.65,256.07
242,2026/10/01 09:02:30,500,3864.09,100.5,254.42
243,2026/10/01 09:02:31,0,3867.29,98.16,255.52
244,2026/10/01 09:02:31,500,3866.39,102.66,254.77
245,2026/10/01 09:02:32,0,3865.26,98.47,255.57
246,2026/10/01 09:02:32,500,3866.34,100.51,255.46
247,2026/10/01 09:02:33,0,3869.08,99.61,256.74
248,2026/10/01 09:02:33,500,3867.46,99.35,255.31
249,2026/10/01 09:02:34,0,3870.36,101.15,256.13
250,2026/10/01 09:02:34,500,3869.89,100.37,256.13
251,2026/10/01 09:02:35,0,3870.95,100.77,255.54
252,2026/10/01 09:02:35,500,3870.72,98.78,255.72
253,2026/10/01 09:02:36,0,3871.9,99.74,255.68
254,2026/10/01 09:02:36,500,3872.28,98.85,255.33
255,2026/10/01 09:02:37,0,3872.54,99.7,255.31
256,2026/10/01 09:02:37,500,3872.26,99.82,255.54
257,2026/10/01 09:02:38,0,3873.95,102.77,255.19
258,2026/10/01 09:02:38,500,3872.75,99.61,255.53
259,2026/10/01 09:02:39,0,3875.49,96.81,255.71
260,2026/10/01 09:02:39,500,3875.44,102.09,255.9
261,2026/10/01 09:02:40,0,3876.2,100.67,256.07
262,2026/10/01 09:02:40,500,3874.27,99.8,255.77
263,2026/10/01 09:02:41,0,3876.01,99.34,255.5
264,2026/10/01 09:02:41,500,3877.04,98.58,256.12
265,2026/10/01 09:02:42,0,3878.52,102.91,256.32
266,2026/10/01 09:02:42,500,3877.76,100.08,255.7
267,2026/10/01 09:02:43,0,3881.09,97.39,255.47
268,2026/10/01 09:02:43,500,3879.38,100.49,255.76
269,2026/10/01 09:02:44,0,3879.31,101.81,255.91
270,2026/10/01 09:02:44,500,3880.5,100.23,256.6
271,2026/10/01 09:02:45,0,3880.43,98.65,256.39
272,2026/10/01 09:02:45,500,3880.77,98.51,256.06
273,2026/10/01 09:02:46,0,3883.06,98.62,257.03
274,2026/10/01 09:02:46,500,3883.19,102.28,256.09
275,2026/10/01 09:02:47,0,3883.72,99.89,256.83
276,2026/10/01 09:02:47,500,3884.85,97.48,256.75
277,2026/10/01 09:02:48,0,3884.75,100.58,256.74
278,2026/10/01 09:02:48,500,3884.03,100.21,256.34
279,2026/10/01 09:02:49,0,3885.98,99.33,256.26
280,2026/10/01 09:02:49,500,3885.03,98.47,256.23
281,2026/10/01 09:02:50,0,3886.07,98.4,256.67
282,2026/10/01 09:02:50,500,3886.94,101.63,255.87
283,2026/10/01 09:02:51,0,3887.38,100.37,256.15
284,2026/10/01 09:02:51,500,3886.59,100.72,257.14
285,2026/10/01 09:02:52,0,3887.76,100.37,256.63
286,2026/10/01 09:02:52,500,3889.04,100.49,256.82
287,2026/10/01 09:02:53,0,3889.09,99.3,255.75
288,2026/10/01 09:02:53,500,3890.99,99.69,256.17
289,2026/10/01 09:02:54,0,3891.65,101.75,256.57
290,2026/10/01 09:02:54,500,3890.23,102.12,256.4
291,2026/10/01 09:02:55,0,3891.69,98.17,255.83
292,2026/10/01 09:02:55,500,3893.42,99.69,256.84
293,2026/10/01 09:02:56,0,3892.56,101.26,257.02
294,2026/10/01 09:02:56,500,3892.85,102.82,256.36
295,2026/10/01 09:02:57,0,3894.37,102.67,256.92
296,2026/10/01 09:02:57,500,3893.98,98.81,257.55
297,2026/10/01 09:02:58,0,3895.72,101.91,257.32
298,2026/10/01 09:02:58,500,3894.74,100.09,256.46
299,2026/10/01 09:02:59,0,3895.34,101.57,256.05
300,2026/10/01 09:02:59,500,3896.86,101.18,256.73
301,2026/10/01 09:03:00,0,3896.82,98.1,257.81
302,2026/10/01 09:03:00,500,3897.33,100.82,257.32
303,2026/10/01 09:03:01,0,3896.22,101.51,256.67
304,2026/10/01 09:03:01,500,3897.96,99.97,257.48
305,2026/10/01 09:03:02,0,3899.44,99.63,257.3
306,2026/10/01 09:03:02,500,3898.62,97.64,255.78
307,2026/10/01 09:03:03,0,3900.31,101.03,257.28
308,2026/10/01 09:03:03,500,3900.47,100.31,256.83
309,2026/10/01 09:03:04,0,3900.59,98.62,256.36
310,2026/10/01 09:03:04,500,3902.34,99.51,256.86
311,2026/10/01 09:03:05,0,3901.48,100.23,257.04
312,2026/10/01 09:03:05,500,3902.03,99.16,256.45
313,2026/10/01 09:03:06,0,3902.57,100.0,256.81
314,2026/10/01 09:03:06,500,3903.3,97.38,256.72
315,2026/10/01 09:03:07,0,3904.34,102.02,257.3
316,2026/10/01 09:03:07,500,3903.04,100.02,256.78
317,2026/10/01 09:03:08,0,3905.41,98.35,256.1
318,2026/10/01 09:03:08,500,3905.26,96.31,256.74
319,2026/10/01 09:03:09,0,3906.14,101.54,256.51
320,2026/10/01 09:03:09,500,3908.1,100.84,256.36
321,2026/10/01 09:03:10,0,3906.27,100.32,257.61
322,2026/10/01 09:03:10,500,3906.19,101.3,257.44
323,2026/10/01 09:03:11,0,3907.81,101.29,256.58
324,2026/10/01 09:03:11,500,3908.42,100.29,256.44
325,2026/10/01 09:03:12,0,3909.32,99.62,257.05
326,2026/10/01 09:03:12,500,3908.68,99.37,256.46
327,2026/10/01 09:03:13,0,3908.93,100.63,257.02
328,2026/10/01 09:03:13,500,3908.85,102.1,257.19
329,2026/10/01 09:03:14,0,3909.47,99.85,257.33
330,2026/10/01 09:03:14,500,3910.71,102.21,257.36
331,2026/10/01 09:03:15,0,3911.43,100.56,256.82
332,2026/10/01 09:03:15,500,3913.66,100.57,257.27
333,2026/10/01 09:03:16,0,3911.13,103.61,257.89
334,2026/10/01 09:03:16,500,3913.23,102.48,256.22
335,2026/10/01 09:03:17,0,3912.86,102.52,257.45
336,2026/10/01 09:03:17,500,3914.1,98.8,256.72
337,2026/10/01 09:03:18,0,3913.95,103.29,258.03
338,2026/10/01 09:03:18,500,3915.7,99.88,257.75
339,2026/10/01 09:03:19,0,3916.17,99.66,257.76
340,2026/10/01 09:03:19,500,3915.73,96.76,256.96
341,2026/10/01 09:03:20,0,3917.44,100.49,257.53
342,2026/10/01 09:03:20,500,3917.37,98.37,257.61
343,2026/10/01 09:03:21,0,3918.35,100.61,256.25
344,2026/10/01 09:03:21,500,3917.67,98.26,257.53
345,2026/10/01 09:03:22,0,3918.94,102.7,257.78
346,2026/10/01 09:03:22,500,3918.03,100.83,256.79
347,2026/10/01 09:03:23,0,3918.42,103.42,257.82
348,2026/10/01 09:03:23,500,3921.33,98.47,257.58
349,2026/10/01 09:03:24,0,3919.18,102.32,258.24
350,2026/10/01 09:03:24,500,3920.17,97.3,257.36
351,2026/10/01 09:03:25,0,3919.46,100.31,257.68
352,2026/10/01 09:03:25,500,3920.77,99.05,257.78
353,2026/10/01 09:03:26,0,3921.12,99.33,256.22
354,2026/10/01 09:03:26,500,3921.84,99.23,257.47
355,2026/10/01 09:03:27,0,3923.08,98.63,257.71
356,2026/10/01 09:03:27,500,3923.73,98.11,256.5
357,2026/10/01 09:03:28,0,3922.95,99.34,258.04
358,2026/10/01 09:03:28,500,3923.59,100.17,257.76
359,2026/10/01 09:03:29,0,3925.54,101.75,257.78
360,2026/10/01 09:03:29,500,3926.5,100.44,258.12
361,2026/10/01 09:03:30,0,3926.6,101.75,257.57
362,2026/10/01 09:03:30,500,3924.73,97.78,257.82
363,2026/10/01 09:03:31,0,3927.46,99.35,258.25
364,2026/10/01 09:03:31,500,3928.45,101.07,257.86
365,2026/10/01 09:03:32,0,3926.06,100.51,256.93
366,2026/10/01 09:03:32,500,3928.74,98.71,257.89
367,2026/10/01 09:03:33,0,3928.5,101.4,257.92
368,2026/10/01 09:03:33,500,3928.52,99.2,258.36
369,2026/10/01 09:03:34,0,3929.31,98.83,257.75
370,2026/10/01 09:03:34,500,3930.03,100.73,257.45
371,2026/10/01 09:03:35,0,3931.06,100.01,257.47
372,2026/10/01 09:03:35,500,3931.46,99.22,258.7
373,2026/10/01 09:03:36,0,3929.82,99.16,258.14
374,2026/10/01 09:03:36,500,3930.96,98.4,258.71
375,2026/10/01 09:03:37,0,3932.0,99.41,258.8
376,2026/10/01 09:03:37,500,3933.63,101.65,257.68
377,2026/10/01 09:03:38,0,3930.63,100.37,257.66
378,2026/10/01 09:03:38,500,3932.77,101.44,258.02
379,2026/10/01 09:03:39,0,3932.48,100.77,258.41
380,2026/10/01 09:03:39,500,3933.05,99.08,257.42
381,2026/10/01 09:03:40,0,3935.38,97.53,258.37
382,2026/10/01 09:03:40,500,3934.61,98.61,258.36
383,2026/10/01 09:03:41,0,3933.61,98.99,257.62
384,2026/10/01 09:03:41,500,3935.79,98.88,257.65
385,2026/10/01 09:03:42,0,3937.98,101.47,258.44
386,2026/10/01 09:03:42,500,3935.35,101.46,259.27
387,2026/10/01 09:03:43,0,3937.66,103.32,258.1
388,2026/10/01 09:03:43,500,3938.92,98.85,258.43
389,2026/10/01 09:03:44,0,3938.07,102.4,257.99
390,2026/10/01 09:03:44,500,3940.08,102.39,258.42
391,2026/10/01 09:03:45,0,3938.45,99.65,258.01
392,2026/10/01 09:03:45,500,3940.57,100.71,258.21
393,2026/10/01 09:03:46,0,3940.81,101.86,259.58
394,2026/10/01 09:03:46,500,3940.25,99.91,258.43
395,2026/10/01 09:03:47,0,3939.52,99.8,257.61
396,2026/10/01 09:03:47,500,3940.34,99.06,258.74
397,2026/10/01 09:03:48,0,3939.7,96.46,259.0
398,2026/10/01 09:03:48,500,3942.48,100.11,258.79
399,2026/10/01 09:03:49,0,3942.81,98.94,258.38
400,2026/10/01 09:03:49,500,3942.93,98.39,258.03
401,2026/10/01 09:03:50,0,3943.19,100.63,258.06
402,2026/10/01 09:03:50,500,3944.81,97.82,258.43
403,2026/10/01 09:03:51,0,3944.38,101.21,258.36
404,2026/10/01 09:03:51,500,3944.13,100.73,258.28
405,2026/10/01 09:03:52,0,3945.11,99.4,259.18
406,2026/10/01 09:03:52,500,3947.06,99.91,259.05
407,2026/10/01 09:03:53,0,3946.34,98.21,259.24
408,2026/10/01 09:03:53,500,3945.96,101.13,258.23
409,2026/10/01 09:03:54,0,3946.66,100.28,258.19
410,2026/10/01 09:03:54,500,3947.48,100.39,258.7
411,2026/10/01 09:03:55,0,3947.2,100.75,258.89
412,2026/10/01 09:03:55,500,3947.55,99.04,258.74
413,2026/10/01 09:03:56,0,3948.37,97.72,258.89
414,2026/10/01 09:03:56,500,3950.01,101.44,259.53
415,2026/10/01 09:03:57,0,3949.84,101.03,258.64
416,2026/10/01 09:03:57,500,3949.3,99.2,259.17
417,2026/10/01 09:03:58,0,3950.74,100.61,259.05
418,2026/10/01 09:03:58,500,3950.47,101.89,258.85
419,2026/10/01 09:03:59,0,3951.15,101.71,259.2
420,2026/10/01 09:03:59,500,3951.5,99.15,258.46
421,2026/10/01 09:04:00,0,3950.02,97.77,258.37
422,2026/10/01 09:04:00,500,3949.68,98.02,259.09
423,2026/10/01 09:04:01,0,3952.71,99.53,258.08
424,2026/10/01 09:04:01,500,3952.26,102.19,259.17
425,2026/10/01 09:04:02,0,3952.05,98.91,258.37
426,2026/10/01 09:04:02,500,3953.11,99.11,259.71
427,2026/10/01 09:04:03,0,3954.92,99.07,258.77
428,2026/10/01 09:04:03,500,3954.87,99.2,259.71
429,2026/10/01 09:04:04,0,3955.61,99.98,258.89
430,2026/10/01 09:04:04,500,3955.77,98.08,258.89
431,2026/10/01 09:04:05,0,3955.08,101.63,259.47
432,2026/10/01 09:04:05,500,3956.84,99.78,259.2
433,2026/10/01 09:04:06,0,3957.09,103.72,259.04
434,2026/10/01 09:04:06,500,3956.94,98.24,258.89
435,2026/10/01 09:04:07,0,3957.48,102.38,258.91
436,2026/10/01 09:04:07,500,3958.47,102.09,260.3
437,2026/10/01 09:04:08,0,3957.64,99.38,258.3
438,2026/10/01 09:04:08,500,3959.51,99.41,258.56
439,2026/10/01 09:04:09,0,3959.5,98.62,259.76
440,2026/10/01 09:04:09,500,3959.45,98.64,259.74
441,2026/10/01 09:04:10,0,3961.07,100.0,258.75
442,2026/10/01 09:04:10,500,3959.21,100.03,258.35
443,2026/10/01 09:04:11,0,3960.28,97.6,259.88
444,2026/10/01 09:04:11,500,3960.5,103.44,258.74
445,2026/10/01 09:04:12,0,3961.73,99.61,259.03
446,2026/10/01 09:04:12,500,3962.79,100.1,259.34
447,2026/10/01 09:04:13,0,3961.45,99.06,258.78
448,2026/10/01 09:04:13,500,3965.28,99.6,259.79
449,2026/10/01 09:04:14,0,3962.5,99.46,259.36
450,2026/10/01 09:04:14,500,3963.71,100.0,258.92
451,2026/10/01 09:04:15,0,3963.82,99.98,258.98
452,2026/10/01 09:04:15,500,3964.25,101.21,260.05
453,2026/10/01 09:04:16,0,3963.97,100.34,259.28
454,2026/10/01 09:04:16,500,3965.85,101.06,259.74
455,2026/10/01 09:04:17,0,3964.7,99.99,259.44
456,2026/10/01 09:04:17,500,3964.36,100.35,258.59
457,2026/10/01 09:04:18,0,3965.27,99.64,259.86
458,2026/10/01 09:04:18,500,3967.71,101.5,260.04
459,2026/10/01 09:04:19,0,3967.95,100.48,260.44
460,2026/10/01 09:04:19,500,3965.73,99.76,258.59
461,2026/10/01 09:04:20,0,3968.37,99.72,257.97
462,2026/10/01 09:04:20,500,3966.52,99.84,259.89
463,2026/10/01 09:04:21,0,3968.47,100.05,259.29
464,2026/10/01 09:04:21,500,3967.91,99.92,258.89
465,2026/10/01 09:04:22,0,3969.98,99.16,259.67
466,2026/10/01 09:04:22,500,3970.09,101.15,259.41
467,2026/10/01 09:04:23,0,3970.82,101.24,259.02
468,2026/10/01 09:04:23,500,3970.18,102.68,259.63
469,2026/10/01 09:04:24,0,3970.64,99.09,259.97
470,2026/10/01 09:04:24,500,3969.98,101.0,259.79
471,2026/10/01 09:04:25,0,3970.74,97.14,259.81
472,2026/10/01 09:04:25,500,3972.7,101.24,259.96
473,2026/10/01 09:04:26,0,3972.61,97.82,258.91
474,2026/10/01 09:04:26,500,3972.78,98.52,259.75
475,2026/10/01 09:04:27,0,3974.09,100.5,259.91
476,2026/10/01 09:04:27,500,3972.42,99.07,259.62
477,2026/10/01 09:04:28,0,3974.41,98.86,259.41
478,2026/10/01 09:04:28,500,3973.27,99.27,259.47
479,2026/10/01 09:04:29,0,3975.77,101.09,259.71
480,2026/10/01 09:04:29,500,3975.4,98.6,260.33
481,2026/10/01 09:04:30,0,3976.11,99.92,260.65
482,2026/10/01 09:04:30,500,3975.15,99.43,260.57
483,2026/10/01 09:04:31,0,3977.83,101.23,259.14
484,2026/10/01 09:04:31,500,3978.05,101.27,259.47
485,2026/10/01 09:04:32,0,3977.17,97.25,260.29
486,2026/10/01 09:04:32,500,3978.14,101.57,260.62
487,2026/10/01 09:04:33,0,3977.33,99.08,259.51
488,2026/10/01 09:04:33,500,3976.93,100.35,260.1
489,2026/10/01 09:04:34,0,3978.95,98.59,259.46
490,2026/10/01 09:04:34,500,3977.94,100.56,260.18
491,2026/10/01 09:04:35,0,3980.1,103.83,259.74
492,2026/10/01 09:04:35,500,3980.26,100.19,260.17
493,2026/10/01 09:04:36,0,3979.97,99.31,259.48
494,2026/10/01 09:04:36,500,3980.29,99.65,259.29
495,2026/10/01 09:04:37,0,3981.31,97.8,261.67
496,2026/10/01 09:04:37,500,3981.1,102.17,260.17
497,2026/10/01 09:04:38,0,3980.92,100.47,261.22
498,2026/10/01 09:04:38,500,3980.4,98.43,260.93
499,2026/10/01 09:04:39,0,3982.74,98.48,259.37
500,2026/10/01 09:04:39,500,3982.63,100.02,260.39
501,2026/10/01 09:04:40,0,3984.91,101.4,259.58
502,2026/10/01 09:04:40,500,3982.99,98.27,260.09
503,2026/10/01 09:04:41,0,3983.67,101.67,259.31
504,2026/10/01 09:04:41,500,3984.05,99.86,259.49
505,2026/10/01 09:04:42,0,3984.67,98.6,259.86
506,2026/10/01 09:04:42,500,3983.73,99.3,260.03
507,2026/10/01 09:04:43,0,3984.8,102.62,260.34
508,2026/10/01 09:04:43,500,3985.88,97.92,259.82
509,2026/10/01 09:04:44,0,3985.31,98.9,260.43
510,2026/10/01 09:04:44,500,3986.57,101.43,260.94
511,2026/10/01 09:04:45,0,3986.37,100.32,260.52
512,2026/10/01 09:04:45,500,3986.97,98.81,260.37
513,2026/10/01 09:04:46,0,3987.92,101.45,260.59
514,2026/10/01 09:04:46,500,3987.18,101.52,259.72
515,2026/10/01 09:04:47,0,3986.55,100.5,260.93
516,2026/10/01 09:04:47,500,3987.85,99.08,259.87
517,2026/10/01 09:04:48,0,3987.76,99.31,261.26
518,2026/10/01 09:04:48,500,3987.07,100.43,260.89
519,2026/10/01 09:04:49,0,3989.04,98.03,260.8
520,2026/10/01 09:04:49,500,3989.63,101.99,260.83
521,2026/10/01 09:04:50,0,3990.64,102.55,260.55
522,2026/10/01 09:04:50,500,3989.26,99.65,260.17
523,2026/10/01 09:04:51,0,3990.6,100.53,260.11
524,2026/10/01 09:04:51,500,3991.78,101.78,261.47
525,2026/10/01 09:04:52,0,3990.76,102.93,260.67
526,2026/10/01 09:04:52,500,3992.0,102.34,260.07
527,2026/10/01 09:04:53,0,3993.19,97.4,260.91
528,2026/10/01 09:04:53,500,3990.77,99.53,260.83
529,2026/10/01 09:04:54,0,3992.83,100.75,260.51
530,2026/10/01 09:04:54,500,3993.88,99.26,260.25
531,2026/10/01 09:04:55,0,3993.02,102.67,261.08
532,2026/10/01 09:04:55,500,3994.75,102.44,261.2
533,2026/10/01 09:04:56,0,3994.49,98.78,260.9
534,2026/10/01 09:04:56,500,3995.75,99.76,260.8
535,2026/10/01 09:04:57,0,3995.14,98.88,260.38
536,2026/10/01 09:04:57,500,3996.5,99.71,261.03
537,2026/10/01 09:04:58,0,3995.6,99.66,260.49
538,2026/10/01 09:04:58,500,3994.6,101.43,260.19
539,2026/10/01 09:04:59,0,3995.53,98.67,261.4
540,2026/10/01 09:04:59,500,3997.19,96.07,260.34
541,2026/10/01 09:05:00,0,3997.51,97.59,259.92
542,2026/10/01 09:05:00,500,3996.81,98.46,261.54
543,2026/10/01 09:05:01,0,3998.84,99.02,260.03
544,2026/10/01 09:05:01,500,3997.45,100.28,260.72
545,2026/10/01 09:05:02,0,3998.44,98.38,260.39
546,2026/10/01 09:05:02,500,3998.75,98.18,260.59
547,2026/10/01 09:05:03,0,3997.67,98.61,262.08
548,2026/10/01 09:05:03,500,3998.98,98.33,260.93
549,2026/10/01 09:05:04,0,4001.31,99.17,261.18
550,2026/10/01 09:05:04,500,3999.0,99.1,261.41
551,2026/10/01 09:05:05,0,4000.58,101.03,260.71
552,2026/10/01 09:05:05,500,3999.48,98.52,261.58
553,2026/10/01 09:05:06,0,3999.99,99.46,261.25
554,2026/10/01 09:05:06,500,3999.94,99.18,261.45
555,2026/10/01 09:05:07,0,4002.16,101.21,260.73
556,2026/10/01 09:05:07,500,4001.04,99.77,261.33
557,2026/10/01 09:05:08,0,4003.08,101.58,261.12
558,2026/10/01 09:05:08,500,4001.97,98.27,261.71
559,2026/10/01 09:05:09,0,4002.83,99.93,260.89
560,2026/10/01 09:05:09,500,4003.38,99.14,262.19
561,2026/10/01 09:05:10,0,4002.09,98.16,261.36
562,2026/10/01 09:05:10,500,4003.87,99.9,261.14
563,2026/10/01 09:05:11,0,4004.31,102.6,261.1
564,2026/10/01 09:05:11,500,4005.27,98.72,261.23
565,2026/10/01 09:05:12,0,4003.92,99.81,260.94
566,2026/10/01 09:05:12,500,4004.36,98.03,261.6
567,2026/10/01 09:05:13,0,4005.86,97.81,261.28
568,2026/10/01 09:05:13,500,4006.79,98.82,262.27
569,2026/10/01 09:05:14,0,4005.51,99.33,261.1
570,2026/10/01 09:05:14,500,4005.32,99.39,261.27
571,2026/10/01 09:05:15,0,4006.38,99.66,261.13
572,2026/10/01 09:05:15,500,4006.14,97.53,262.29
573,2026/10/01 09:05:16,0,4007.59,99.06,260.65
574,2026/10/01 09:05:16,500,4006.73,100.75,261.44
575,2026/10/01 09:05:17,0,4008.69,97.96,261.56
576,2026/10/01 09:05:17,500,4008.4,99.47,260.86
577,2026/10/01 09:05:18,0,4009.36,100.44,262.76
578,2026/10/01 09:05:18,500,4006.93,98.83,260.99
579,2026/10/01 09:05:19,0,4007.78,100.51,261.48
580,2026/10/01 09:05:19,500,4010.54,97.72,262.32
581,2026/10/01 09:05:20,0,4009.25,101.33,261.31
582,2026/10/01 09:05:20,500,4008.97,100.55,261.59
583,2026/10/01 09:05:21,0,4010.3,100.08,261.36
584,2026/10/01 09:05:21,500,4010.97,101.69,261.52
585,2026/10/01 09:05:22,0,4010.96,99.51,262.1
586,2026/10/01 09:05:22,500,4011.78,99.07,261.36
587,2026/10/01 09:05:23,0,4011.98,102.06,260.26
588,2026/10/01 09:05:23,500,4012.26,102.76,261.59
589,2026/10/01 09:05:24,0,4013.42,98.96,261.65
590,2026/10/01 09:05:24,500,4012.65,99.83,261.73
591,2026/10/01 09:05:25,0,4012.93,101.57,261.56
592,2026/10/01 09:05:25,500,4013.92,99.88,261.24
593,2026/10/01 09:05:26,0,4014.03,100.89,261.56
594,2026/10/01 09:05:26,500,4013.18,101.17,262.58
595,2026/10/01 09:05:27,0,4014.14,99.16,261.69
596,2026/10/01 09:05:27,500,4014.87,100.63,262.05
597,2026/10/01 09:05:28,0,4014.36,99.99,261.23
598,2026/10/01 09:05:28,500,4014.71,98.17,261.61
599,2026/10/01 09:05:29,0,4014.33,98.52,261.27
600,2026/10/01 09:05:29,500,4013.45,99.02,262.44
601,2026/10/01 09:05:30,0,4015.76,101.39,261.03
602,2026/10/01 09:05:30,500,4016.47,101.44,262.01
603,2026/10/01 09:05:31,0,4015.8,101.12,262.0
604,2026/10/01 09:05:31,500,4018.08,100.66,261.99
605,2026/10/01 09:05:32,0,4016.45,100.62,260.69
606,2026/10/01 09:05:32,500,4018.32,100.42,260.87
607,2026/10/01 09:05:33,0,4018.23,100.61,261.95
608,2026/10/01 09:05:33,500,4019.93,100.71,261.45
609,2026/10/01 09:05:34,0,4018.93,97.89,261.6
610,2026/10/01 09:05:34,500,4017.64,98.81,261.73
611,2026/10/01 09:05:35,0,4019.94,98.46,261.43
612,2026/10/01 09:05:35,500,4020.76,101.66,261.36
613,2026/10/01 09:05:36,0,4018.28,102.48,261.99
614,2026/10/01 09:05:36,500,4020.51,96.75,261.05
615,2026/10/01 09:05:37,0,4020.99,102.35,261.76
616,2026/10/01 09:05:37,500,4020.43,100.13,261.7
617,2026/10/01 09:05:38,0,4018.96,101.52,262.03
618,2026/10/01 09:05:38,500,4020.96,100.76,263.25
619,2026/10/01 09:05:39,0,4021.03,102.16,261.58
620,2026/10/01 09:05:39,500,4023.02,100.31,262.29
621,2026/10/01 09:05:40,0,4022.02,97.95,262.22
622,2026/10/01 09:05:40,500,4022.06,99.84,262.4
623,2026/10/01 09:05:41,0,4022.21,100.77,262.03
624,2026/10/01 09:05:41,500,4023.24,99.68,262.87
625,2026/10/01 09:05:42,0,4023.32,100.99,262.51
626,2026/10/01 09:05:42,500,4022.94,99.9,262.53
627,2026/10/01 09:05:43,0,4024.07,99.11,261.49
628,2026/10/01 09:05:43,500,4023.71,98.37,262.26
629,2026/10/01 09:05:44,0,4022.37,99.41,261.97
630,2026/10/01 09:05:44,500,4025.27,100.31,261.81
631,2026/10/01 09:05:45,0,4025.49,97.06,261.94
632,2026/10/01 09:05:45,500,4025.48,98.83,262.24
633,2026/10/01 09:05:46,0,4025.26,97.0,262.51
634,2026/10/01 09:05:46,500,4025.85,99.07,262.79
635,2026/10/01 09:05:47,0,4026.85,101.8,262.78
636,2026/10/01 09:05:47,500,4025.98,98.22,262.47
637,2026/10/01 09:05:48,0,4027.46,101.05,262.37
638,2026/10/01 09:05:48,500,4025.88,104.27,262.19
639,2026/10/01 09:05:49,0,4027.48,102.18,262.25
640,2026/10/01 09:05:49,500,4027.66,100.2,262.0
641,2026/10/01 09:05:50,0,4028.73,101.29,262.19
642,2026/10/01 09:05:50,500,4027.47,97.95,262.59
643,2026/10/01 09:05:51,0,4027.85,97.64,263.2
644,2026/10/01 09:05:51,500,4027.67,100.04,262.37
645,2026/10/01 09:05:52,0,4028.61,100.6,262.06
646,2026/10/01 09:05:52,500,4029.56,101.64,262.96
647,2026/10/01 09:05:53,0,4028.2,99.15,261.49
648,2026/10/01 09:05:53,500,4029.56,100.29,263.02
649,2026/10/01 09:05:54,0,4030.69,100.24,261.8
650,2026/10/01 09:05:54,500,4030.4,99.8,262.86
651,2026/10/01 09:05:55,0,4030.83,99.89,262.31
652,2026/10/01 09:05:55,500,4029.84,98.72,262.72
653,2026/10/01 09:05:56,0,4031.25,100.42,263.62
654,2026/10/01 09:05:56,500,4031.63,100.29,262.17
655,2026/10/01 09:05:57,0,4031.76,99.34,262.1
656,2026/10/01 09:05:57,500,4032.29,101.0,262.66
657,2026/10/01 09:05:58,0,4032.2,101.54,263.4
658,2026/10/01 09:05:58,500,4032.37,101.02,262.74
659,2026/10/01 09:05:59,0,4032.18,98.44,262.68
660,2026/10/01 09:05:59,500,4034.07,100.15,262.76
661,2026/10/01 09:06:00,0,4032.58,98.63,262.19
662,2026/10/01 09:06:00,500,4033.97,100.14,262.8
663,2026/10/01 09:06:01,0,4035.57,98.64,262.52
664,2026/10/01 09:06:01,500,4035.28,101.92,263.4
665,2026/10/01 09:06:02,0,4035.08,101.17,263.15
666,2026/10/01 09:06:02,500,4035.15,101.73,262.1
667,2026/10/01 09:06:03,0,4035.12,101.58,262.64
668,2026/10/01 09:06:03,500,4034.77,99.59,263.06
669,2026/10/01 09:06:04,0,4035.57,99.36,262.32
670,2026/10/01 09:06:04,500,4036.5,102.61,262.28
671,2026/10/01 09:06:05,0,4036.63,99.75,262.6
672,2026/10/01 09:06:05,500,4037.22,97.97,263.02
673,2026/10/01 09:06:06,0,4037.84,101.51,263.38
674,2026/10/01 09:06:06,500,4037.01,100.22,262.99
675,2026/10/01 09:06:07,0,4037.56,102.26,264.12
676,2026/10/01 09:06:07,500,4036.15,100.36,262.57
677,2026/10/01 09:06:08,0,4039.75,99.97,263.29
678,2026/10/01 09:06:08,500,4037.88,102.29,262.38
679,2026/10/01 09:06:09,0,4039.0,97.69,263.75
680,2026/10/01 09:06:09,500,4038.42,99.12,263.64
681,2026/10/01 09:06:10,0,4038.67,98.67,263.33
682,2026/10/01 09:06:10,500,4039.1,96.71,262.12
683,2026/10/01 09:06:11,0,4038.56,101.31,263.36
684,2026/10/01 09:06:11,500,4037.84,99.16,262.61
685,2026/10/01 09:06:12,0,4041.02,101.36,263.26
686,2026/10/01 09:06:12,500,4040.79,100.58,262.32
687,2026/10/01 09:06:13,0,4039.89,100.91,263.2
688,2026/10/01 09:06:13,500,4041.25,99.32,262.9
689,2026/10/01 09:06:14,0,4041.81,98.85,262.7
690,2026/10/01 09:06:14,500,4040.86,100.13,263.4
691,2026/10/01 09:06:15,0,4042.01,101.38,263.09
692,2026/10/01 09:06:15,500,4042.75,99.92,263.03
693,2026/10/01 09:06:16,0,4041.06,98.95,263.52
694,2026/10/01 09:06:16,500,4042.9,98.2,264.11
695,2026/10/01 09:06:17,0,4043.03,100.31,263.31
696,2026/10/01 09:06:17,500,4044.5,99.17,262.29
697,2026/10/01 09:06:18,0,4043.7,99.89,262.42
698,2026/10/01 09:06:18,500,4043.19,99.64,263.25
699,2026/10/01 09:06:19,0,4043.54,99.33,263.74
700,2026/10/01 09:06:19,500,4045.66,100.44,263.31
701,2026/10/01 09:06:20,0,4044.01,100.83,263.51
702,2026/10/01 09:06:20,500,4045.03,102.95,263.24
703,2026/10/01 09:06:21,0,4044.63,101.14,263.77
704,2026/10/01 09:06:21,500,4045.94,102.39,263.61
705,2026/10/01 09:06:22,0,4046.24,98.77,262.8
706,2026/10/01 09:06:22,500,4045.57,97.6,263.55
707,2026/10/01 09:06:23,0,4045.52,99.98,262.57
708,2026/10/01 09:06:23,500,4045.76,101.29,263.58
709,2026/10/01 09:06:24,0,4044.98,101.05,263.23
710,2026/10/01 09:06:24,500,4046.7,101.82,263.46
711,2026/10/01 09:06:25,0,4046.94,96.2,263.56
712,2026/10/01 09:06:25,500,4046.47,101.88,263.55
713,2026/10/01 09:06:26,0,4045.91,100.5,264.13
714,2026/10/01 09:06:26,500,4047.8,97.68,263.46
715,2026/10/01 09:06:27,0,4048.16,101.09,263.55
716,2026/10/01 09:06:27,500,4048.46,100.25,264.13
717,2026/10/01 09:06:28,0,4047.6,100.57,264.43
718,2026/10/01 09:06:28,500,4048.97,101.5,263.49
719,2026/10/01 09:06:29,0,4048.76,100.65,263.25
720,2026/10/01 09:06:29,500,4049.84,97.79,263.29
721,2026/10/01 09:06:30,0,4048.62,99.79,263.76
722,2026/10/01 09:06:30,500,4050.57,97.57,263.45
723,2026/10/01 09:06:31,0,4051.11,100.97,262.69
724,2026/10/01 09:06:31,500,4050.25,102.1,264.14
725,2026/10/01 09:06:32,0,4050.73,98.14,264.0
726,2026/10/01 09:06:32,500,4051.28,98.99,264.18
727,2026/10/01 09:06:33,0,4050.08,98.68,264.29
728,2026/10/01 09:06:33,500,4050.76,99.32,263.73
729,2026/10/01 09:06:34,0,4051.54,100.62,263.78
730,2026/10/01 09:06:34,500,4053.27,99.34,264.16
731,2026/10/01 09:06:35,0,4050.94,100.98,263.06
732,2026/10/01 09:06:35,500,4053.45,101.6,263.51
733,2026/10/01 09:06:36,0,4052.23,101.65,263.67
734,2026/10/01 09:06:36,500,4052.6,98.32,264.17
735,2026/10/01 09:06:37,0,4053.85,102.08,263.46
736,2026/10/01 09:06:37,500,4054.74,102.2,263.38
737,2026/10/01 09:06:38,0,4053.7,102.33,263.54
738,2026/10/01 09:06:38,500,4054.54,99.76,264.0
739,2026/10/01 09:06:39,0,4053.12,98.87,263.75
740,2026/10/01 09:06:39,500,4053.67,98.52,263.07
741,2026/10/01 09:06:40,0,4053.26,98.35,263.18
742,2026/10/01 09:06:40,500,4054.17,100.02,263.89
743,2026/10/01 09:06:41,0,4055.28,101.27,263.92
744,2026/10/01 09:06:41,500,4055.24,101.96,263.86
745,2026/10/01 09:06:42,0,4056.69,99.27,263.63
746,2026/10/01 09:06:42,500,4057.19,99.94,264.27
747,2026/10/01 09:06:43,0,4055.68,99.84,264.07
748,2026/10/01 09:06:43,500,4055.49,99.05,264.07
749,2026/10/01 09:06:44,0,4057.2,101.1,264.1
750,2026/10/01 09:06:44,500,4057.52,100.54,264.73
751,2026/10/01 09:06:45,0,4057.1,100.21,263.43
752,2026/10/01 09:06:45,500,4057.55,100.54,263.74
753,2026/10/01 09:06:46,0,4057.66,100.92,263.8
754,2026/10/01 09:06:46,500,4056.67,100.91,264.61
755,2026/10/01 09:06:47,0,4056.72,98.74,263.81
756,2026/10/01 09:06:47,500,4057.9,101.34,263.61
757,2026/10/01 09:06:48,0,4058.01,100.38,263.97
758,2026/10/01 09:06:48,500,4058.63,99.35,264.09
759,2026/10/01 09:06:49,0,4058.54,100.35,264.65
760,2026/10/01 09:06:49,500,4057.52,100.52,263.87
761,2026/10/01 09:06:50,0,4057.43,101.62,263.73
762,2026/10/01 09:06:50,500,4059.94,98.43,263.63
763,2026/10/01 09:06:51,0,4059.05,101.99,263.93
764,2026/10/01 09:06:51,500,4059.63,100.03,265.4
765,2026/10/01 09:06:52,0,4059.61,99.24,264.32
766,2026/10/01 09:06:52,500,4059.55,99.19,264.44
767,2026/10/01 09:06:53,0,4059.77,98.5,264.15
768,2026/10/01 09:06:53,500,4061.57,97.39,264.24
769,2026/10/01 09:06:54,0,4060.79,101.02,264.57
770,2026/10/01 09:06:54,500,4061.72,102.97,264.48
771,2026/10/01 09:06:55,0,4062.06,97.57,264.38
772,2026/10/01 09:06:55,500,4061.93,98.57,264.23
773,2026/10/01 09:06:56,0,4062.55,101.13,264.06
774,2026/10/01 09:06:56,500,4062.15,99.93,264.46
775,2026/10/01 09:06:57,0,4063.46,101.25,264.3
776,2026/10/01 09:06:57,500,4063.25,99.85,265.34
777,2026/10/01 09:06:58,0,4063.59,99.13,264.81
778,2026/10/01 09:06:58,500,4062.3,99.66,263.96
779,2026/10/01 09:06:59,0,4063.49,96.43,263.73
780,2026/10/01 09:06:59,500,4062.04,98.28,264.13
781,2026/10/01 09:07:00,0,4064.85,101.42,263.8
782,2026/10/01 09:07:00,500,4063.46,101.79,264.12
783,2026/10/01 09:07:01,0,4063.8,102.11,263.88
784,2026/10/01 09:07:01,500,4063.32,100.66,264.21
785,2026/10/01 09:07:02,0,4064.61,96.62,264.23
786,2026/10/01 09:07:02,500,4064.65,99.05,264.48
787,2026/10/01 09:07:03,0,4066.55,101.99,264.31
788,2026/10/01 09:07:03,500,4066.0,102.43,263.98
789,2026/10/01 09:07:04,0,4065.13,102.04,265.05
790,2026/10/01 09:07:04,500,4064.43,99.65,264.66
791,2026/10/01 09:07:05,0,4064.16,98.04,264.2
792,2026/10/01 09:07:05,500,4065.39,99.94,264.04
793,2026/10/01 09:07:06,0,4065.37,100.02,263.76
794,2026/10/01 09:07:06,500,4066.93,102.35,263.74
795,2026/10/01 09:07:07,0,4066.76,100.34,265.04
796,2026/10/01 09:07:07,500,4067.11,100.03,265.0
797,2026/10/01 09:07:08,0,4066.56,100.11,264.25
798,2026/10/01 09:07:08,500,4067.66,100.6,265.24
799,2026/10/01 09:07:09,0,4066.63,100.94,264.88
800,2026/10/01 09:07:09,500,4067.91,98.91,264.69
801,2026/10/01 09:07:10,0,4068.87,98.41,265.03
802,2026/10/01 09:07:10,500,4068.13,102.06,264.92
803,2026/10/01 09:07:11,0,4068.99,97.54,264.7
804,2026/10/01 09:07:11,500,4067.28,102.46,264.52
805,2026/10/01 09:07:12,0,4067.43,97.13,264.6
806,2026/10/01 09:07:12,500,4069.56,99.12,263.86
807,2026/10/01 09:07:13,0,4070.35,101.46,264.27
808,2026/10/01 09:07:13,500,4069.54,100.0,265.59
809,2026/10/01 09:07:14,0,4071.66,98.03,264.29
810,2026/10/01 09:07:14,500,4069.01,100.64,263.79
811,2026/10/01 09:07:15,0,4069.84,100.1,265.18
812,2026/10/01 09:07:15,500,4070.71,99.68,264.86
813,2026/10/01 09:07:16,0,4071.18,99.06,264.9
814,2026/10/01 09:07:16,500,4070.56,99.95,264.68
815,2026/10/01 09:07:17,0,4070.39,99.13,265.23
816,2026/10/01 09:07:17,500,4071.95,103.65,265.55
817,2026/10/01 09:07:18,0,4071.78,99.64,264.54
818,2026/10/01 09:07:18,500,4071.61,99.44,265.13
819,2026/10/01 09:07:19,0,4072.5,99.19,265.39
820,2026/10/01 09:07:19,500,4072.2,102.67,264.55
821,2026/10/01 09:07:20,0,4072.41,97.54,265.61
822,2026/10/01 09:07:20,500,4072.59,100.54,265.42
823,2026/10/01 09:07:21,0,4072.29,99.64,264.26
824,2026/10/01 09:07:21,500,4072.42,97.86,265.69
825,2026/10/01 09:07:22,0,4072.95,98.77,264.31
826,2026/10/01 09:07:22,500,4073.61,100.48,264.57
827,2026/10/01 09:07:23,0,4072.29,98.7,265.27
828,2026/10/01 09:07:23,500,4074.76,100.39,265.46
829,2026/10/01 09:07:24,0,4074.23,102.59,265.0
830,2026/10/01 09:07:24,500,4073.57,100.26,264.65
831,2026/10/01 09:07:25,0,4075.92,97.82,264.85
832,2026/10/01 09:07:25,500,4074.87,98.73,264.8
833,2026/10/01 09:07:26,0,4073.98,99.57,265.42
834,2026/10/01 09:07:26,500,4076.51,99.47,264.81
835,2026/10/01 09:07:27,0,4076.55,100.23,264.7
836,2026/10/01 09:07:27,500,4074.94,100.47,264.3
837,2026/10/01 09:07:28,0,4075.62,102.6,264.76
838,2026/10/01 09:07:28,500,4075.72,99.99,265.01
839,2026/10/01 09:07:29,0,4074.78,98.27,264.51
840,2026/10/01 09:07:29,500,4076.76,101.73,264.22
841,2026/10/01 09:07:30,0,4077.38,101.89,265.59
842,2026/10/01 09:07:30,500,4077.43,100.35,264.61
843,2026/10/01 09:07:31,0,4077.14,99.63,264.47
844,2026/10/01 09:07:31,500,4078.07,100.93,265.92
845,2026/10/01 09:07:32,0,4076.61,99.68,265.58
846,2026/10/01 09:07:32,500,4079.18,96.92,265.68
847,2026/10/01 09:07:33,0,4077.31,100.85,265.43
848,2026/10/01 09:07:33,500,4077.6,101.34,265.84
849,2026/10/01 09:07:34,0,4077.87,102.16,265.64
850,2026/10/01 09:07:34,500,4078.02,98.9,265.04
851,2026/10/01 09:07:35,0,4078.59,100.34,264.69
852,2026/10/01 09:07:35,500,4078.76,100.37,264.6
853,2026/10/01 09:07:36,0,4079.25,100.13,265.18
854,2026/10/01 09:07:36,500,4078.69,100.17,264.71
855,2026/10/01 09:07:37,0,4079.68,100.06,264.88
856,2026/10/01 09:07:37,500,4078.87,100.32,265.21
857,2026/10/01 09:07:38,0,4080.53,101.11,266.0
858,2026/10/01 09:07:38,500,4080.72,101.83,264.56
859,2026/10/01 09:07:39,0,4080.34,98.87,265.34
860,2026/10/01 09:07:39,500,4080.03,99.74,264.71
861,2026/10/01 09:07:40,0,4080.99,99.37,265.07
862,2026/10/01 09:07:40,500,4080.23,99.15,265.83
863,2026/10/01 09:07:41,0,4081.17,97.58,264.95
864,2026/10/01 09:07:41,500,4081.22,100.04,265.25
865,2026/10/01 09:07:42,0,4083.64,100.72,265.47
866,2026/10/01 09:07:42,500,4080.75,99.77,265.76
867,2026/10/01 09:07:43,0,4079.8,99.99,265.15
868,2026/10/01 09:07:43,500,4081.62,100.63,266.06
869,2026/10/01 09:07:44,0,4080.95,102.12,265.22
870,2026/10/01 09:07:44,500,4081.94,99.37,265.7
871,2026/10/01 09:07:45,0,4081.68,98.24,265.38
872,2026/10/01 09:07:45,500,4082.19,99.86,265.85
873,2026/10/01 09:07:46,0,4082.25,102.83,266.51
874,2026/10/01 09:07:46,500,4084.07,98.26,265.37
875,2026/10/01 09:07:47,0,4083.46,100.98,265.51
876,2026/10/01 09:07:47,500,4084.55,101.74,265.31
877,2026/10/01 09:07:48,0,4083.91,96.45,265.25
878,2026/10/01 09:07:48,500,4084.82,100.62,265.21
879,2026/10/01 09:07:49,0,4084.03,100.91,265.56
880,2026/10/01 09:07:49,500,4085.74,99.6,265.19
881,2026/10/01 09:07:50,0,4085.03,99.03,265.22
882,2026/10/01 09:07:50,500,4084.22,99.11,264.02
883,2026/10/01 09:07:51,0,4085.53,99.51,266.31
884,2026/10/01 09:07:51,500,4085.25,99.55,266.45
885,2026/10/01 09:07:52,0,4085.26,99.26,265.96
886,2026/10/01 09:07:52,500,4085.69,99.48,265.21
887,2026/10/01 09:07:53,0,4086.4,101.79,265.03
888,2026/10/01 09:07:53,500,4084.3,98.18,264.89
889,2026/10/01 09:07:54,0,4085.9,97.38,266.01
890,2026/10/01 09:07:54,500,4086.92,101.81,266.33
891,2026/10/01 09:07:55,0,4086.76,99.71,265.79
892,2026/10/01 09:07:55,500,4085.85,99.42,266.15
893,2026/10/01 09:07:56,0,4085.04,99.83,265.96
894,2026/10/01 09:07:56,500,4088.49,100.31,265.36
895,2026/10/01 09:07:57,0,4087.16,99.21,266.26
896,2026/10/01 09:07:57,500,4088.71,100.76,266.24
897,2026/10/01 09:07:58,0,4088.32,98.56,265.29
898,2026/10/01 09:07:58,500,4087.24,99.55,266.2
899,2026/10/01 09:07:59,0,4086.06,96.68,265.73
900,2026/10/01 09:07:59,500,4087.88,101.76,265.69
901,2026/10/01 09:08:00,0,4088.41,99.74,266.02
902,2026/10/01 09:08:00,500,4088.98,101.01,266.02
903,2026/10/01 09:08:01,0,4087.92,100.71,266.3
904,2026/10/01 09:08:01,500,4089.13,100.82,265.44
905,2026/10/01 09:08:02,0,4089.32,99.99,266.16
906,2026/10/01 09:08:02,500,4090.15,100.58,265.31
907,2026/10/01 09:08:03,0,4089.3,98.56,265.81
908,2026/10/01 09:08:03,500,4090.08,98.24,265.86
909,2026/10/01 09:08:04,0,4090.14,99.85,266.41
910,2026/10/01 09:08:04,500,4090.8,98.98,265.94
911,2026/10/01 09:08:05,0,4089.62,102.14,265.82
912,2026/10/01 09:08:05,500,4088.0,100.56,266.67
913,2026/10/01 09:08:06,0,4090.45,98.93,265.76
914,2026/10/01 09:08:06,500,4090.64,99.59,265.75
915,2026/10/01 09:08:07,0,4090.08,100.2,265.06
916,2026/10/01 09:08:07,500,4089.98,99.9,265.9
917,2026/10/01 09:08:08,0,4090.91,100.41,265.55
918,2026/10/01 09:08:08,500,4091.46,100.1,265.9
919,2026/10/01 09:08:09,0,4091.81,97.91,266.16
920,2026/10/01 09:08:09,500,4090.08,96.77,265.51
921,2026/10/01 09:08:10,0,4090.69,99.44,265.65
922,2026/10/01 09:08:10,500,4093.18,100.84,265.28
923,2026/10/01 09:08:11,0,4092.3,99.46,265.83
924,2026/10/01 09:08:11,500,4092.63,101.85,265.63
925,2026/10/01 09:08:12,0,4091.74,99.93,267.18
926,2026/10/01 09:08:12,500,4092.98,102.04,266.87
927,2026/10/01 09:08:13,0,4092.87,101.73,266.8
928,2026/10/01 09:08:13,500,4092.85,101.58,265.5
929,2026/10/01 09:08:14,0,4092.35,98.19,266.07
930,2026/10/01 09:08:14,500,4093.0,100.03,265.57
931,2026/10/01 09:08:15,0,4095.45,101.83,267.1
932,2026/10/01 09:08:15,500,4093.77,100.41,266.61
933,2026/10/01 09:08:16,0,4094.86,100.83,265.68
934,2026/10/01 09:08:16,500,4094.25,97.92,266.4
935,2026/10/01 09:08:17,0,4094.33,102.88,265.48
936,2026/10/01 09:08:17,500,4094.25,98.81,266.17
937,2026/10/01 09:08:18,0,4096.01,97.01,266.16
938,2026/10/01 09:08:18,500,4095.41,99.47,266.63
939,2026/10/01 09:08:19,0,4094.65,96.33,266.76
940,2026/10/01 09:08:19,500,4095.14,98.37,266.29
941,2026/10/01 09:08:20,0,4096.49,103.84,266.18
942,2026/10/01 09:08:20,500,4093.53,99.43,264.69
943,2026/10/01 09:08:21,0,4096.23,97.86,267.1
944,2026/10/01 09:08:21,500,4096.58,100.04,266.0
945,2026/10/01 09:08:22,0,4095.72,98.65,266.39
946,2026/10/01 09:08:22,500,4096.62,101.3,267.48
947,2026/10/01 09:08:23,0,4097.07,98.67,265.76
948,2026/10/01 09:08:23,500,4095.86,100.41,266.38
949,2026/10/01 09:08:24,0,4097.69,98.28,266.63
950,2026/10/01 09:08:24,500,4097.42,103.9,266.94
951,2026/10/01 09:08:25,0,4097.23,100.76,266.41
952,2026/10/01 09:08:25,500,4097.61,99.78,267.01
953,2026/10/01 09:08:26,0,4098.26,99.56,266.22
954,2026/10/01 09:08:26,500,4099.72,99.17,266.71
955,2026/10/01 09:08:27,0,4098.53,98.86,266.66
956,2026/10/01 09:08:27,500,4098.86,98.82,266.42
957,2026/10/01 09:08:28,0,4098.53,102.52,266.64
958,2026/10/01 09:08:28,500,4100.07,99.17,266.05
959,2026/10/01 09:08:29,0,4097.54,96.81,266.35
960,2026/10/01 09:08:29,500,4097.49,98.25,265.87
961,2026/10/01 09:08:30,0,4099.17,101.39,266.3
962,2026/10/01 09:08:30,500,4099.75,99.62,267.1
963,2026/10/01 09:08:31,0,4097.33,99.8,266.75
964,2026/10/01 09:08:31,500,4099.55,101.75,266.71
965,2026/10/01 09:08:32,0,4099.58,98.83,265.77
966,2026/10/01 09:08:32,500,4100.48,100.95,266.74
967,2026/10/01 09:08:33,0,4100.4,99.0,266.56
968,2026/10/01 09:08:33,500,4098.78,100.86,266.87
969,2026/10/01 09:08:34,0,4099.52,99.41,267.3
970,2026/10/01 09:08:34,500,4099.91,99.64,266.42
971,2026/10/01 09:08:35,0,4101.31,101.23,266.47
972,2026/10/01 09:08:35,500,4101.19,101.12,267.1
973,2026/10/01 09:08:36,0,4100.55,99.75,266.35
974,2026/10/01 09:08:36,500,4101.33,99.29,266.71
975,2026/10/01 09:08:37,0,4100.53,102.4,265.68
976,2026/10/01 09:08:37,500,4103.18,100.88,266.53
977,2026/10/01 09:08:38,0,4102.17,99.41,267.35
978,2026/10/01 09:08:38,500,4102.5,99.02,266.88
979,2026/10/01 09:08:39,0,4103.14,101.54,267.17
980,2026/10/01 09:08:39,500,4103.01,100.17,267.21
981,2026/10/01 09:08:40,0,4102.39,99.75,267.42
982,2026/10/01 09:08:40,500,4102.38,100.17,266.58
983,2026/10/01 09:08:41,0,4103.72,100.51,267.24
984,2026/10/01 09:08:41,500,4102.87,99.91,267.9
985,2026/10/01 09:08:42,0,4102.41,101.81,266.77
986,2026/10/01 09:08:42,500,4104.74,101.89,266.14
987,2026/10/01 09:08:43,0,4102.58,100.8,266.51
988,2026/10/01 09:08:43,500,4102.11,102.06,267.05
989,2026/10/01 09:08:44,0,4104.45,100.01,266.0
990,2026/10/01 09:08:44,500,4103.23,101.04,266.46
991,2026/10/01 09:08:45,0,4104.32,101.51,266.69
992,2026/10/01 09:08:45,500,4105.59,101.53,266.92
993,2026/10/01 09:08:46,0,4103.19,101.37,267.77
994,2026/10/01 09:08:46,500,4104.42,100.95,267.23
995,2026/10/01 09:08:47,0,4105.8,102.94,266.34
996,2026/10/01 09:08:47,500,4105.32,99.19,268.84
997,2026/10/01 09:08:48,0,4104.79,99.77,266.91
998,2026/10/01 09:08:48,500,4107.0,99.68,266.09
999,2026/10/01 09:08:49,0,4105.17,99.45,266.42
1000,2026/10/01 09:08:49,500,4105.72,97.02,266.43
1001,2026/10/01 09:08:50,0,4106.88,102.06,266.29
1002,2026/10/01 09:08:50,500,4106.5,98.46,267.23
1003,2026/10/01 09:08:51,0,4106.93,100.25,265.65
1004,2026/10/01 09:08:51,500,4105.31,97.87,267.49
1005,2026/10/01 09:08:52,0,4107.17,100.93,267.41
1006,2026/10/01 09:08:52,500,4106.48,98.82,266.79
1007,2026/10/01 09:08:53,0,4105.91,98.3,267.48
1008,2026/10/01 09:08:53,500,4106.84,100.29,266.49
1009,2026/10/01 09:08:54,0,4106.97,98.95,266.63
1010,2026/10/01 09:08:54,500,4108.46,99.14,267.33
1011,2026/10/01 09:08:55,0,4107.43,100.26,266.97
1012,2026/10/01 09:08:55,500,4106.65,101.2,266.77
1013,2026/10/01 09:08:56,0,4106.62,98.77,267.04
1014,2026/10/01 09:08:56,500,4107.55,98.51,267.76
1015,2026/10/01 09:08:57,0,4106.66,100.04,267.75
1016,2026/10/01 09:08:57,500,4107.32,100.81,267.34
1017,2026/10/01 09:08:58,0,4107.85,102.19,266.96
1018,2026/10/01 09:08:58,500,4107.86,98.39,267.41
1019,2026/10/01 09:08:59,0,4108.93,99.52,266.72
1020,2026/10/01 09:08:59,500,4107.92,101.76,267.75
1021,2026/10/01 09:09:00,0,4106.68,102.96,267.65
1022,2026/10/01 09:09:00,500,4107.46,98.51,268.15
1023,2026/10/01 09:09:01,0,4108.95,98.89,266.8
1024,2026/10/01 09:09:01,500,4108.64,100.57,266.75
1025,2026/10/01 09:09:02,0,4108.28,99.13,267.5
1026,2026/10/01 09:09:02,500,4110.98,98.86,267.09
1027,2026/10/01 09:09:03,0,4110.23,100.37,267.74
1028,2026/10/01 09:09:03,500,4109.67,102.32,267.91
1029,2026/10/01 09:09:04,0,4110.05,98.04,268.11
1030,2026/10/01 09:09:04,500,4109.81,102.25,267.3
1031,2026/10/01 09:09:05,0,4109.16,99.14,267.72
1032,2026/10/01 09:09:05,500,4111.14,100.52,267.04
1033,2026/10/01 09:09:06,0,4111.15,102.39,267.41
1034,2026/10/01 09:09:06,500,4109.03,100.49,267.29
1035,2026/10/01 09:09:07,0,4110.95,99.55,267.27
1036,2026/10/01 09:09:07,500,4111.18,101.08,268.25
1037,2026/10/01 09:09:08,0,4110.8,99.74,266.68
1038,2026/10/01 09:09:08,500,4112.89,100.78,267.36
1039,2026/10/01 09:09:09,0,4112.95,99.69,267.4
1040,2026/10/01 09:09:09,500,4111.2,101.29,267.7
1041,2026/10/01 09:09:10,0,4111.47,97.91,266.84
1042,2026/10/01 09:09:10,500,4111.53,98.48,267.25
1043,2026/10/01 09:09:11,0,4111.46,97.89,267.11
1044,2026/10/01 09:09:11,500,4111.36,99.92,266.3
1045,2026/10/01 09:09:12,0,4112.65,97.71,268.01
1046,2026/10/01 09:09:12,500,4113.96,98.96,266.71
1047,2026/10/01 09:09:13,0,4113.77,98.34,266.65
1048,2026/10/01 09:09:13,500,4113.31,102.22,267.94
1049,2026/10/01 09:09:14,0,4110.9,98.51,267.31
1050,2026/10/01 09:09:14,500,4111.48,98.07,267.33
1051,2026/10/01 09:09:15,0,4113.96,100.37,267.35
1052,2026/10/01 09:09:15,500,4114.55,102.53,268.04
1053,2026/10/01 09:09:16,0,4113.85,99.83,267.24
1054,2026/10/01 09:09:16,500,4113.3,99.94,267.82
1055,2026/10/01 09:09:17,0,4114.77,101.94,266.97
1056,2026/10/01 09:09:17,500,4114.44,101.32,267.71
1057,2026/10/01 09:09:18,0,4114.89,100.64,268.01
1058,2026/10/01 09:09:18,500,4112.64,99.13,268.27
1059,2026/10/01 09:09:19,0,4114.54,100.68,266.8
1060,2026/10/01 09:09:19,500,4115.83,97.96,267.44
1061,2026/10/01 09:09:20,0,4114.97,99.06,268.4
1062,2026/10/01 09:09:20,500,4115.45,102.15,268.07
1063,2026/10/01 09:09:21,0,4114.86,101.95,267.52
1064,2026/10/01 09:09:21,500,4115.06,100.66,267.63
1065,2026/10/01 09:09:22,0,4116.24,97.11,267.79
1066,2026/10/01 09:09:22,500,4114.72,98.19,267.46
1067,2026/10/01 09:09:23,0,4114.79,98.98,267.93
1068,2026/10/01 09:09:23,500,4115.16,99.74,267.92
1069,2026/10/01 09:09:24,0,4115.7,98.12,267.12
1070,2026/10/01 09:09:24,500,4114.53,99.63,267.45
1071,2026/10/01 09:09:25,0,4116.55,102.65,267.47
1072,2026/10/01 09:09:25,500,4115.97,100.6,267.58
1073,2026/10/01 09:09:26,0,4116.92,100.33,267.86
1074,2026/10/01 09:09:26,500,4114.69,98.47,267.82
1075,2026/10/01 09:09:27,0,4117.21,97.54,267.38
1076,2026/10/01 09:09:27,500,4117.73,98.16,268.42
1077,2026/10/01 09:09:28,0,4117.15,97.48,267.76
1078,2026/10/01 09:09:28,500,4116.96,100.11,268.5
1079,2026/10/01 09:09:29,0,4117.77,100.58,268.5
1080,2026/10/01 09:09:29,500,4118.23,98.55,267.26
1081,2026/10/01 09:09:30,0,4117.77,100.22,267.56
1082,2026/10/01 09:09:30,500,4117.97,102.2,267.6
1083,2026/10/01 09:09:31,0,4118.95,102.94,267.98
1084,2026/10/01 09:09:31,500,4118.37,101.16,268.2
1085,2026/10/01 09:09:32,0,4117.26,99.74,267.92
1086,2026/10/01 09:09:32,500,4119.05,101.11,267.58
1087,2026/10/01 09:09:33,0,4118.07,102.03,268.69
1088,2026/10/01 09:09:33,500,4118.34,96.99,267.65
1089,2026/10/01 09:09:34,0,4118.53,102.22,268.25
1090,2026/10/01 09:09:34,500,4119.36,99.18,267.88
1091,2026/10/01 09:09:35,0,4120.12,99.2,267.87
1092,2026/10/01 09:09:35,500,4118.87,99.47,268.25
1093,2026/10/01 09:09:36,0,4120.37,100.48,268.7
1094,2026/10/01 09:09:36,500,4119.25,98.33,268.09
1095,2026/10/01 09:09:37,0,4120.38,99.57,267.7
1096,2026/10/01 09:09:37,500,4119.55,100.79,268.69
1097,2026/10/01 09:09:38,0,4119.13,100.33,268.21
1098,2026/10/01 09:09:38,500,4121.2,100.57,268.06
1099,2026/10/01 09:09:39,0,4119.32,99.51,268.5
1100,2026/10/01 09:09:39,500,4119.4,101.04,268.16
1101,2026/10/01 09:09:40,0,4119.06,101.58,269.23
1102,2026/10/01 09:09:40,500,4121.21,101.49,268.02
1103,2026/10/01 09:09:41,0,4121.53,100.64,268.6
1104,2026/10/01 09:09:41,500,4120.76,101.41,268.26
1105,2026/10/01 09:09:42,0,4119.8,101.31,268.26
1106,2026/10/01 09:09:42,500,4120.72,104.01,267.87
1107,2026/10/01 09:09:43,0,4120.61,101.83,267.89
1108,2026/10/01 09:09:43,500,4120.16,99.87,268.32
1109,2026/10/01 09:09:44,0,4120.73,98.63,267.65
1110,2026/10/01 09:09:44,500,4121.65,99.61,267.81
1111,2026/10/01 09:09:45,0,4120.9,99.5,268.11
1112,2026/10/01 09:09:45,500,4121.75,100.77,268.73
1113,2026/10/01 09:09:46,0,4120.22,98.95,268.16
1114,2026/10/01 09:09:46,500,4123.12,101.79,268.17
1115,2026/10/01 09:09:47,0,4121.59,97.92,267.61
1116,2026/10/01 09:09:47,500,4122.73,97.55,269.0
1117,2026/10/01 09:09:48,0,4122.31,99.8,268.72
1118,2026/10/01 09:09:48,500,4122.62,98.74,268.78
1119,2026/10/01 09:09:49,0,4121.52,98.11,267.46
1120,2026/10/01 09:09:49,500,4121.94,99.04,268.37
1121,2026/10/01 09:09:50,0,4122.09,98.86,267.73
1122,2026/10/01 09:09:50,500,4122.83,100.02,268.6
1123,2026/10/01 09:09:51,0,4124.0,99.07,268.38
1124,2026/10/01 09:09:51,500,4123.41,99.19,268.49
1125,2026/10/01 09:09:52,0,4122.47,99.99,267.88
1126,2026/10/01 09:09:52,500,4123.39,101.52,267.73
1127,2026/10/01 09:09:53,0,4123.39,102.21,267.94
1128,2026/10/01 09:09:53,500,4123.3,100.22,268.43
1129,2026/10/01 09:09:54,0,4123.69,100.34,268.16
1130,2026/10/01 09:09:54,500,4124.44,99.73,268.42
1131,2026/10/01 09:09:55,0,4123.38,100.72,267.79
1132,2026/10/01 09:09:55,500,4123.81,100.59,268.31
1133,2026/10/01 09:09:56,0,4125.0,101.99,269.02
1134,2026/10/01 09:09:56,500,4124.71,97.17,268.5
1135,2026/10/01 09:09:57,0,4125.49,99.65,268.54
1136,2026/10/01 09:09:57,500,4125.74,100.51,268.55
1137,2026/10/01 09:09:58,0,4123.63,99.96,268.1
1138,2026/10/01 09:09:58,500,4125.07,98.59,269.18
1139,2026/10/01 09:09:59,0,4124.56,98.05,268.56
1140,2026/10/01 09:09:59,500,4124.13,101.21,268.48
1141,2026/10/01 09:10:00,0,4124.58,98.86,268.74
1142,2026/10/01 09:10:00,500,4125.1,97.37,268.88
1143,2026/10/01 09:10:01,0,4125.23,101.28,267.79
1144,2026/10/01 09:10:01,500,4125.1,100.69,268.45
1145,2026/10/01 09:10:02,0,4125.7,99.83,269.55
1146,2026/10/01 09:10:02,500,4127.79,98.63,269.27
1147,2026/10/01 09:10:03,0,4124.58,99.83,268.4
1148,2026/10/01 09:10:03,500,4126.99,101.82,268.83
1149,2026/10/01 09:10:04,0,4126.19,97.58,268.31
1150,2026/10/01 09:10:04,500,4125.98,97.65,268.66
1151,2026/10/01 09:10:05,0,4124.84,99.06,268.26
1152,2026/10/01 09:10:05,500,4127.18,99.96,268.27
1153,2026/10/01 09:10:06,0,4125.54,99.26,268.22
1154,2026/10/01 09:10:06,500,4127.48,100.96,269.36
1155,2026/10/01 09:10:07,0,4128.33,101.63,268.29
1156,2026/10/01 09:10:07,500,4126.04,100.42,269.11
1157,2026/10/01 09:10:08,0,4128.12,100.84,268.34
1158,2026/10/01 09:10:08,500,4127.33,100.41,268.29
1159,2026/10/01 09:10:09,0,4125.75,100.01,268.77
1160,2026/10/01 09:10:09,500,4126.58,98.06,267.93
1161,2026/10/01 09:10:10,0,4127.81,98.46,268.92
1162,2026/10/01 09:10:10,500,4128.11,97.97,268.53
1163,2026/10/01 09:10:11,0,4126.64,99.78,268.33
1164,2026/10/01 09:10:11,500,4128.05,100.35,268.24
1165,2026/10/01 09:10:12,0,4128.81,97.83,269.61
1166,2026/10/01 09:10:12,500,4129.07,100.11,268.62
1167,2026/10/01 09:10:13,0,4128.06,98.69,268.61
1168,2026/10/01 09:10:13,500,4128.86,98.4,269.09
1169,2026/10/01 09:10:14,0,4129.48,99.06,268.24
1170,2026/10/01 09:10:14,500,4129.43,98.32,269.24
1171,2026/10/01 09:10:15,0,4129.58,100.91,268.67
1172,2026/10/01 09:10:15,500,4129.07,99.75,268.0
1173,2026/10/01 09:10:16,0,4129.02,101.22,268.44
1174,2026/10/01 09:10:16,500,4129.44,99.33,268.16
1175,2026/10/01 09:10:17,0,4128.72,99.39,268.76
1176,2026/10/01 09:10:17,500,4130.34,102.81,268.33
1177,2026/10/01 09:10:18,0,4128.35,97.57,268.29
1178,2026/10/01 09:10:18,500,4129.28,101.93,268.9
1179,2026/10/01 09:10:19,0,4129.78,102.48,268.78
1180,2026/10/01 09:10:19,500,4130.3,101.15,269.37
1181,2026/10/01 09:10:20,0,4130.56,99.5,269.36
1182,2026/10/01 09:10:20,500,4131.35,102.14,268.82
1183,2026/10/01 09:10:21,0,4130.33,99.52,269.05
1184,2026/10/01 09:10:21,500,4129.81,98.94,268.1
1185,2026/10/01 09:10:22,0,4130.39,99.42,269.16
1186,2026/10/01 09:10:22,500,4130.36,99.14,269.03
1187,2026/10/01 09:10:23,0,4131.15,98.58,269.31
1188,2026/10/01 09:10:23,500,4130.0,101.67,268.69
1189,2026/10/01 09:10:24,0,4130.83,98.84,268.7
1190,2026/10/01 09:10:24,500,4132.38,99.96,268.72
1191,2026/10/01 09:10:25,0,4131.34,97.83,269.59
1192,2026/10/01 09:10:25,500,4130.47,100.05,269.02
1193,2026/10/01 09:10:26,0,4131.15,98.27,268.14
1194,2026/10/01 09:10:26,500,4129.75,98.23,269.22
1195,2026/10/01 09:10:27,0,4131.61,99.84,268.68
1196,2026/10/01 09:10:27,500,4133.08,101.59,269.46
1197,2026/10/01 09:10:28,0,4130.93,100.66,269.2
1198,2026/10/01 09:10:28,500,4130.83,100.76,269.56
1199,2026/10/01 09:10:29,0,4131.58,99.81,269.46
1200,2026/10/01 09:10:29,500,4132.96,99.5,269.42
1201,2026/10/01 09:10:30,0,4133.7,101.19,269.53
1202,2026/10/01 09:10:30,500,4132.8,99.16,269.38
1203,2026/10/01 09:10:31,0,4131.53,101.25,268.64
1204,2026/10/01 09:10:31,500,4132.65,101.85,268.42
1205,2026/10/01 09:10:32,0,4134.21,98.74,268.59
1206,2026/10/01 09:10:32,500,4132.65,98.96,269.37
1207,2026/10/01 09:10:33,0,4133.12,99.18,267.91
1208,2026/10/01 09:10:33,500,4133.31,97.8,269.02
1209,2026/10/01 09:10:34,0,4131.99,99.3,268.9
1210,2026/10/01 09:10:34,500,4134.14,101.95,269.66
1211,2026/10/01 09:10:35,0,4134.13,98.43,269.0
1212,2026/10/01 09:10:35,500,4131.97,101.99,268.88
1213,2026/10/01 09:10:36,0,4132.61,99.35,269.73
1214,2026/10/01 09:10:36,500,4133.01,103.17,269.04
1215,2026/10/01 09:10:37,0,4134.49,98.98,268.96
1216,2026/10/01 09:10:37,500,4133.4,99.78,268.86
1217,2026/10/01 09:10:38,0,4134.43,98.63,269.25
1218,2026/10/01 09:10:38,500,4134.08,98.97,268.95
1219,2026/10/01 09:10:39,0,4134.39,102.01,268.96
1220,2026/10/01 09:10:39,500,4134.84,100.71,269.86
1221,2026/10/01 09:10:40,0,4134.77,101.54,269.17
1222,2026/10/01 09:10:40,500,4134.64,98.03,268.93
1223,2026/10/01 09:10:41,0,4135.03,100.98,268.67
1224,2026/10/01 09:10:41,500,4135.05,98.54,269.27
1225,2026/10/01 09:10:42,0,4134.82,97.99,268.9
1226,2026/10/01 09:10:42,500,4134.75,100.36,269.01
1227,2026/10/01 09:10:43,0,4136.71,100.34,268.77
1228,2026/10/01 09:10:43,500,4134.96,100.08,269.31
1229,2026/10/01 09:10:44,0,4136.51,101.08,268.57
1230,2026/10/01 09:10:44,500,4134.98,101.31,269.43
1231,2026/10/01 09:10:45,0,4136.28,102.2,268.96
1232,2026/10/01 09:10:45,500,4137.17,98.21,269.6
1233,2026/10/01 09:10:46,0,4135.58,102.25,269.5
1234,2026/10/01 09:10:46,500,4135.42,102.82,269.31
1235,2026/10/01 09:10:47,0,4135.72,99.45,269.69
1236,2026/10/01 09:10:47,500,4136.15,97.5,270.06
1237,2026/10/01 09:10:48,0,4136.53,97.92,269.92
1238,2026/10/01 09:10:48,500,4136.35,99.31,268.64
1239,2026/10/01 09:10:49,0,4136.15,103.02,269.0
1240,2026/10/01 09:10:49,500,4138.15,100.03,269.08
1241,2026/10/01 09:10:50,0,4136.54,99.07,269.64
1242,2026/10/01 09:10:50,500,4136.31,98.97,269.07
1243,2026/10/01 09:10:51,0,4137.57,98.02,269.06
1244,2026/10/01 09:10:51,500,4137.69,101.31,268.98
1245,2026/10/01 09:10:52,0,4138.25,99.86,269.51
1246,2026/10/01 09:10:52,500,4138.76,103.15,269.69
1247,2026/10/01 09:10:53,0,4137.6,100.94,268.77
1248,2026/10/01 09:10:53,500,4137.2,101.24,269.13
1249,2026/10/01 09:10:54,0,4136.01,99.64,268.45
1250,2026/10/01 09:10:54,500,4136.89,98.36,268.21
1251,2026/10/01 09:10:55,0,4137.91,98.69,269.66
1252,2026/10/01 09:10:55,500,4136.9,97.95,269.58
1253,2026/10/01 09:10:56,0,4136.68,101.37,269.52
1254,2026/10/01 09:10:56,500,4138.11,99.42,270.23
1255,2026/10/01 09:10:57,0,4138.78,101.43,268.61
1256,2026/10/01 09:10:57,500,4138.06,100.2,268.42
1257,2026/10/01 09:10:58,0,4139.08,99.56,268.91
1258,2026/10/01 09:10:58,500,4138.96,98.25,268.42
1259,2026/10/01 09:10:59,0,4139.49,100.45,269.18
1260,2026/10/01 09:10:59,500,4140.41,99.67,269.78
1261,2026/10/01 09:11:00,0,4140.86,101.35,269.65
1262,2026/10/01 09:11:00,500,4139.46,98.93,270.02
1263,2026/10/01 09:11:01,0,4138.61,100.92,269.7
1264,2026/10/01 09:11:01,500,4139.13,102.46,269.33
1265,2026/10/01 09:11:02,0,4140.44,100.41,269.27
1266,2026/10/01 09:11:02,500,4138.57,101.18,269.76
1267,2026/10/01 09:11:03,0,4140.54,100.86,268.79
1268,2026/10/01 09:11:03,500,4139.35,102.85,267.97
1269,2026/10/01 09:11:04,0,4139.76,100.56,269.77
1270,2026/10/01 09:11:04,500,4139.04,101.05,269.7
1271,2026/10/01 09:11:05,0,4138.72,99.95,270.37
1272,2026/10/01 09:11:05,500,4139.66,98.84,269.95
1273,2026/10/01 09:11:06,0,4141.03,98.19,269.76
1274,2026/10/01 09:11:06,500,4139.52,101.9,269.46
1275,2026/10/01 09:11:07,0,4141.47,98.49,269.22
1276,2026/10/01 09:11:07,500,4139.83,101.12,269.49
1277,2026/10/01 09:11:08,0,4139.53,100.62,270.12
1278,2026/10/01 09:11:08,500,4140.69,101.38,269.88
1279,2026/10/01 09:11:09,0,4141.12,99.23,270.13
1280,2026/10/01 09:11:09,500,4140.83,98.81,269.72
1281,2026/10/01 09:11:10,0,4140.9,100.57,269.23
1282,2026/10/01 09:11:10,500,4142.16,99.56,270.26
1283,2026/10/01 09:11:11,0,4141.05,98.15,270.23
1284,2026/10/01 09:11:11,500,4140.7,102.91,269.79
1285,2026/10/01 09:11:12,0,4140.27,98.81,269.99
1286,2026/10/01 09:11:12,500,4142.29,98.51,269.97
1287,2026/10/01 09:11:13,0,4141.03,99.64,269.49
1288,2026/10/01 09:11:13,500,4141.2,101.88,269.61
1289,2026/10/01 09:11:14,0,4142.4,96.75,269.29
1290,2026/10/01 09:11:14,500,4143.3,101.75,269.62
1291,2026/10/01 09:11:15,0,4141.96,98.63,270.28
1292,2026/10/01 09:11:15,500,4141.75,100.4,270.19
1293,2026/10/01 09:11:16,0,4141.95,98.99,270.06
1294,2026/10/01 09:11:16,500,4141.68,102.99,270.27
1295,2026/10/01 09:11:17,0,4141.86,100.19,269.61
1296,2026/10/01 09:11:17,500,4141.96,98.94,269.22
1297,2026/10/01 09:11:18,0,4143.07,99.55,269.73
1298,2026/10/01 09:11:18,500,4142.36,100.13,269.78
1299,2026/10/01 09:11:19,0,4143.62,100.27,270.17
1300,2026/10/01 09:11:19,500,4142.53,100.66,270.09
1301,2026/10/01 09:11:20,0,4142.43,100.0,270.35
1302,2026/10/01 09:11:20,500,4143.84,97.93,268.85
1303,2026/10/01 09:11:21,0,4142.93,99.49,269.46
1304,2026/10/01 09:11:21,500,4142.91,100.91,269.83
1305,2026/10/01 09:11:22,0,4143.13,99.0,270.12
1306,2026/10/01 09:11:22,500,4144.37,101.01,270.94
1307,2026/10/01 09:11:23,0,4143.54,100.05,269.41
1308,2026/10/01 09:11:23,500,4144.38,99.67,269.55
1309,2026/10/01 09:11:24,0,4143.29,101.79,269.7
1310,2026/10/01 09:11:24,500,4144.44,97.39,269.55
1311,2026/10/01 09:11:25,0,4143.86,98.99,269.49
1312,2026/10/01 09:11:25,500,4144.47,101.85,269.96
1313,2026/10/01 09:11:26,0,4144.63,102.75,270.44
1314,2026/10/01 09:11:26,500,4143.19,103.43,270.02
1315,2026/10/01 09:11:27,0,4144.1,100.08,269.53
1316,2026/10/01 09:11:27,500,4144.9,100.69,269.87
1317,2026/10/01 09:11:28,0,4145.12,101.23,269.46
1318,2026/10/01 09:11:28,500,4145.32,101.91,270.48
1319,2026/10/01 09:11:29,0,4144.5,100.47,270.73
1320,2026/10/01 09:11:29,500,4145.74,101.39,269.21
1321,2026/10/01 09:11:30,0,4144.07,100.69,270.13
1322,2026/10/01 09:11:30,500,4143.49,100.78,269.63
1323,2026/10/01 09:11:31,0,4144.56,98.62,270.06
1324,2026/10/01 09:11:31,500,4145.83,99.51,270.0
1325,2026/10/01 09:11:32,0,4144.1,99.22,269.38
1326,2026/10/01 09:11:32,500,4143.88,98.22,270.66
1327,2026/10/01 09:11:33,0,4143.77,97.52,269.99
1328,2026/10/01 09:11:33,500,4145.83,99.36,269.84
1329,2026/10/01 09:11:34,0,4144.17,99.6,270.14
1330,2026/10/01 09:11:34,500,4145.86,100.16,269.65
1331,2026/10/01 09:11:35,0,4145.25,100.83,270.0
1332,2026/10/01 09:11:35,500,4144.99,100.28,269.19
1333,2026/10/01 09:11:36,0,4144.9,99.61,268.93
1334,2026/10/01 09:11:36,500,4145.95,98.63,269.64
1335,2026/10/01 09:11:37,0,4145.27,101.32,269.86
1336,2026/10/01 09:11:37,500,4145.96,99.85,269.26
1337,2026/10/01 09:11:38,0,4146.38,99.35,269.9
1338,2026/10/01 09:11:38,500,4146.64,99.72,269.89
1339,2026/10/01 09:11:39,0,4146.98,98.9,270.13
1340,2026/10/01 09:11:39,500,4146.46,99.2,270.48
1341,2026/10/01 09:11:40,0,4145.57,99.16,271.03
1342,2026/10/01 09:11:40,500,4146.88,99.57,270.4
1343,2026/10/01 09:11:41,0,4147.12,100.98,269.7
1344,2026/10/01 09:11:41,500,4146.54,100.61,270.54
1345,2026/10/01 09:11:42,0,4146.54,102.32,270.91
1346,2026/10/01 09:11:42,500,4148.84,101.82,269.66
1347,2026/10/01 09:11:43,0,4145.91,102.93,269.7
1348,2026/10/01 09:11:43,500,4147.43,100.84,269.53
1349,2026/10/01 09:11:44,0,4147.96,100.81,269.96
1350,2026/10/01 09:11:44,500,4146.94,99.27,270.44
1351,2026/10/01 09:11:45,0,4147.17,101.24,271.0
1352,2026/10/01 09:11:45,500,4147.07,99.02,270.71
1353,2026/10/01 09:11:46,0,4147.48,97.79,270.47
1354,2026/10/01 09:11:46,500,4148.28,102.29,270.31
1355,2026/10/01 09:11:47,0,4147.49,98.13,270.49
1356,2026/10/01 09:11:47,500,4150.23,100.66,270.53
1357,2026/10/01 09:11:48,0,4147.46,98.68,270.96
1358,2026/10/01 09:11:48,500,4149.01,101.69,270.31
1359,2026/10/01 09:11:49,0,4148.43,101.89,270.46
1360,2026/10/01 09:11:49,500,4148.17,100.79,270.13
1361,2026/10/01 09:11:50,0,4149.35,101.87,270.4
1362,2026/10/01 09:11:50,500,4146.98,100.01,270.22
1363,2026/10/01 09:11:51,0,4148.68,103.35,269.76
1364,2026/10/01 09:11:51,500,4147.86,101.12,270.8
1365,2026/10/01 09:11:52,0,4148.17,98.65,271.12
1366,2026/10/01 09:11:52,500,4148.22,100.1,270.36
1367,2026/10/01 09:11:53,0,4147.92,99.77,270.56
1368,2026/10/01 09:11:53,500,4147.45,99.62,270.83
1369,2026/10/01 09:11:54,0,4149.17,97.51,270.33
1370,2026/10/01 09:11:54,500,4148.89,100.58,270.51
1371,2026/10/01 09:11:55,0,4148.79,97.92,270.31
1372,2026/10/01 09:11:55,500,4149.72,96.21,270.15
1373,2026/10/01 09:11:56,0,4149.56,99.48,270.7
1374,2026/10/01 09:11:56,500,4149.07,98.87,270.7
1375,2026/10/01 09:11:57,0,4151.81,98.71,270.91
1376,2026/10/01 09:11:57,500,4150.27,95.35,270.46
1377,2026/10/01 09:11:58,0,4151.49,98.72,269.87
1378,2026/10/01 09:11:58,500,4149.29,99.74,271.03
1379,2026/10/01 09:11:59,0,4149.9,99.05,270.12
1380,2026/10/01 09:11:59,500,4148.8,100.58,270.12
1381,2026/10/01 09:12:00,0,4149.61,102.09,270.23
1382,2026/10/01 09:12:00,500,4149.49,100.77,269.64
1383,2026/10/01 09:12:01,0,4152.43,101.54,270.41
1384,2026/10/01 09:12:01,500,4149.57,101.66,270.83
1385,2026/10/01 09:12:02,0,4150.02,98.47,270.32
1386,2026/10/01 09:12:02,500,4149.12,100.66,271.21
1387,2026/10/01 09:12:03,0,4150.8,101.49,271.19
1388,2026/10/01 09:12:03,500,4149.73,99.35,271.0
1389,2026/10/01 09:12:04,0,4151.27,98.81,269.6
1390,2026/10/01 09:12:04,500,4149.19,100.8,271.29
1391,2026/10/01 09:12:05,0,4150.6,97.78,270.46
1392,2026/10/01 09:12:05,500,4149.3,98.37,271.43
1393,2026/10/01 09:12:06,0,4150.47,99.0,270.29
1394,2026/10/01 09:12:06,500,4150.72,100.68,270.53
1395,2026/10/01 09:12:07,0,4150.55,100.33,270.66
1396,2026/10/01 09:12:07,500,4150.71,101.55,270.15
1397,2026/10/01 09:12:08,0,4151.97,98.62,269.82
1398,2026/10/01 09:12:08,500,4153.01,98.54,269.44
1399,2026/10/01 09:12:09,0,4151.62,100.79,272.12
1400,2026/10/01 09:12:09,500,4150.75,98.8,269.82
1401,2026/10/01 09:12:10,0,4151.57,99.09,269.83
1402,2026/10/01 09:12:10,500,4151.31,97.21,270.95
1403,2026/10/01 09:12:11,0,4152.39,100.44,269.96
1404,2026/10/01 09:12:11,500,4151.99,102.31,269.88
1405,2026/10/01 09:12:12,0,4150.57,98.46,269.25
1406,2026/10/01 09:12:12,500,4152.79,101.53,270.84
1407,2026/10/01 09:12:13,0,4152.77,99.91,270.17
1408,2026/10/01 09:12:13,500,4153.27,97.35,271.03
1409,2026/10/01 09:12:14,0,4151.74,98.66,270.68
1410,2026/10/01 09:12:14,500,4152.48,98.57,270.77
1411,2026/10/01 09:12:15,0,4151.37,99.53,270.51
1412,2026/10/01 09:12:15,500,4152.35,100.63,270.61
1413,2026/10/01 09:12:16,0,4152.79,102.77,270.3
1414,2026/10/01 09:12:16,500,4152.04,97.85,270.36
1415,2026/10/01 09:12:17,0,4152.91,99.27,270.22
1416,2026/10/01 09:12:17,500,4152.85,98.66,271.53
1417,2026/10/01 09:12:18,0,4152.43,98.1,270.58
1418,2026/10/01 09:12:18,500,4153.99,100.14,269.66
1419,2026/10/01 09:12:19,0,4152.76,100.0,270.93
1420,2026/10/01 09:12:19,500,4153.13,97.28,270.4
1421,2026/10/01 09:12:20,0,4151.93,100.03,270.79
1422,2026/10/01 09:12:20,500,4153.6,98.19,270.69
1423,2026/10/01 09:12:21,0,4152.88,100.02,271.57
1424,2026/10/01 09:12:21,500,4154.1,101.9,270.64
1425,2026/10/01 09:12:22,0,4152.37,100.69,271.25
1426,2026/10/01 09:12:22,500,4153.84,100.27,271.21
1427,2026/10/01 09:12:23,0,4151.82,99.21,270.17
1428,2026/10/01 09:12:23,500,4154.14,100.1,270.96
1429,2026/10/01 09:12:24,0,4153.58,100.84,270.49
1430,2026/10/01 09:12:24,500,4154.12,100.7,270.28
1431,2026/10/01 09:12:25,0,4153.4,99.85,270.29
1432,2026/10/01 09:12:25,500,4153.2,100.33,271.31
1433,2026/10/01 09:12:26,0,4153.68,98.03,272.23
1434,2026/10/01 09:12:26,500,4154.26,98.9,270.51
1435,2026/10/01 09:12:27,0,4154.65,101.06,271.03
1436,2026/10/01 09:12:27,500,4154.5,101.26,271.08
1437,2026/10/01 09:12:28,0,4153.59,100.14,270.67
1438,2026/10/01 09:12:28,500,4155.88,102.22,271.65
1439,2026/10/01 09:12:29,0,4154.76,100.76,272.05
1440,2026/10/01 09:12:29,500,4154.07,99.65,270.66
1441,2026/10/01 09:12:30,0,4154.98,98.17,271.83
1442,2026/10/01 09:12:30,500,4154.92,102.16,270.7
1443,2026/10/01 09:12:31,0,4154.65,101.16,270.49
1444,2026/10/01 09:12:31,500,4154.63,102.7,270.92
1445,2026/10/01 09:12:32,0,4155.73,103.25,271.43
1446,2026/10/01 09:12:32,500,4156.4,98.07,270.95
1447,2026/10/01 09:12:33,0,4153.46,98.07,271.38
1448,2026/10/01 09:12:33,500,4156.15,95.71,271.13
1449,2026/10/01 09:12:34,0,4155.26,101.38,271.7
1450,2026/10/01 09:12:34,500,4155.51,100.98,271.3
1451,2026/10/01 09:12:35,0,4156.47,100.15,271.8
1452,2026/10/01 09:12:35,500,4153.34,98.16,270.62
1453,2026/10/01 09:12:36,0,4156.19,99.87,270.95
1454,2026/10/01 09:12:36,500,4156.64,100.28,271.06
1455,2026/10/01 09:12:37,0,4155.14,101.17,270.64
1456,2026/10/01 09:12:37,500,4154.65,100.41,270.57
1457,2026/10/01 09:12:38,0,4157.15,101.0,271.27
1458,2026/10/01 09:12:38,500,4154.5,99.81,271.42
1459,2026/10/01 09:12:39,0,4156.32,101.77,271.16
1460,2026/10/01 09:12:39,500,4156.87,100.95,271.64
1461,2026/10/01 09:12:40,0,4156.45,98.22,270.56
1462,2026/10/01 09:12:40,500,4156.65,102.08,270.93
1463,2026/10/01 09:12:41,0,4156.06,101.84,270.54
1464,2026/10/01 09:12:41,500,4156.72,100.7,271.21
1465,2026/10/01 09:12:42,0,4155.85,100.42,271.39
1466,2026/10/01 09:12:42,500,4156.03,102.49,271.82
1467,2026/10/01 09:12:43,0,4156.59,97.55,270.57
1468,2026/10/01 09:12:43,500,4155.41,101.86,271.35
1469,2026/10/01 09:12:44,0,4157.17,99.29,271.89
1470,2026/10/01 09:12:44,500,4154.8,101.64,270.68
1471,2026/10/01 09:12:45,0,4157.14,100.18,270.57
1472,2026/10/01 09:12:45,500,4157.29,98.14,270.46
1473,2026/10/01 09:12:46,0,4156.36,99.26,271.51
1474,2026/10/01 09:12:46,500,4156.08,101.53,270.85
1475,2026/10/01 09:12:47,0,4156.81,99.68,271.46
1476,2026/10/01 09:12:47,500,4157.72,99.07,271.12
1477,2026/10/01 09:12:48,0,4157.56,99.06,272.13
1478,2026/10/01 09:12:48,500,4156.46,100.96,271.63
1479,2026/10/01 09:12:49,0,4157.51,102.63,270.84
1480,2026/10/01 09:12:49,500,4157.71,96.79,271.1
1481,2026/10/01 09:12:50,0,4157.74,104.2,271.65
1482,2026/10/01 09:12:50,500,4156.85,100.31,270.73
1483,2026/10/01 09:12:51,0,4157.83,100.87,271.87
1484,2026/10/01 09:12:51,500,4158.51,99.35,271.16
1485,2026/10/01 09:12:52,0,4158.28,99.99,271.69
1486,2026/10/01 09:12:52,500,4158.25,100.29,271.2
1487,2026/10/01 09:12:53,0,4159.3,98.43,271.04
1488,2026/10/01 09:12:53,500,4158.19,98.79,270.97
1489,2026/10/01 09:12:54,0,4157.45,101.78,272.18
1490,2026/10/01 09:12:54,500,4157.53,97.67,271.18
1491,2026/10/01 09:12:55,0,4158.41,100.66,272.87
1492,2026/10/01 09:12:55,500,4157.19,99.44,271.42
1493,2026/10/01 09:12:56,0,4158.16,98.56,270.92
1494,2026/10/01 09:12:56,500,4158.85,102.96,270.56
1495,2026/10/01 09:12:57,0,4159.48,98.57,271.98
1496,2026/10/01 09:12:57,500,4157.38,98.3,271.27
1497,2026/10/01 09:12:58,0,4158.76,99.72,271.79
1498,2026/10/01 09:12:58,500,4158.7,98.85,272.54
1499,2026/10/01 09:12:59,0,4158.85,100.01,271.72
1500,2026/10/01 09:12:59,500,4159.0,100.23,271.57
1501,2026/10/01 09:13:00,0,4158.93,100.35,272.02
1502,2026/10/01 09:13:00,500,4160.14,99.81,271.81
1503,2026/10/01 09:13:01,0,4160.09,98.95,270.79
1504,2026/10/01 09:13:01,500,4160.88,100.97,272.09
1505,2026/10/01 09:13:02,0,4159.22,99.83,271.41
1506,2026/10/01 09:13:02,500,4158.97,99.26,272.21
1507,2026/10/01 09:13:03,0,4158.59,102.22,271.7
1508,2026/10/01 09:13:03,500,4159.02,99.82,272.05
1509,2026/10/01 09:13:04,0,4160.07,101.64,271.35
1510,2026/10/01 09:13:04,500,4160.26,101.84,270.71
1511,2026/10/01 09:13:05,0,4160.18,101.93,271.76
1512,2026/10/01 09:13:05,500,4159.17,101.04,271.97
1513,2026/10/01 09:13:06,0,4159.24,100.0,271.21
1514,2026/10/01 09:13:06,500,4161.4,99.9,271.4
1515,2026/10/01 09:13:07,0,4159.24,99.63,270.4
1516,2026/10/01 09:13:07,500,4161.1,96.75,271.43
1517,2026/10/01 09:13:08,0,4160.36,101.08,270.89
1518,2026/10/01 09:13:08,500,4159.52,100.37,271.78
1519,2026/10/01 09:13:09,0,4159.22,101.24,271.7
1520,2026/10/01 09:13:09,500,4159.69,99.82,271.55
1521,2026/10/01 09:13:10,0,4160.64,101.0,272.21
1522,2026/10/01 09:13:10,500,4159.64,97.93,271.67
1523,2026/10/01 09:13:11,0,4161.68,98.25,271.66
1524,2026/10/01 09:13:11,500,4160.33,96.29,271.73
1525,2026/10/01 09:13:12,0,4161.13,99.8,271.28
1526,2026/10/01 09:13:12,500,4161.13,98.84,272.08
1527,2026/10/01 09:13:13,0,4162.0,98.64,271.13
1528,2026/10/01 09:13:13,500,4160.41,100.5,271.81
1529,2026/10/01 09:13:14,0,4160.91,99.36,272.21
1530,2026/10/01 09:13:14,500,4159.77,97.85,271.1
1531,2026/10/01 09:13:15,0,4161.04,103.82,270.95
1532,2026/10/01 09:13:15,500,4161.94,99.94,271.1
1533,2026/10/01 09:13:16,0,4161.26,98.38,272.54
1534,2026/10/01 09:13:16,500,4163.0,99.0,271.33
1535,2026/10/01 09:13:17,0,4161.63,99.74,271.04
1536,2026/10/01 09:13:17,500,4160.85,99.74,271.84
1537,2026/10/01 09:13:18,0,4161.71,101.95,270.3
1538,2026/10/01 09:13:18,500,4160.24,99.88,271.19
1539,2026/10/01 09:13:19,0,4160.84,102.78,272.38
1540,2026/10/01 09:13:19,500,4160.57,99.35,271.2
1541,2026/10/01 09:13:20,0,4161.62,100.64,271.56
1542,2026/10/01 09:13:20,500,4161.62,101.53,271.84
1543,2026/10/01 09:13:21,0,4162.7,101.79,271.85
1544,2026/10/01 09:13:21,500,4161.72,101.97,271.44
1545,2026/10/01 09:13:22,0,4161.06,99.59,271.99
1546,2026/10/01 09:13:22,500,4163.17,99.99,272.44
1547,2026/10/01 09:13:23,0,4159.63,96.28,271.2
1548,2026/10/01 09:13:23,500,4162.08,99.71,271.49
1549,2026/10/01 09:13:24,0,4162.29,101.64,271.69
1550,2026/10/01 09:13:24,500,4162.17,101.35,272.1
1551,2026/10/01 09:13:25,0,4162.64,99.87,271.77
1552,2026/10/01 09:13:25,500,4162.39,102.55,271.7
1553,2026/10/01 09:13:26,0,4162.76,99.42,270.99
1554,2026/10/01 09:13:26,500,4161.95,98.93,271.21
1555,2026/10/01 09:13:27,0,4161.32,99.3,271.88
1556,2026/10/01 09:13:27,500,4162.52,98.32,271.53
1557,2026/10/01 09:13:28,0,4161.79,100.93,271.63
1558,2026/10/01 09:13:28,500,4162.09,100.43,271.77
1559,2026/10/01 09:13:29,0,4163.67,100.91,272.98
1560,2026/10/01 09:13:29,500,4164.05,99.38,271.57
1561,2026/10/01 09:13:30,0,4163.78,99.91,272.52
1562,2026/10/01 09:13:30,500,4163.69,96.73,272.49
1563,2026/10/01 09:13:31,0,4163.03,100.56,272.24
1564,2026/10/01 09:13:31,500,4163.86,100.15,271.42
1565,2026/10/01 09:13:32,0,4163.39,98.35,271.92
1566,2026/10/01 09:13:32,500,4164.73,99.84,271.66
1567,2026/10/01 09:13:33,0,4162.5,99.61,272.87
1568,2026/10/01 09:13:33,500,4163.83,102.65,272.08
1569,2026/10/01 09:13:34,0,4162.34,98.41,271.77
1570,2026/10/01 09:13:34,500,4163.96,100.5,272.78
1571,2026/10/01 09:13:35,0,4162.1,98.36,271.72
1572,2026/10/01 09:13:35,500,4162.57,99.16,272.17
1573,2026/10/01 09:13:36,0,4162.57,100.42,272.26
1574,2026/10/01 09:13:36,500,4163.86,99.68,272.09
1575,2026/10/01 09:13:37,0,4164.0,99.99,271.87
1576,2026/10/01 09:13:37,500,4165.74,100.5,272.34
1577,2026/10/01 09:13:38,0,4163.77,99.26,271.62
1578,2026/10/01 09:13:38,500,4164.52,101.33,272.5
1579,2026/10/01 09:13:39,0,4164.09,99.54,271.81
1580,2026/10/01 09:13:39,500,4164.57,99.85,272.62
1581,2026/10/01 09:13:40,0,4164.2,100.54,272.48
1582,2026/10/01 09:13:40,500,4165.02,100.34,272.24
1583,2026/10/01 09:13:41,0,4163.36,100.97,271.93
1584,2026/10/01 09:13:41,500,4162.3,100.48,272.53
1585,2026/10/01 09:13:42,0,4164.65,100.7,272.27
1586,2026/10/01 09:13:42,500,4162.93,99.51,270.38
1587,2026/10/01 09:13:43,0,4165.49,98.4,271.59
1588,2026/10/01 09:13:43,500,4164.06,97.86,272.09
1589,2026/10/01 09:13:44,0,4163.73,97.49,272.15
1590,2026/10/01 09:13:44,500,4166.78,102.64,272.37
1591,2026/10/01 09:13:45,0,4164.66,96.68,272.8
1592,2026/10/01 09:13:45,500,4164.57,101.79,272.33
1593,2026/10/01 09:13:46,0,4165.39,98.77,271.0
1594,2026/10/01 09:13:46,500,4165.5,101.78,272.14
1595,2026/10/01 09:13:47,0,4165.82,96.7,272.66
1596,2026/10/01 09:13:47,500,4163.9,99.65,272.11
1597,2026/10/01 09:13:48,0,4165.45,102.18,272.17
1598,2026/10/01 09:13:48,500,4164.85,101.07,271.83
1599,2026/10/01 09:13:49,0,4164.41,99.49,272.55
1600,2026/10/01 09:13:49,500,4165.24,97.09,271.91
1601,2026/10/01 09:13:50,0,4163.81,98.02,272.39
1602,2026/10/01 09:13:50,500,4166.05,102.08,272.31
1603,2026/10/01 09:13:51,0,4165.14,99.48,272.13
1604,2026/10/01 09:13:51,500,4165.05,99.89,272.35
1605,2026/10/01 09:13:52,0,4165.38,100.43,272.22
1606,2026/10/01 09:13:52,500,4165.41,98.05,272.76
1607,2026/10/01 09:13:53,0,4166.52,100.61,272.47
1608,2026/10/01 09:13:53,500,4164.78,99.37,272.66
1609,2026/10/01 09:13:54,0,4165.41,100.44,271.76
1610,2026/10/01 09:13:54,500,4165.6,99.13,271.74
1611,2026/10/01 09:13:55,0,4164.98,97.64,272.19
1612,2026/10/01 09:13:55,500,4166.02,99.36,272.54
1613,2026/10/01 09:13:56,0,4165.37,100.96,272.44
1614,2026/10/01 09:13:56,500,4164.88,100.59,271.8
1615,2026/10/01 09:13:57,0,4166.48,100.05,272.57
1616,2026/10/01 09:13:57,500,4167.35,101.35,271.88
1617,2026/10/01 09:13:58,0,4166.21,99.69,272.53
1618,2026/10/01 09:13:58,500,4166.15,100.08,272.35
1619,2026/10/01 09:13:59,0,4166.19,99.28,272.1
1620,2026/10/01 09:13:59,500,4165.93,101.43,271.95
1621,2026/10/01 09:14:00,0,4167.33,100.44,272.29
1622,2026/10/01 09:14:00,500,4166.53,99.16,272.27
1623,2026/10/01 09:14:01,0,4164.77,97.77,271.71
1624,2026/10/01 09:14:01,500,4167.52,101.66,272.54
1625,2026/10/01 09:14:02,0,4167.38,98.88,272.83
1626,2026/10/01 09:14:02,500,4167.16,100.11,272.69
1627,2026/10/01 09:14:03,0,4164.53,103.53,272.42
1628,2026/10/01 09:14:03,500,4166.78,101.2,272.04
1629,2026/10/01 09:14:04,0,4167.56,102.42,272.34
1630,2026/10/01 09:14:04,500,4167.2,99.19,272.22
1631,2026/10/01 09:14:05,0,4167.12,101.61,272.35
1632,2026/10/01 09:14:05,500,4167.72,100.04,272.76
1633,2026/10/01 09:14:06,0,4167.17,100.55,272.25
1634,2026/10/01 09:14:06,500,4168.08,103.03,271.39
1635,2026/10/01 09:14:07,0,4167.3,99.58,272.71
1636,2026/10/01 09:14:07,500,4167.29,100.03,272.52
1637,2026/10/01 09:14:08,0,4168.0,98.65,272.4
1638,2026/10/01 09:14:08,500,4167.02,101.33,271.75
1639,2026/10/01 09:14:09,0,4166.51,99.16,271.92
1640,2026/10/01 09:14:09,500,4167.45,101.53,271.99
1641,2026/10/01 09:14:10,0,4167.97,97.53,272.06
1642,2026/10/01 09:14:10,500,4168.29,100.82,272.11
1643,2026/10/01 09:14:11,0,4168.35,99.03,271.77
1644,2026/10/01 09:14:11,500,4167.61,101.1,273.45
1645,2026/10/01 09:14:12,0,4167.58,99.98,273.13
1646,2026/10/01 09:14:12,500,4167.29,99.2,272.52
1647,2026/10/01 09:14:13,0,4168.02,99.42,272.37
1648,2026/10/01 09:14:13,500,4166.56,98.72,273.31
1649,2026/10/01 09:14:14,0,4167.95,101.26,273.21
1650,2026/10/01 09:14:14,500,4170.26,98.43,272.04
1651,2026/10/01 09:14:15,0,4166.83,99.6,272.54
1652,2026/10/01 09:14:15,500,4168.21,100.52,272.33
1653,2026/10/01 09:14:16,0,4168.44,102.42,272.29
1654,2026/10/01 09:14:16,500,4168.6,99.99,272.35
1655,2026/10/01 09:14:17,0,4167.48,99.64,272.4
1656,2026/10/01 09:14:17,500,4168.71,100.41,272.55
1657,2026/10/01 09:14:18,0,4167.93,96.89,272.56
1658,2026/10/01 09:14:18,500,4167.26,98.2,273.18
1659,2026/10/01 09:14:19,0,4169.22,99.44,272.06
1660,2026/10/01 09:14:19,500,4169.04,98.93,272.95
1661,2026/10/01 09:14:20,0,4167.79,97.6,271.94
1662,2026/10/01 09:14:20,500,4168.18,101.29,272.6
1663,2026/10/01 09:14:21,0,4168.2,100.39,273.01
1664,2026/10/01 09:14:21,500,4167.41,100.21,272.78
1665,2026/10/01 09:14:22,0,4169.38,98.96,272.34
1666,2026/10/01 09:14:22,500,4169.47,100.12,272.65
1667,2026/10/01 09:14:23,0,4168.61,100.77,273.34
1668,2026/10/01 09:14:23,500,4168.91,99.6,272.23
1669,2026/10/01 09:14:24,0,4169.07,100.67,272.81
1670,2026/10/01 09:14:24,500,4169.23,98.81,273.02
1671,2026/10/01 09:14:25,0,4168.01,100.15,272.35
1672,2026/10/01 09:14:25,500,4169.53,101.71,273.41
1673,2026/10/01 09:14:26,0,4168.25,101.85,273.59
1674,2026/10/01 09:14:26,500,4169.78,101.99,273.11
1675,2026/10/01 09:14:27,0,4168.44,100.43,273.11
1676,2026/10/01 09:14:27,500,4168.3,100.05,271.71
1677,2026/10/01 09:14:28,0,4169.37,99.33,271.92
1678,2026/10/01 09:14:28,500,4169.4,97.29,272.54
1679,2026/10/01 09:14:29,0,4169.58,97.98,272.26
1680,2026/10/01 09:14:29,500,4168.83,99.75,272.91
1681,2026/10/01 09:14:30,0,4169.76,99.84,271.18
1682,2026/10/01 09:14:30,500,4169.88,102.12,272.92
1683,2026/10/01 09:14:31,0,4170.63,101.97,272.53
1684,2026/10/01 09:14:31,500,4169.89,98.97,272.35
1685,2026/10/01 09:14:32,0,4169.32,101.23,273.58
1686,2026/10/01 09:14:32,500,4168.77,99.28,272.48
1687,2026/10/01 09:14:33,0,4168.67,101.02,271.83
1688,2026/10/01 09:14:33,500,4170.21,101.21,272.87
1689,2026/10/01 09:14:34,0,4170.63,101.86,272.84
1690,2026/10/01 09:14:34,500,4169.34,99.26,272.57
1691,2026/10/01 09:14:35,0,4170.3,101.52,273.84
1692,2026/10/01 09:14:35,500,4170.01,97.19,272.77
1693,2026/10/01 09:14:36,0,4170.77,101.94,273.18
1694,2026/10/01 09:14:36,500,4170.94,99.96,272.84
1695,2026/10/01 09:14:37,0,4168.48,99.99,273.32
1696,2026/10/01 09:14:37,500,4171.17,96.94,272.53
1697,2026/10/01 09:14:38,0,4170.6,99.42,272.17
1698,2026/10/01 09:14:38,500,4170.02,102.03,273.09
1699,2026/10/01 09:14:39,0,4170.09,99.36,272.86
1700,2026/10/01 09:14:39,500,4170.57,101.07,273.12
1701,2026/10/01 09:14:40,0,4170.19,100.05,272.42
1702,2026/10/01 09:14:40,500,4169.89,101.59,272.97
1703,2026/10/01 09:14:41,0,4170.12,100.29,271.94
1704,2026/10/01 09:14:41,500,4169.91,98.6,272.5
1705,2026/10/01 09:14:42,0,4171.86,100.08,272.4
1706,2026/10/01 09:14:42,500,4170.88,102.4,273.0
1707,2026/10/01 09:14:43,0,4172.69,100.75,272.52
1708,2026/10/01 09:14:43,500,4171.23,99.83,272.08
1709,2026/10/01 09:14:44,0,4171.45,103.38,272.49
1710,2026/10/01 09:14:44,500,4170.18,101.74,273.08
1711,2026/10/01 09:14:45,0,4170.9,101.23,272.85
1712,2026/10/01 09:14:45,500,4171.18,100.48,272.42
1713,2026/10/01 09:14:46,0,4170.66,101.1,273.22
1714,2026/10/01 09:14:46,500,4170.85,101.14,273.59
1715,2026/10/01 09:14:47,0,4171.61,96.73,273.26
1716,2026/10/01 09:14:47,500,4171.67,100.59,271.66
1717,2026/10/01 09:14:48,0,4170.3,99.76,272.94
1718,2026/10/01 09:14:48,500,4171.64,99.25,272.76
1719,2026/10/01 09:14:49,0,4171.9,99.71,271.81
1720,2026/10/01 09:14:49,500,4171.04,97.67,272.19
1721,2026/10/01 09:14:50,0,4171.0,97.29,273.24
1722,2026/10/01 09:14:50,500,4171.96,101.87,272.94
1723,2026/10/01 09:14:51,0,4169.59,100.69,272.9
1724,2026/10/01 09:14:51,500,4171.7,96.38,272.54
1725,2026/10/01 09:14:52,0,4173.05,99.14,273.41
1726,2026/10/01 09:14:52,500,4169.71,101.32,272.26
1727,2026/10/01 09:14:53,0,4172.5,99.58,272.44
1728,2026/10/01 09:14:53,500,4172.32,101.87,272.73
1729,2026/10/01 09:14:54,0,4170.78,101.57,272.13
1730,2026/10/01 09:14:54,500,4172.4,97.96,272.46
1731,2026/10/01 09:14:55,0,4172.83,99.79,273.43
1732,2026/10/01 09:14:55,500,4171.13,99.33,272.49
1733,2026/10/01 09:14:56,0,4171.55,97.92,273.31
1734,2026/10/01 09:14:56,500,4172.19,97.82,273.24
1735,2026/10/01 09:14:57,0,4172.99,98.79,272.84
1736,2026/10/01 09:14:57,500,4171.83,99.04,272.22
1737,2026/10/01 09:14:58,0,4172.27,100.42,272.97
1738,2026/10/01 09:14:58,500,4171.82,101.57,271.89
1739,2026/10/01 09:14:59,0,4172.42,100.77,272.69
1740,2026/10/01 09:14:59,500,4173.28,101.13,273.08
1741,2026/10/01 09:15:00,0,4170.56,-0.4,273.37
1742,2026/10/01 09:15:00,500,4168.24,0.9,272.84
1743,2026/10/01 09:15:01,0,4166.55,-0.22,272.6
1744,2026/10/01 09:15:01,500,4163.99,-0.66,272.54
1745,2026/10/01 09:15:02,0,4161.91,2.85,272.63
1746,2026/10/01 09:15:02,500,4161.74,-3.5,273.15
1747,2026/10/01 09:15:03,0,4160.17,-2.81,273.0
1748,2026/10/01 09:15:03,500,4155.52,0.57,272.79
1749,2026/10/01 09:15:04,0,4155.52,-0.4,273.1
1750,2026/10/01 09:15:04,500,4153.85,-2.16,272.77
1751,2026/10/01 09:15:05,0,4150.31,-1.58,272.08
1752,2026/10/01 09:15:05,500,4149.02,-1.39,272.17
1753,2026/10/01 09:15:06,0,4147.07,1.34,273.01
1754,2026/10/01 09:15:06,500,4147.19,1.82,272.0
1755,2026/10/01 09:15:07,0,4145.14,2.46,272.48
1756,2026/10/01 09:15:07,500,4141.24,-2.38,272.6
1757,2026/10/01 09:15:08,0,4138.97,-2.05,272.12
1758,2026/10/01 09:15:08,500,4138.92,-2.15,271.78
1759,2026/10/01 09:15:09,0,4136.92,1.93,272.01
1760,2026/10/01 09:15:09,500,4135.66,0.63,271.67
1761,2026/10/01 09:15:10,0,4132.01,0.12,272.86
1762,2026/10/01 09:15:10,500,4131.64,0.34,272.74
1763,2026/10/01 09:15:11,0,4128.68,-0.09,272.14
1764,2026/10/01 09:15:11,500,4127.98,-1.68,271.82
1765,2026/10/01 09:15:12,0,4125.68,0.77,273.07
1766,2026/10/01 09:15:12,500,4125.46,-0.28,272.69
1767,2026/10/01 09:15:13,0,4122.53,-1.8,272.14
1768,2026/10/01 09:15:13,500,4120.17,0.86,273.02
1769,2026/10/01 09:15:14,0,4118.78,-0.64,272.48
1770,2026/10/01 09:15:14,500,4116.85,0.34,272.55
1771,2026/10/01 09:15:15,0,4114.27,-0.19,271.85
1772,2026/10/01 09:15:15,500,4115.01,1.34,271.59
1773,2026/10/01 09:15:16,0,4113.03,0.33,271.55
1774,2026/10/01 09:15:16,500,4109.9,-1.33,273.36
1775,2026/10/01 09:15:17,0,4108.89,0.48,271.88
1776,2026/10/01 09:15:17,500,4108.28,0.53,272.31
1777,2026/10/01 09:15:18,0,4105.93,0.77,272.49
1778,2026/10/01 09:15:18,500,4103.01,1.55,272.23
1779,2026/10/01 09:15:19,0,4101.51,-0.92,272.15
1780,2026/10/01 09:15:19,500,4098.54,1.0,272.12
1781,2026/10/01 09:15:20,0,4098.87,-2.59,272.43
1782,2026/10/01 09:15:20,500,4097.59,-0.18,271.65
1783,2026/10/01 09:15:21,0,4095.95,-0.41,271.93
1784,2026/10/01 09:15:21,500,4093.86,2.17,270.98
1785,2026/10/01 09:15:22,0,4091.95,-0.23,271.18
1786,2026/10/01 09:15:22,500,4089.24,0.91,271.44
1787,2026/10/01 09:15:23,0,4088.67,-2.64,272.5
1788,2026/10/01 09:15:23,500,4086.3,-0.53,271.92
1789,2026/10/01 09:15:24,0,4085.62,-1.27,272.39
1790,2026/10/01 09:15:24,500,4082.98,3.71,272.21
1791,2026/10/01 09:15:25,0,4082.41,-1.0,272.13
1792,2026/10/01 09:15:25,500,4081.47,0.11,271.51
1793,2026/10/01 09:15:26,0,4079.13,0.19,272.0
1794,2026/10/01 09:15:26,500,4077.52,-2.38,272.07
1795,2026/10/01 09:15:27,0,4076.41,-0.79,273.03
1796,2026/10/01 09:15:27,500,4075.54,0.61,271.74
1797,2026/10/01 09:15:28,0,4072.48,0.13,272.26
1798,2026/10/01 09:15:28,500,4071.43,-3.45,271.81
1799,2026/10/01 09:15:29,0,4070.68,-0.85,271.5
1800,2026/10/01 09:15:29,500,4068.47,1.53,272.27
1801,2026/10/01 09:15:30,0,4064.81,0.88,272.76
1802,2026/10/01 09:15:30,500,4064.31,1.83,271.93
1803,2026/10/01 09:15:31,0,4063.97,-1.48,271.44
1804,2026/10/01 09:15:31,500,4061.54,1.92,272.0
1805,2026/10/01 09:15:32,0,4061.5,-0.07,271.89
1806,2026/10/01 09:15:32,500,4060.34,2.39,272.84
1807,2026/10/01 09:15:33,0,4056.89,0.0,272.08
1808,2026/10/01 09:15:33,500,4055.05,-3.07,271.23
1809,2026/10/01 09:15:34,0,4054.11,1.27,272.31
1810,2026/10/01 09:15:34,500,4052.59,-0.67,272.04
1811,2026/10/01 09:15:35,0,4052.68,-0.56,272.11
1812,2026/10/01 09:15:35,500,4049.17,-2.18,271.84
1813,2026/10/01 09:15:36,0,4049.13,2.43,272.11
1814,2026/10/01 09:15:36,500,4048.2,-0.78,271.8
1815,2026/10/01 09:15:37,0,4046.3,2.36,271.44
1816,2026/10/01 09:15:37,500,4044.56,-0.65,271.62
1817,2026/10/01 09:15:38,0,4042.65,-1.39,271.47
1818,2026/10/01 09:15:38,500,4042.83,1.98,271.68
1819,2026/10/01 09:15:39,0,4039.74,-0.11,271.53
1820,2026/10/01 09:15:39,500,4039.28,-0.1,271.32
1821,2026/10/01 09:15:40,0,4036.99,-1.92,271.37
1822,2026/10/01 09:15:40,500,4034.24,-0.69,271.44
1823,2026/10/01 09:15:41,0,4034.1,0.64,270.53
1824,2026/10/01 09:15:41,500,4032.8,-1.95,271.92
1825,2026/10/01 09:15:42,0,4031.43,-0.81,271.56
1826,2026/10/01 09:15:42,500,4029.63,-0.63,271.06
1827,2026/10/01 09:15:43,0,4029.29,0.1,271.65
1828,2026/10/01 09:15:43,500,4028.01,2.22,271.08
1829,2026/10/01 09:15:44,0,4025.82,-0.45,271.06
1830,2026/10/01 09:15:44,500,4024.45,-1.04,271.49
1831,2026/10/01 09:15:45,0,4022.51,4.12,272.0
1832,2026/10/01 09:15:45,500,4022.21,-0.65,271.4
1833,2026/10/01 09:15:46,0,4021.77,-0.29,270.86
1834,2026/10/01 09:15:46,500,4020.44,-0.54,271.05
1835,2026/10/01 09:15:47,0,4017.53,-0.42,271.63
1836,2026/10/01 09:15:47,500,4018.28,0.12,271.39
1837,2026/10/01 09:15:48,0,4015.08,1.38,271.65
1838,2026/10/01 09:15:48,500,4013.25,0.61,271.35
1839,2026/10/01 09:15:49,0,4011.66,1.62,271.52
1840,2026/10/01 09:15:49,500,4010.59,1.57,272.13
1841,2026/10/01 09:15:50,0,4010.43,0.31,270.43
1842,2026/10/01 09:15:50,500,4008.66,0.56,272.29
1843,2026/10/01 09:15:51,0,4007.08,1.66,271.54
1844,2026/10/01 09:15:51,500,4005.63,-1.67,272.36
1845,2026/10/01 09:15:52,0,4004.16,3.75,270.54
1846,2026/10/01 09:15:52,500,4003.05,-0.77,271.21
1847,2026/10/01 09:15:53,0,4003.31,-0.53,271.08
1848,2026/10/01 09:15:53,500,4002.69,-1.82,271.42
1849,2026/10/01 09:15:54,0,4001.48,-1.77,271.2
1850,2026/10/01 09:15:54,500,3999.29,1.46,271.13
1851,2026/10/01 09:15:55,0,3997.11,3.41,271.32
1852,2026/10/01 09:15:55,500,3995.73,-0.85,270.86
1853,2026/10/01 09:15:56,0,3995.64,0.52,270.64
1854,2026/10/01 09:15:56,500,3993.61,0.33,271.1
1855,2026/10/01 09:15:57,0,3992.91,1.5,270.6
1856,2026/10/01 09:15:57,500,3992.91,3.33,270.78
1857,2026/10/01 09:15:58,0,3990.33,2.28,270.1
1858,2026/10/01 09:15:58,500,3990.77,-0.36,270.83
1859,2026/10/01 09:15:59,0,3986.85,0.79,270.33
1860,2026/10/01 09:15:59,500,3986.91,0.94,270.76
1861,2026/10/01 09:16:00,0,3985.61,-0.03,270.21
1862,2026/10/01 09:16:00,500,3983.39,-1.64,270.73
1863,2026/10/01 09:16:01,0,3983.63,-1.2,271.17
1864,2026/10/01 09:16:01,500,3983.04,1.72,270.41
1865,2026/10/01 09:16:02,0,3982.4,1.88,270.22
1866,2026/10/01 09:16:02,500,3979.8,-0.31,271.06
1867,2026/10/01 09:16:03,0,3976.79,0.39,271.11
1868,2026/10/01 09:16:03,500,3977.54,1.8,270.85
1869,2026/10/01 09:16:04,0,3976.6,-2.56,270.38
1870,2026/10/01 09:16:04,500,3974.67,-0.67,270.29
1871,2026/10/01 09:16:05,0,3973.89,3.03,270.42
1872,2026/10/01 09:16:05,500,3972.19,0.45,270.54
1873,2026/10/01 09:16:06,0,3971.34,-1.69,269.69
1874,2026/10/01 09:16:06,500,3971.13,0.18,270.04
1875,2026/10/01 09:16:07,0,3970.3,1.53,271.14
1876,2026/10/01 09:16:07,500,3967.05,-3.82,270.6
1877,2026/10/01 09:16:08,0,3966.55,0.26,271.09
1878,2026/10/01 09:16:08,500,3964.57,-0.56,270.97
1879,2026/10/01 09:16:09,0,3966.21,-2.46,270.29
1880,2026/10/01 09:16:09,500,3964.34,0.12,270.28
1881,2026/10/01 09:16:10,0,3960.94,-0.2,270.9
1882,2026/10/01 09:16:10,500,3961.4,-0.04,270.77
1883,2026/10/01 09:16:11,0,3960.14,-0.52,270.87
1884,2026/10/01 09:16:11,500,3958.68,-1.53,270.35
1885,2026/10/01 09:16:12,0,3959.03,-2.18,270.42
1886,2026/10/01 09:16:12,500,3957.94,-1.04,270.2
1887,2026/10/01 09:16:13,0,3956.28,1.29,270.28
1888,2026/10/01 09:16:13,500,3954.48,0.35,269.95
1889,2026/10/01 09:16:14,0,3953.43,-0.1,270.24
1890,2026/10/01 09:16:14,500,3952.92,-1.56,270.18
1891,2026/10/01 09:16:15,0,3951.46,-0.56,270.01
1892,2026/10/01 09:16:15,500,3950.78,1.11,270.62
1893,2026/10/01 09:16:16,0,3950.19,0.76,269.5
1894,2026/10/01 09:16:16,500,3947.47,-0.72,270.36
1895,2026/10/01 09:16:17,0,3947.06,-3.92,269.71
1896,2026/10/01 09:16:17,500,3946.61,-1.01,269.73
1897,2026/10/01 09:16:18,0,3946.86,-0.72,269.76
1898,2026/10/01 09:16:18,500,3945.27,-1.36,270.36
1899,2026/10/01 09:16:19,0,3943.57,-0.62,268.98
1900,2026/10/01 09:16:19,500,3942.88,1.22,270.18
1901,2026/10/01 09:16:20,0,3941.47,-0.06,270.1
1902,2026/10/01 09:16:20,500,3941.41,1.48,269.57
1903,2026/10/01 09:16:21,0,3939.89,-2.26,270.13
1904,2026/10/01 09:16:21,500,3939.57,-0.46,269.42
1905,2026/10/01 09:16:22,0,3936.47,-2.91,269.99
1906,2026/10/01 09:16:22,500,3935.93,-0.64,269.37
1907,2026/10/01 09:16:23,0,3935.81,-1.57,271.0
1908,2026/10/01 09:16:23,500,3935.0,1.92,270.39
1909,2026/10/01 09:16:24,0,3935.55,0.61,270.06
1910,2026/10/01 09:16:24,500,3931.21,1.52,269.45
1911,2026/10/01 09:16:25,0,3931.67,-0.64,269.77
1912,2026/10/01 09:16:25,500,3930.67,-1.53,269.77
1913,2026/10/01 09:16:26,0,3929.96,-1.58,270.0
1914,2026/10/01 09:16:26,500,3930.2,0.4,270.06
1915,2026/10/01 09:16:27,0,3928.57,2.72,269.95
1916,2026/10/01 09:16:27,500,3925.63,0.62,270.0
1917,2026/10/01 09:16:28,0,3927.2,-0.56,269.72
1918,2026/10/01 09:16:28,500,3926.24,-0.28,269.96
1919,2026/10/01 09:16:29,0,3924.31,-0.05,269.46
1920,2026/10/01 09:16:29,500,3921.87,3.04,269.23
1921,2026/10/01 09:16:30,0,3922.12,1.85,270.67
1922,2026/10/01 09:16:30,500,3921.69,0.39,269.93
1923,2026/10/01 09:16:31,0,3921.19,0.16,270.61
1924,2026/10/01 09:16:31,500,3918.06,0.45,269.56
1925,2026/10/01 09:16:32,0,3917.95,0.74,270.88
1926,2026/10/01 09:16:32,500,3918.53,-0.62,269.7
1927,2026/10/01 09:16:33,0,3917.95,-1.27,270.22
1928,2026/10/01 09:16:33,500,3916.19,1.55,269.64
1929,2026/10/01 09:16:34,0,3915.87,0.03,269.69
1930,2026/10/01 09:16:34,500,3914.42,1.42,269.54
1931,2026/10/01 09:16:35,0,3913.94,2.47,269.33
1932,2026/10/01 09:16:35,500,3912.4,0.78,270.05
1933,2026/10/01 09:16:36,0,3911.78,0.54,269.54
1934,2026/10/01 09:16:36,500,3909.54,4.8,269.95
1935,2026/10/01 09:16:37,0,3910.22,0.31,269.97
1936,2026/10/01 09:16:37,500,3907.77,-1.64,270.2
1937,2026/10/01 09:16:38,0,3908.48,-0.42,269.69
1938,2026/10/01 09:16:38,500,3906.69,2.33,268.71
1939,2026/10/01 09:16:39,0,3906.48,-1.94,269.29
1940,2026/10/01 09:16:39,500,3904.56,-1.13,269.42
1941,2026/10/01 09:16:40,0,3904.07,1.66,269.42
1942,2026/10/01 09:16:40,500,3903.91,-0.41,270.06
1943,2026/10/01 09:16:41,0,3903.38,-0.17,269.95
1944,2026/10/01 09:16:41,500,3902.8,1.61,269.3
1945,2026/10/01 09:16:42,0,3900.17,-1.08,270.57
1946,2026/10/01 09:16:42,500,3899.05,-2.2,269.16
1947,2026/10/01 09:16:43,0,3898.64,-2.08,269.19
1948,2026/10/01 09:16:43,500,3897.74,0.87,268.76
1949,2026/10/01 09:16:44,0,3899.02,0.39,268.51
1950,2026/10/01 09:16:44,500,3898.02,-1.04,268.68
1951,2026/10/01 09:16:45,0,3895.33,-1.74,269.76
1952,2026/10/01 09:16:45,500,3896.68,-0.41,269.61
1953,2026/10/01 09:16:46,0,3895.52,1.67,268.78
1954,2026/10/01 09:16:46,500,3892.38,-1.25,269.26
1955,2026/10/01 09:16:47,0,3892.06,-0.99,269.59
1956,2026/10/01 09:16:47,500,3890.75,-1.79,268.16
1957,2026/10/01 09:16:48,0,3891.21,-0.55,270.05
1958,2026/10/01 09:16:48,500,3890.5,0.51,269.67
1959,2026/10/01 09:16:49,0,3889.71,3.17,269.53
1960,2026/10/01 09:16:49,500,3887.28,0.33,269.71
1961,2026/10/01 09:16:50,0,3886.98,-0.08,268.07
1962,2026/10/01 09:16:50,500,3887.55,1.29,268.97
1963,2026/10/01 09:16:51,0,3887.06,1.04,269.69
1964,2026/10/01 09:16:51,500,3884.17,-0.87,269.04
1965,2026/10/01 09:16:52,0,3883.99,3.45,269.4
1966,2026/10/01 09:16:52,500,3885.06,-0.04,269.74
1967,2026/10/01 09:16:53,0,3882.5,0.35,269.35
1968,2026/10/01 09:16:53,500,3882.7,0.83,268.86
1969,2026/10/01 09:16:54,0,3880.9,0.52,269.26
1970,2026/10/01 09:16:54,500,3881.86,2.29,268.12
1971,2026/10/01 09:16:55,0,3878.83,-0.88,269.18
1972,2026/10/01 09:16:55,500,3879.45,1.18,269.3
1973,2026/10/01 09:16:56,0,3879.7,0.25,268.98
1974,2026/10/01 09:16:56,500,3878.69,1.47,269.47
1975,2026/10/01 09:16:57,0,3877.09,-0.32,269.01
1976,2026/10/01 09:16:57,500,3876.16,-0.53,268.93
1977,2026/10/01 09:16:58,0,3875.8,1.1,269.76
1978,2026/10/01 09:16:58,500,3874.22,0.54,268.35
1979,2026/10/01 09:16:59,0,3874.45,-1.23,269.51
1980,2026/10/01 09:16:59,500,3873.74,2.02,269.45
1981,2026/10/01 09:17:00,0,3872.74,1.1,269.2
1982,2026/10/01 09:17:00,500,3873.16,-0.11,268.56
1983,2026/10/01 09:17:01,0,3870.79,-0.7,268.92
1984,2026/10/01 09:17:01,500,3869.57,0.55,268.33
1985,2026/10/01 09:17:02,0,3869.8,0.99,268.44
1986,2026/10/01 09:17:02,500,3869.61,-2.39,268.77
1987,2026/10/01 09:17:03,0,3868.72,0.56,268.24
1988,2026/10/01 09:17:03,500,3867.98,0.98,268.55
1989,2026/10/01 09:17:04,0,3866.5,-3.53,268.1
1990,2026/10/01 09:17:04,500,3865.92,999.92,268.97
1991,2026/10/01 09:17:05,0,3865.63,996.77,269.44
1992,2026/10/01 09:17:05,500,3864.87,996.37,269.71
1993,2026/10/01 09:17:06,0,3865.52,1.2,268.08
1994,2026/10/01 09:17:06,500,3864.16,-0.49,268.15
1995,2026/10/01 09:17:07,0,3862.85,-1.56,268.54
1996,2026/10/01 09:17:07,500,3863.47,-2.7,268.96
1997,2026/10/01 09:17:08,0,3862.27,1.64,268.49
1998,2026/10/01 09:17:08,500,3860.16,1.05,269.05
1999,2026/10/01 09:17:09,0,3857.98,1.75,268.82
2000,2026/10/01 09:17:09,500,3858.84,-1.09,267.66
2001,2026/10/01 09:17:10,0,3859.72,1.21,268.55
2002,2026/10/01 09:17:10,500,3859.29,-2.25,267.89
2003,2026/10/01 09:17:11,0,3856.59,-1.3,268.21
2004,2026/10/01 09:17:11,500,3857.79,0.19,268.27
2005,2026/10/01 09:17:12,0,3857.11,0.99,268.84
2006,2026/10/01 09:17:12,500,3857.07,2.52,268.43
2007,2026/10/01 09:17:13,0,3856.07,-0.36,268.2
2008,2026/10/01 09:17:13,500,3855.74,-1.3,269.47
2009,2026/10/01 09:17:14,0,3854.41,-1.38,267.96
2010,2026/10/01 09:17:14,500,3853.74,-1.03,268.53
2011,2026/10/01 09:17:15,0,3852.47,3.33,268.71
2012,2026/10/01 09:17:15,500,3852.76,1.14,268.44
2013,2026/10/01 09:17:16,0,3850.41,1.67,267.89
2014,2026/10/01 09:17:16,500,3850.73,-0.36,267.85
2015,2026/10/01 09:17:17,0,3850.65,-0.0,268.62
2016,2026/10/01 09:17:17,500,3850.72,1.05,268.82
2017,2026/10/01 09:17:18,0,3848.59,-0.76,268.25
2018,2026/10/01 09:17:18,500,3849.12,-0.44,267.61
2019,2026/10/01 09:17:19,0,3847.58,-1.01,268.26
2020,2026/10/01 09:17:19,500,3847.91,-0.67,268.99
2021,2026/10/01 09:17:20,0,3845.87,0.07,267.72
2022,2026/10/01 09:17:20,500,3846.48,-1.23,268.05
2023,2026/10/01 09:17:21,0,3845.22,0.43,268.22
2024,2026/10/01 09:17:21,500,3843.74,0.43,268.72
2025,2026/10/01 09:17:22,0,3843.96,-0.27,267.89
2026,2026/10/01 09:17:22,500,3844.55,-1.24,268.39
2027,2026/10/01 09:17:23,0,3842.08,0.16,268.82
2028,2026/10/01 09:17:23,500,3841.11,-0.76,267.37
2029,2026/10/01 09:17:24,0,3842.02,0.07,267.44
2030,2026/10/01 09:17:24,500,3839.77,1.65,268.04
2031,2026/10/01 09:17:25,0,3841.78,-1.88,268.56
2032,2026/10/01 09:17:25,500,3841.18,3.26,268.22
2033,2026/10/01 09:17:26,0,3840.19,-0.11,268.57
2034,2026/10/01 09:17:26,500,3838.77,0.62,267.17
2035,2026/10/01 09:17:27,0,3839.54,-1.13,268.18
2036,2026/10/01 09:17:27,500,3838.71,1.71,266.57
2037,2026/10/01 09:17:28,0,3836.63,-0.19,268.64
2038,2026/10/01 09:17:28,500,3837.64,-0.59,268.56
2039,2026/10/01 09:17:29,0,3835.19,-0.86,267.78
2040,2026/10/01 09:17:29,500,3835.2,-0.4,266.78
2041,2026/10/01 09:17:30,0,3833.36,0.63,267.81
2042,2026/10/01 09:17:30,500,3834.35,0.26,268.46
2043,2026/10/01 09:17:31,0,3833.44,-0.06,268.1
2044,2026/10/01 09:17:31,500,3832.76,-1.07,268.8
2045,2026/10/01 09:17:32,0,3832.43,-1.15,267.71
2046,2026/10/01 09:17:32,500,3831.55,-0.69,268.86
2047,2026/10/01 09:17:33,0,3831.5,0.69,266.82
2048,2026/10/01 09:17:33,500,3831.95,0.99,267.44
2049,2026/10/01 09:17:34,0,3829.53,1.2,267.15
2050,2026/10/01 09:17:34,500,3830.52,-0.0,268.15
2051,2026/10/01 09:17:35,0,3829.47,0.58,267.16
2052,2026/10/01 09:17:35,500,3829.05,-0.25,268.26
2053,2026/10/01 09:17:36,0,3828.2,-2.61,268.08
2054,2026/10/01 09:17:36,500,3827.11,-0.32,267.82
2055,2026/10/01 09:17:37,0,3827.51,-0.56,267.65
2056,2026/10/01 09:17:37,500,3827.04,-1.56,267.17
2057,2026/10/01 09:17:38,0,3825.46,-0.85,267.98
2058,2026/10/01 09:17:38,500,3824.51,0.2,267.41
2059,2026/10/01 09:17:39,0,3825.12,-1.7,268.03
2060,2026/10/01 09:17:39,500,3825.14,-1.07,268.38
2061,2026/10/01 09:17:40,0,3824.82,2.32,267.47
2062,2026/10/01 09:17:40,500,3824.46,-2.4,268.27
2063,2026/10/01 09:17:41,0,3823.28,-0.27,267.69
2064,2026/10/01 09:17:41,500,3822.27,-1.75,267.87
2065,2026/10/01 09:17:42,0,3821.97,-1.13,266.9
2066,2026/10/01 09:17:42,500,3820.47,-0.3,267.2
2067,2026/10/01 09:17:43,0,3820.41,-1.48,267.18
2068,2026/10/01 09:17:43,500,3820.41,0.86,268.19
2069,2026/10/01 09:17:44,0,3819.74,2.03,267.33
2070,2026/10/01 09:17:44,500,3819.53,1.26,267.8
2071,2026/10/01 09:17:45,0,3817.86,1.54,267.44
2072,2026/10/01 09:17:45,500,3817.54,-2.07,267.28
2073,2026/10/01 09:17:46,0,3818.59,-0.36,266.71
2074,2026/10/01 09:17:46,500,3816.81,0.7,266.48
2075,2026/10/01 09:17:47,0,3816.45,1.31,267.25
2076,2026/10/01 09:17:47,500,3816.58,2.63,267.26
2077,2026/10/01 09:17:48,0,3815.27,1.6,266.95
2078,2026/10/01 09:17:48,500,3816.42,1.34,267.45
2079,2026/10/01 09:17:49,0,3814.05,3.95,268.34
2080,2026/10/01 09:17:49,500,3814.58,0.14,268.09
2081,2026/10/01 09:17:50,0,3813.5,-0.43,267.32
2082,2026/10/01 09:17:50,500,3813.75,0.27,267.32
2083,2026/10/01 09:17:51,0,3812.76,-1.37,267.6
2084,2026/10/01 09:17:51,500,3812.66,0.1,267.39
2085,2026/10/01 09:17:52,0,3813.19,-2.59,267.57
2086,2026/10/01 09:17:52,500,3811.2,-0.79,267.37
2087,2026/10/01 09:17:53,0,3810.73,-0.17,267.27
2088,2026/10/01 09:17:53,500,3810.57,1.42,266.88
2089,2026/10/01 09:17:54,0,3811.54,1.67,267.37
2090,2026/10/01 09:17:54,500,3809.83,-1.45,266.04
2091,2026/10/01 09:17:55,0,3810.43,3.11,267.29
2092,2026/10/01 09:17:55,500,3808.85,0.22,266.11
2093,2026/10/01 09:17:56,0,3809.49,0.36,267.26
2094,2026/10/01 09:17:56,500,3808.41,-2.43,266.63
2095,2026/10/01 09:17:57,0,3808.08,-0.93,267.74
2096,2026/10/01 09:17:57,500,3806.04,1.57,267.13
2097,2026/10/01 09:17:58,0,3805.47,0.25,267.07
2098,2026/10/01 09:17:58,500,3807.15,0.16,267.26
2099,2026/10/01 09:17:59,0,3806.7,0.34,266.61
2100,2026/10/01 09:17:59,500,3807.35,-2.16,267.59
2101,2026/10/01 09:18:00,0,3803.79,-0.14,267.36
2102,2026/10/01 09:18:00,500,3804.93,2.11,266.73
2103,2026/10/01 09:18:01,0,3803.29,1.63,266.46
2104,2026/10/01 09:18:01,500,3803.08,-0.19,266.76
2105,2026/10/01 09:18:02,0,3802.84,2.35,266.88
2106,2026/10/01 09:18:02,500,3803.12,-1.89,266.38
2107,2026/10/01 09:18:03,0,3801.85,-1.46,266.68
2108,2026/10/01 09:18:03,500,3801.99,2.8,266.6
2109,2026/10/01 09:18:04,0,3802.2,0.87,266.78
2110,2026/10/01 09:18:04,500,3802.02,-0.43,266.77
2111,2026/10/01 09:18:05,0,3801.25,-0.08,267.1
2112,2026/10/01 09:18:05,500,3800.64,-1.21,266.85
2113,2026/10/01 09:18:06,0,3799.74,0.41,267.02
2114,2026/10/01 09:18:06,500,3798.99,0.3,266.93
2115,2026/10/01 09:18:07,0,3799.46,0.03,266.7
2116,2026/10/01 09:18:07,500,3797.78,-1.74,267.12
2117,2026/10/01 09:18:08,0,3798.3,0.4,265.4
2118,2026/10/01 09:18:08,500,3796.94,-0.79,266.57
2119,2026/10/01 09:18:09,0,3797.36,-1.48,266.45
2120,2026/10/01 09:18:09,500,3796.14,1.9,266.79
2121,2026/10/01 09:18:10,0,3796.26,3.25,266.39
2122,2026/10/01 09:18:10,500,3795.64,2.91,266.97
2123,2026/10/01 09:18:11,0,3795.15,0.98,267.05
2124,2026/10/01 09:18:11,500,3795.31,-0.4,265.98
2125,2026/10/01 09:18:12,0,3793.05,-0.11,266.77
2126,2026/10/01 09:18:12,500,3793.15,0.61,266.0
2127,2026/10/01 09:18:13,0,3794.84,-0.63,266.87
2128,2026/10/01 09:18:13,500,3793.93,1.98,266.38
2129,2026/10/01 09:18:14,0,3792.84,-3.05,266.2
2130,2026/10/01 09:18:14,500,3793.81,-0.44,265.73
2131,2026/10/01 09:18:15,0,3792.13,1.2,266.53
2132,2026/10/01 09:18:15,500,3791.79,-1.27,265.98
2133,2026/10/01 09:18:16,0,3791.25,-0.36,265.8
2134,2026/10/01 09:18:16,500,3793.02,0.89,266.62
2135,2026/10/01 09:18:17,0,3791.3,2.28,267.0
2136,2026/10/01 09:18:17,500,3790.89,-1.94,266.7
2137,2026/10/01 09:18:18,0,3790.73,-2.05,265.78
2138,2026/10/01 09:18:18,500,3788.5,-1.42,266.41
2139,2026/10/01 09:18:19,0,3789.13,-2.31,266.8
2140,2026/10/01 09:18:19,500,3789.6,-2.2,266.38
2141,2026/10/01 09:18:20,0,3788.86,-1.46,266.6
2142,2026/10/01 09:18:20,500,3790.26,1.85,266.2
2143,2026/10/01 09:18:21,0,3787.7,-0.47,266.22
2144,2026/10/01 09:18:21,500,3788.51,0.05,266.06
2145,2026/10/01 09:18:22,0,3788.04,-1.43,266.69
2146,2026/10/01 09:18:22,500,3787.14,0.95,266.7
2147,2026/10/01 09:18:23,0,3786.93,2.81,266.08
2148,2026/10/01 09:18:23,500,3786.08,-1.33,266.72
2149,2026/10/01 09:18:24,0,3784.37,2.59,265.61
2150,2026/10/01 09:18:24,500,3785.87,0.55,266.23
2151,2026/10/01 09:18:25,0,3785.58,0.03,265.62
2152,2026/10/01 09:18:25,500,3785.35,0.6,265.72
2153,2026/10/01 09:18:26,0,3784.58,0.59,265.59
2154,2026/10/01 09:18:26,500,3784.95,2.79,265.93
2155,2026/10/01 09:18:27,0,3783.13,0.78,266.55
2156,2026/10/01 09:18:27,500,3784.65,0.81,266.19
2157,2026/10/01 09:18:28,0,3782.34,-0.63,265.93
2158,2026/10/01 09:18:28,500,3782.7,1.26,266.12
2159,2026/10/01 09:18:29,0,3782.99,-1.44,265.16
2160,2026/10/01 09:18:29,500,3781.69,0.16,266.46
2161,2026/10/01 09:18:30,0,3782.36,4.32,265.04
2162,2026/10/01 09:18:30,500,3781.14,-3.76,265.8
2163,2026/10/01 09:18:31,0,3781.17,0.35,266.1
2164,2026/10/01 09:18:31,500,3780.6,0.41,266.35
2165,2026/10/01 09:18:32,0,3779.94,-0.34,266.23
2166,2026/10/01 09:18:32,500,3781.87,-0.31,266.07
2167,2026/10/01 09:18:33,0,3779.07,0.14,266.81
2168,2026/10/01 09:18:33,500,3777.58,-0.38,267.08
2169,2026/10/01 09:18:34,0,3778.43,0.33,266.06
2170,2026/10/01 09:18:34,500,3778.85,-0.73,265.99
2171,2026/10/01 09:18:35,0,3778.12,3.03,265.95
2172,2026/10/01 09:18:35,500,3778.91,-0.38,265.71
2173,2026/10/01 09:18:36,0,3778.56,0.85,266.19
2174,2026/10/01 09:18:36,500,3777.19,-1.0,266.63
2175,2026/10/01 09:18:37,0,3775.78,1.4,264.73
2176,2026/10/01 09:18:37,500,3775.78,1.1,265.88
2177,2026/10/01 09:18:38,0,3776.46,0.63,266.69
2178,2026/10/01 09:18:38,500,3774.91,995.16,266.13
2179,2026/10/01 09:18:39,0,3775.56,992.0,266.13
2180,2026/10/01 09:18:39,500,3776.67,996.15,265.11
2181,2026/10/01 09:18:40,0,3775.49,-1.15,266.25
2182,2026/10/01 09:18:40,500,3774.94,0.96,266.39
2183,2026/10/01 09:18:41,0,3773.76,-1.42,265.97
2184,2026/10/01 09:18:41,500,3774.43,1.51,265.53
2185,2026/10/01 09:18:42,0,3773.77,-1.03,266.07
2186,2026/10/01 09:18:42,500,3773.86,-1.44,265.31
2187,2026/10/01 09:18:43,0,3773.94,-1.07,265.23
2188,2026/10/01 09:18:43,500,3773.78,-0.83,266.21
2189,2026/10/01 09:18:44,0,3772.86,0.61,266.34
2190,2026/10/01 09:18:44,500,3772.86,0.1,265.41
2191,2026/10/01 09:18:45,0,3771.74,-1.64,265.18
2192,2026/10/01 09:18:45,500,3772.76,-0.04,265.31
2193,2026/10/01 09:18:46,0,3770.84,-1.72,265.84
2194,2026/10/01 09:18:46,500,3771.09,0.97,265.14
2195,2026/10/01 09:18:47,0,3771.95,1.24,266.35
2196,2026/10/01 09:18:47,500,3770.28,-0.04,265.47
2197,2026/10/01 09:18:48,0,3769.3,0.41,265.87
2198,2026/10/01 09:18:48,500,3769.75,2.63,265.3
2199,2026/10/01 09:18:49,0,3770.9,-0.24,265.95
2200,2026/10/01 09:18:49,500,3767.68,-1.42,265.98
2201,2026/10/01 09:18:50,0,3769.29,0.87,264.8
2202,2026/10/01 09:18:50,500,3768.41,-1.7,265.28
2203,2026/10/01 09:18:51,0,3768.5,-0.32,265.53
2204,2026/10/01 09:18:51,500,3768.07,-0.9,265.33
2205,2026/10/01 09:18:52,0,3768.83,-1.05,266.02
2206,2026/10/01 09:18:52,500,3767.82,-0.38,265.27
2207,2026/10/01 09:18:53,0,3768.31,1.35,265.91
2208,2026/10/01 09:18:53,500,3768.24,1.66,265.79
2209,2026/10/01 09:18:54,0,3766.96,1.39,265.48
2210,2026/10/01 09:18:54,500,3766.37,0.5,265.9
2211,2026/10/01 09:18:55,0,3766.68,-0.39,264.74
2212,2026/10/01 09:18:55,500,3766.56,-3.54,265.46
2213,2026/10/01 09:18:56,0,3764.91,0.55,265.09
2214,2026/10/01 09:18:56,500,3765.75,-3.42,265.41
2215,2026/10/01 09:18:57,0,3765.08,-2.89,265.22
2216,2026/10/01 09:18:57,500,3764.68,-0.24,265.47
2217,2026/10/01 09:18:58,0,3764.19,0.4,265.43
2218,2026/10/01 09:18:58,500,3763.97,-0.68,265.48
2219,2026/10/01 09:18:59,0,3765.21,2.3,265.49
2220,2026/10/01 09:18:59,500,3763.65,0.69,265.68
2221,2026/10/01 09:19:00,0,3764.59,-0.37,264.75
2222,2026/10/01 09:19:00,500,3763.51,2.08,265.62
2223,2026/10/01 09:19:01,0,3762.24,2.35,264.59
2224,2026/10/01 09:19:01,500,3763.03,0.77,263.94
2225,2026/10/01 09:19:02,0,3761.67,-1.16,266.31
2226,2026/10/01 09:19:02,500,3762.85,-0.83,264.84
2227,2026/10/01 09:19:03,0,3761.93,-2.17,265.08
2228,2026/10/01 09:19:03,500,3762.53,-0.06,264.35
2229,2026/10/01 09:19:04,0,3762.73,-1.58,265.05
2230,2026/10/01 09:19:04,500,3759.94,-0.49,265.36
2231,2026/10/01 09:19:05,0,3760.7,0.39,265.37
2232,2026/10/01 09:19:05,500,3759.85,-2.98,264.63
2233,2026/10/01 09:19:06,0,3762.29,-1.9,265.0
2234,2026/10/01 09:19:06,500,3759.96,-0.76,265.39
2235,2026/10/01 09:19:07,0,3759.01,-0.08,265.32
2236,2026/10/01 09:19:07,500,3761.61,-0.74,265.25
2237,2026/10/01 09:19:08,0,3758.99,-0.41,265.55
2238,2026/10/01 09:19:08,500,3758.02,-1.06,265.1
2239,2026/10/01 09:19:09,0,3758.14,-2.17,265.84
2240,2026/10/01 09:19:09,500,3758.94,-0.8,264.99
2241,2026/10/01 09:19:10,0,3758.62,-0.32,265.47
2242,2026/10/01 09:19:10,500,3757.67,-0.47,265.47
2243,2026/10/01 09:19:11,0,3757.71,0.17,264.28
2244,2026/10/01 09:19:11,500,3757.9,0.63,265.3
2245,2026/10/01 09:19:12,0,3758.67,1.02,264.75
2246,2026/10/01 09:19:12,500,3757.64,-0.95,264.55
2247,2026/10/01 09:19:13,0,3756.68,-2.36,264.83
2248,2026/10/01 09:19:13,500,3756.71,1.91,265.11
2249,2026/10/01 09:19:14,0,3757.28,0.58,264.24
2250,2026/10/01 09:19:14,500,3757.77,-1.43,265.02
2251,2026/10/01 09:19:15,0,3755.31,0.42,264.89
2252,2026/10/01 09:19:15,500,3756.85,1.6,265.5
2253,2026/10/01 09:19:16,0,3755.47,2.59,264.65
2254,2026/10/01 09:19:16,500,3754.19,0.38,265.55
2255,2026/10/01 09:19:17,0,3753.8,1.59,265.14
2256,2026/10/01 09:19:17,500,3756.1,-1.81,264.92
2257,2026/10/01 09:19:18,0,3755.97,-0.05,265.56
2258,2026/10/01 09:19:18,500,3754.12,-0.5,265.87
2259,2026/10/01 09:19:19,0,3754.18,0.51,264.79
2260,2026/10/01 09:19:19,500,3752.7,2.42,264.51
2261,2026/10/01 09:19:20,0,3754.51,0.37,265.09
2262,2026/10/01 09:19:20,500,3753.65,-1.41,264.15
2263,2026/10/01 09:19:21,0,3752.21,-1.9,264.2
2264,2026/10/01 09:19:21,500,3753.39,2.47,265.49
2265,2026/10/01 09:19:22,0,3751.9,0.77,265.11
2266,2026/10/01 09:19:22,500,3753.23,0.67,264.38
2267,2026/10/01 09:19:23,0,3751.7,-0.52,266.37
2268,2026/10/01 09:19:23,500,3752.62,0.4,264.09
2269,2026/10/01 09:19:24,0,3751.61,-1.48,265.08
2270,2026/10/01 09:19:24,500,3750.02,0.58,264.36
2271,2026/10/01 09:19:25,0,3752.49,-1.76,265.64
2272,2026/10/01 09:19:25,500,3752.32,-0.54,264.47
2273,2026/10/01 09:19:26,0,3750.85,-0.96,264.58
2274,2026/10/01 09:19:26,500,3751.28,-4.89,263.81
2275,2026/10/01 09:19:27,0,3751.19,-0.52,265.74
2276,2026/10/01 09:19:27,500,3751.01,-1.35,264.38
2277,2026/10/01 09:19:28,0,3751.8,-0.32,264.91
2278,2026/10/01 09:19:28,500,3750.55,0.0,264.66
2279,2026/10/01 09:19:29,0,3749.72,2.65,264.37
2280,2026/10/01 09:19:29,500,3750.14,0.46,263.52
2281,2026/10/01 09:19:30,0,3749.24,0.5,264.51
2282,2026/10/01 09:19:30,500,3748.53,0.74,264.48
2283,2026/10/01 09:19:31,0,3750.15,1.31,264.76
2284,2026/10/01 09:19:31,500,3749.4,0.68,265.66
2285,2026/10/01 09:19:32,0,3747.28,0.42,264.9
2286,2026/10/01 09:19:32,500,3748.02,1.07,264.99
2287,2026/10/01 09:19:33,0,3748.97,-3.64,264.4
2288,2026/10/01 09:19:33,500,3746.91,3.13,263.88
2289,2026/10/01 09:19:34,0,3747.36,2.38,264.39
2290,2026/10/01 09:19:34,500,3749.89,0.33,264.15
2291,2026/10/01 09:19:35,0,3747.3,-2.12,264.48
2292,2026/10/01 09:19:35,500,3748.23,1.82,264.25
2293,2026/10/01 09:19:36,0,3748.37,-1.04,263.64
2294,2026/10/01 09:19:36,500,3746.25,0.8,265.1
2295,2026/10/01 09:19:37,0,3746.99,-1.92,264.39
2296,2026/10/01 09:19:37,500,3748.23,3.34,264.28
2297,2026/10/01 09:19:38,0,3746.76,-2.16,263.88
2298,2026/10/01 09:19:38,500,3748.09,0.1,264.18
2299,2026/10/01 09:19:39,0,3745.5,-3.18,263.98
2300,2026/10/01 09:19:39,500,3747.25,-0.06,263.8
2301,2026/10/01 09:19:40,0,3745.64,-0.64,264.47
2302,2026/10/01 09:19:40,500,3745.17,1.71,264.14
2303,2026/10/01 09:19:41,0,3745.76,-0.64,264.73
2304,2026/10/01 09:19:41,500,3744.97,1.71,264.17
2305,2026/10/01 09:19:42,0,3744.8,-1.54,264.39
2306,2026/10/01 09:19:42,500,3745.07,-0.42,264.37
2307,2026/10/01 09:19:43,0,3743.05,-0.39,264.5
2308,2026/10/01 09:19:43,500,3743.67,0.74,263.88
2309,2026/10/01 09:19:44,0,3744.71,0.55,264.74
2310,2026/10/01 09:19:44,500,3744.74,999.45,263.69
2311,2026/10/01 09:19:45,0,3744.05,995.37,264.29
2312,2026/10/01 09:19:45,500,3743.8,0.99,263.65
2313,2026/10/01 09:19:46,0,3743.72,-1.35,264.18
2314,2026/10/01 09:19:46,500,3743.98,0.58,264.67
2315,2026/10/01 09:19:47,0,3741.9,2.41,264.5
2316,2026/10/01 09:19:47,500,3742.45,-2.52,264.73
2317,2026/10/01 09:19:48,0,3742.62,0.73,264.04
2318,2026/10/01 09:19:48,500,3742.66,1.02,264.64
2319,2026/10/01 09:19:49,0,3740.64,2.19,263.82
2320,2026/10/01 09:19:49,500,3741.14,1.09,263.93
2321,2026/10/01 09:19:50,0,3741.96,0.15,264.21
2322,2026/10/01 09:19:50,500,3742.61,0.65,264.56
2323,2026/10/01 09:19:51,0,3741.29,-1.1,263.85
2324,2026/10/01 09:19:51,500,3740.92,-0.58,264.46
2325,2026/10/01 09:19:52,0,3741.7,-2.0,264.21
2326,2026/10/01 09:19:52,500,3740.85,2.23,264.26
2327,2026/10/01 09:19:53,0,3741.64,0.68,263.65
2328,2026/10/01 09:19:53,500,3740.59,-1.37,263.87
2329,2026/10/01 09:19:54,0,3739.71,0.41,264.01
2330,2026/10/01 09:19:54,500,3741.57,1.74,264.21
2331,2026/10/01 09:19:55,0,3741.25,1.49,263.63
2332,2026/10/01 09:19:55,500,3739.33,-1.39,263.37
2333,2026/10/01 09:19:56,0,3740.24,-4.7,262.94
2334,2026/10/01 09:19:56,500,3739.5,0.59,264.37
2335,2026/10/01 09:19:57,0,3740.09,-1.33,264.45
2336,2026/10/01 09:19:57,500,3738.73,0.93,262.97
2337,2026/10/01 09:19:58,0,3739.97,1.43,264.0
2338,2026/10/01 09:19:58,500,3740.06,1.67,263.76
2339,2026/10/01 09:19:59,0,3738.18,2.62,264.54
2340,2026/10/01 09:19:59,500,3738.83,1.85,263.82
2341,2026/10/01 09:20:00,0,3738.52,-97.38,264.21
2342,2026/10/01 09:20:00,500,3735.52,-97.93,263.74
2343,2026/10/01 09:20:01,0,3734.56,-97.8,263.62
2344,2026/10/01 09:20:01,500,3734.4,-100.06,264.36
2345,2026/10/01 09:20:02,0,3732.52,-101.93,264.53
2346,2026/10/01 09:20:02,500,3730.17,-96.28,263.37
2347,2026/10/01 09:20:03,0,3729.96,-99.91,264.59
2348,2026/10/01 09:20:03,500,3730.39,-98.16,263.54
2349,2026/10/01 09:20:04,0,3729.43,-100.83,262.88
2350,2026/10/01 09:20:04,500,3726.06,-98.55,264.06
2351,2026/10/01 09:20:05,0,3724.63,-103.67,264.32
2352,2026/10/01 09:20:05,500,3723.79,-100.62,263.33
2353,2026/10/01 09:20:06,0,3724.39,-100.15,263.11
2354,2026/10/01 09:20:06,500,3722.42,-99.31,263.86
2355,2026/10/01 09:20:07,0,3721.71,-98.39,263.81
2356,2026/10/01 09:20:07,500,3720.14,-101.64,264.82
2357,2026/10/01 09:20:08,0,3717.09,-99.01,264.16
2358,2026/10/01 09:20:08,500,3716.19,-98.16,264.53
2359,2026/10/01 09:20:09,0,3715.2,-96.48,264.28
2360,2026/10/01 09:20:09,500,3714.14,-98.94,264.97
2361,2026/10/01 09:20:10,0,3712.83,-100.69,263.76
2362,2026/10/01 09:20:10,500,3711.73,-101.91,264.17
2363,2026/10/01 09:20:11,0,3711.51,-97.26,263.44
2364,2026/10/01 09:20:11,500,3709.92,-98.89,264.65
2365,2026/10/01 09:20:12,0,3709.61,-100.03,264.81
2366,2026/10/01 09:20:12,500,3707.65,-102.43,264.71
2367,2026/10/01 09:20:13,0,3705.73,-101.4,264.22
2368,2026/10/01 09:20:13,500,3705.25,-99.05,263.55
2369,2026/10/01 09:20:14,0,3702.71,-99.47,264.26
2370,2026/10/01 09:20:14,500,3700.9,-102.92,263.98
2371,2026/10/01 09:20:15,0,3702.09,-99.05,264.8
2372,2026/10/01 09:20:15,500,3701.23,-102.35,264.13
2373,2026/10/01 09:20:16,0,3699.3,-97.97,264.14
2374,2026/10/01 09:20:16,500,3697.77,-99.69,265.46
2375,2026/10/01 09:20:17,0,3695.84,-100.7,264.79
2376,2026/10/01 09:20:17,500,3696.69,-98.51,264.94
2377,2026/10/01 09:20:18,0,3694.99,-99.47,264.16
2378,2026/10/01 09:20:18,500,3693.67,-98.01,263.88
2379,2026/10/01 09:20:19,0,3692.28,-99.88,264.97
2380,2026/10/01 09:20:19,500,3690.76,-99.79,265.2
2381,2026/10/01 09:20:20,0,3689.09,-100.43,263.82
2382,2026/10/01 09:20:20,500,3689.04,-99.61,264.22
2383,2026/10/01 09:20:21,0,3687.26,-97.45,264.03
2384,2026/10/01 09:20:21,500,3686.2,-100.75,264.74
2385,2026/10/01 09:20:22,0,3686.77,-99.03,265.06
2386,2026/10/01 09:20:22,500,3684.22,-101.32,264.34
2387,2026/10/01 09:20:23,0,3681.16,-103.1,264.36
2388,2026/10/01 09:20:23,500,3681.55,-99.69,263.58
2389,2026/10/01 09:20:24,0,3680.04,-99.44,264.09
2390,2026/10/01 09:20:24,500,3679.6,-100.17,265.33
2391,2026/10/01 09:20:25,0,3677.44,-102.24,264.84
2392,2026/10/01 09:20:25,500,3677.8,-99.54,265.07
2393,2026/10/01 09:20:26,0,3676.08,-99.6,264.44
2394,2026/10/01 09:20:26,500,3674.81,-101.33,264.49
2395,2026/10/01 09:20:27,0,3674.19,-102.03,264.65
2396,2026/10/01 09:20:27,500,3672.89,-100.38,264.82
2397,2026/10/01 09:20:28,0,3671.72,-99.02,265.36
2398,2026/10/01 09:20:28,500,3670.53,-99.38,264.35
2399,2026/10/01 09:20:29,0,3669.57,-101.32,264.63
2400,2026/10/01 09:20:29,500,3668.75,-99.79,264.31
2401,2026/10/01 09:20:30,0,3667.54,-98.67,263.74
2402,2026/10/01 09:20:30,500,3667.15,-101.76,265.19
2403,2026/10/01 09:20:31,0,3664.7,-99.91,265.62
2404,2026/10/01 09:20:31,500,3664.23,-97.99,265.14
2405,2026/10/01 09:20:32,0,3664.89,-101.91,264.89
2406,2026/10/01 09:20:32,500,3661.79,-98.27,265.71
2407,2026/10/01 09:20:33,0,3660.72,-97.57,265.03
2408,2026/10/01 09:20:33,500,3658.61,-100.33,265.21
2409,2026/10/01 09:20:34,0,3657.95,-100.51,264.89
2410,2026/10/01 09:20:34,500,3657.34,-98.45,264.98
2411,2026/10/01 09:20:35,0,3656.76,-100.28,264.78
2412,2026/10/01 09:20:35,500,3655.76,-103.53,265.28
2413,2026/10/01 09:20:36,0,3654.41,-100.15,264.33
2414,2026/10/01 09:20:36,500,3653.7,-99.29,265.1
2415,2026/10/01 09:20:37,0,3651.17,-98.89,264.47
2416,2026/10/01 09:20:37,500,3651.28,-101.32,265.17
2417,2026/10/01 09:20:38,0,3649.81,-100.4,266.12
2418,2026/10/01 09:20:38,500,3648.82,-98.53,265.29
2419,2026/10/01 09:20:39,0,3647.35,-100.09,265.54
2420,2026/10/01 09:20:39,500,3645.8,-102.29,265.41
2421,2026/10/01 09:20:40,0,3644.51,-98.14,263.81
2422,2026/10/01 09:20:40,500,3644.67,-100.32,264.92
2423,2026/10/01 09:20:41,0,3643.73,-98.36,265.22
2424,2026/10/01 09:20:41,500,3642.16,-102.09,263.97
2425,2026/10/01 09:20:42,0,3641.18,-100.18,264.88
2426,2026/10/01 09:20:42,500,3639.55,-99.24,265.0
2427,2026/10/01 09:20:43,0,3639.46,-100.13,264.43
2428,2026/10/01 09:20:43,500,3638.05,-101.77,264.58
2429,2026/10/01 09:20:44,0,3636.64,-103.58,265.74
2430,2026/10/01 09:20:44,500,3636.57,-97.72,263.3
2431,2026/10/01 09:20:45,0,3635.33,-99.63,265.23
2432,2026/10/01 09:20:45,500,3632.53,-98.25,265.69
2433,2026/10/01 09:20:46,0,3632.74,-98.61,265.11
2434,2026/10/01 09:20:46,500,3630.88,-99.1,265.84
2435,2026/10/01 09:20:47,0,3630.71,-100.48,264.93
2436,2026/10/01 09:20:47,500,3627.03,-99.27,264.71
2437,2026/10/01 09:20:48,0,3628.66,-97.85,265.17
2438,2026/10/01 09:20:48,500,3628.02,-99.88,264.99
2439,2026/10/01 09:20:49,0,3626.32,-97.15,264.91
2440,2026/10/01 09:20:49,500,3624.43,-102.25,265.12
2441,2026/10/01 09:20:50,0,3625.89,-102.41,264.83
2442,2026/10/01 09:20:50,500,3624.21,-98.52,264.82
2443,2026/10/01 09:20:51,0,3621.82,-101.23,264.69
2444,2026/10/01 09:20:51,500,3621.0,-96.93,265.47
2445,2026/10/01 09:20:52,0,3618.59,-97.99,264.77
2446,2026/10/01 09:20:52,500,3619.52,-97.62,264.66
2447,2026/10/01 09:20:53,0,3617.02,-98.67,264.76
2448,2026/10/01 09:20:53,500,3617.61,-101.38,265.41
2449,2026/10/01 09:20:54,0,3616.87,-102.49,265.65
2450,2026/10/01 09:20:54,500,3614.97,-97.76,265.71
2451,2026/10/01 09:20:55,0,3613.15,-102.25,265.45
2452,2026/10/01 09:20:55,500,3613.98,-97.62,265.62
2453,2026/10/01 09:20:56,0,3611.96,-99.0,265.34
2454,2026/10/01 09:20:56,500,3611.02,-100.11,265.61
2455,2026/10/01 09:20:57,0,3609.18,-99.34,265.61
2456,2026/10/01 09:20:57,500,3609.06,-99.3,265.04
2457,2026/10/01 09:20:58,0,3607.73,-100.3,264.88
2458,2026/10/01 09:20:58,500,3605.82,-97.86,266.11
2459,2026/10/01 09:20:59,0,3606.94,-97.91,265.5
2460,2026/10/01 09:20:59,500,3606.27,-99.77,265.98
2461,2026/10/01 09:21:00,0,3604.67,-100.9,264.92
2462,2026/10/01 09:21:00,500,3603.54,-98.04,265.28
2463,2026/10/01 09:21:01,0,3603.26,-103.03,264.8
2464,2026/10/01 09:21:01,500,3600.01,-99.33,265.83
2465,2026/10/01 09:21:02,0,3599.0,-98.89,265.21
2466,2026/10/01 09:21:02,500,3598.51,-101.24,265.25
2467,2026/10/01 09:21:03,0,3598.08,-98.54,266.52
2468,2026/10/01 09:21:03,500,3596.62,-100.04,265.88
2469,2026/10/01 09:21:04,0,3595.04,-100.82,265.89
2470,2026/10/01 09:21:04,500,3594.87,-98.56,264.97
2471,2026/10/01 09:21:05,0,3593.8,-101.63,264.66
2472,2026/10/01 09:21:05,500,3593.56,-98.7,266.08
2473,2026/10/01 09:21:06,0,3591.93,-102.97,264.49
2474,2026/10/01 09:21:06,500,3589.39,-99.57,265.37
2475,2026/10/01 09:21:07,0,3590.24,-99.93,265.23
2476,2026/10/01 09:21:07,500,3590.21,-100.81,265.18
2477,2026/10/01 09:21:08,0,3587.99,-99.42,265.44
2478,2026/10/01 09:21:08,500,3587.78,-100.12,265.14
2479,2026/10/01 09:21:09,0,3585.6,-98.42,265.07
2480,2026/10/01 09:21:09,500,3585.49,-99.16,265.82
2481,2026/10/01 09:21:10,0,3583.46,-99.32,266.24
2482,2026/10/01 09:21:10,500,3582.89,-99.56,264.85
2483,2026/10/01 09:21:11,0,3581.92,-100.71,265.83
2484,2026/10/01 09:21:11,500,3581.53,-100.45,266.01
2485,2026/10/01 09:21:12,0,3579.52,-99.63,265.98
2486,2026/10/01 09:21:12,500,3578.04,-100.26,265.66
2487,2026/10/01 09:21:13,0,3578.62,-98.33,265.48
2488,2026/10/01 09:21:13,500,3577.63,-99.86,266.17
2489,2026/10/01 09:21:14,0,3576.41,-99.44,265.97
2490,2026/10/01 09:21:14,500,3576.11,-102.1,264.87
2491,2026/10/01 09:21:15,0,3574.24,-98.59,265.71
2492,2026/10/01 09:21:15,500,3573.67,-100.87,265.86
2493,2026/10/01 09:21:16,0,3572.21,-101.56,265.3
2494,2026/10/01 09:21:16,500,3571.33,-97.53,265.74
2495,2026/10/01 09:21:17,0,3570.86,-98.95,266.12
2496,2026/10/01 09:21:17,500,3571.45,-98.53,265.47
2497,2026/10/01 09:21:18,0,3569.28,-99.32,266.01
2498,2026/10/01 09:21:18,500,3568.18,-100.14,265.41
2499,2026/10/01 09:21:19,0,3567.42,-100.42,265.3
2500,2026/10/01 09:21:19,500,3563.97,-98.83,266.24
2501,2026/10/01 09:21:20,0,3565.17,-98.3,266.53
2502,2026/10/01 09:21:20,500,3564.7,-100.1,265.36
2503,2026/10/01 09:21:21,0,3563.1,-96.89,266.44
2504,2026/10/01 09:21:21,500,3562.06,-100.3,265.97
2505,2026/10/01 09:21:22,0,3560.41,-102.09,264.88
2506,2026/10/01 09:21:22,500,3559.88,-102.58,265.28
2507,2026/10/01 09:21:23,0,3558.62,-102.53,266.32
2508,2026/10/01 09:21:23,500,3559.16,-100.62,265.21
2509,2026/10/01 09:21:24,0,3558.63,-100.35,265.73
2510,2026/10/01 09:21:24,500,3558.05,-98.98,266.01
2511,2026/10/01 09:21:25,0,3554.89,-100.04,266.28
2512,2026/10/01 09:21:25,500,3554.11,-98.73,266.16
2513,2026/10/01 09:21:26,0,3553.12,-99.93,266.87
2514,2026/10/01 09:21:26,500,3551.99,-99.98,265.69
2515,2026/10/01 09:21:27,0,3551.08,-100.87,266.15
2516,2026/10/01 09:21:27,500,3550.55,-97.87,266.34
2517,2026/10/01 09:21:28,0,3550.74,-102.3,266.48
2518,2026/10/01 09:21:28,500,3548.56,-99.55,266.67
2519,2026/10/01 09:21:29,0,3549.06,-100.27,265.93
2520,2026/10/01 09:21:29,500,3548.4,-98.83,266.49
2521,2026/10/01 09:21:30,0,3546.62,-100.03,265.71
2522,2026/10/01 09:21:30,500,3546.46,-99.99,266.15
2523,2026/10/01 09:21:31,0,3543.48,-100.4,266.45
2524,2026/10/01 09:21:31,500,3543.22,-97.91,266.7
2525,2026/10/01 09:21:32,0,3542.91,-100.0,266.51
2526,2026/10/01 09:21:32,500,3542.03,-97.05,266.28
2527,2026/10/01 09:21:33,0,3542.1,-99.59,266.2
2528,2026/10/01 09:21:33,500,3539.25,-99.97,266.53
2529,2026/10/01 09:21:34,0,3538.72,-100.22,267.36
2530,2026/10/01 09:21:34,500,3538.19,-99.15,266.71
2531,2026/10/01 09:21:35,0,3536.94,-100.88,266.48
2532,2026/10/01 09:21:35,500,3535.63,-99.78,265.62
2533,2026/10/01 09:21:36,0,3535.19,-99.99,265.89
2534,2026/10/01 09:21:36,500,3534.48,-99.51,266.16
2535,2026/10/01 09:21:37,0,3534.95,-99.47,266.79
2536,2026/10/01 09:21:37,500,3532.08,-99.4,265.88
2537,2026/10/01 09:21:38,0,3532.66,-99.86,266.68
2538,2026/10/01 09:21:38,500,3532.14,-97.65,266.43
2539,2026/10/01 09:21:39,0,3529.83,-99.37,266.56
2540,2026/10/01 09:21:39,500,3529.57,-96.09,266.28
2541,2026/10/01 09:21:40,0,3528.94,-99.93,266.11
2542,2026/10/01 09:21:40,500,3527.93,-98.56,265.93
2543,2026/10/01 09:21:41,0,3526.78,-101.09,266.73
2544,2026/10/01 09:21:41,500,3525.3,-97.9,266.4
2545,2026/10/01 09:21:42,0,3525.5,-101.06,265.91
2546,2026/10/01 09:21:42,500,3523.79,-99.32,266.57
2547,2026/10/01 09:21:43,0,3523.24,-100.4,268.18
2548,2026/10/01 09:21:43,500,3522.49,-99.32,266.38
2549,2026/10/01 09:21:44,0,3522.16,-100.35,267.32
2550,2026/10/01 09:21:44,500,3522.15,-101.18,265.21
2551,2026/10/01 09:21:45,0,3519.15,-100.41,266.38
2552,2026/10/01 09:21:45,500,3518.92,-97.69,267.0
2553,2026/10/01 09:21:46,0,3516.83,-99.3,266.55
2554,2026/10/01 09:21:46,500,3518.34,-101.93,266.23
2555,2026/10/01 09:21:47,0,3516.32,-98.36,266.55
2556,2026/10/01 09:21:47,500,3515.19,-101.34,267.06
2557,2026/10/01 09:21:48,0,3514.61,-98.88,267.66
2558,2026/10/01 09:21:48,500,3513.8,-99.17,267.13
2559,2026/10/01 09:21:49,0,3512.27,-99.08,266.35
2560,2026/10/01 09:21:49,500,3512.96,-97.22,266.5
2561,2026/10/01 09:21:50,0,3511.67,-101.24,266.52
2562,2026/10/01 09:21:50,500,3510.93,-99.08,266.21
2563,2026/10/01 09:21:51,0,3508.91,-98.11,266.57
2564,2026/10/01 09:21:51,500,3508.02,-100.97,266.52
2565,2026/10/01 09:21:52,0,3507.67,-101.12,266.07
2566,2026/10/01 09:21:52,500,3507.55,-100.43,267.1
2567,2026/10/01 09:21:53,0,3506.47,-99.51,266.91
2568,2026/10/01 09:21:53,500,3504.6,-102.12,266.39
2569,2026/10/01 09:21:54,0,3504.92,-99.17,266.79
2570,2026/10/01 09:21:54,500,3502.76,-102.11,266.25
2571,2026/10/01 09:21:55,0,3502.17,-98.06,266.46
2572,2026/10/01 09:21:55,500,3501.99,-99.23,267.09
2573,2026/10/01 09:21:56,0,3500.09,-97.13,267.0
2574,2026/10/01 09:21:56,500,3499.43,-99.0,266.52
2575,2026/10/01 09:21:57,0,3500.61,-100.46,266.94
2576,2026/10/01 09:21:57,500,3499.62,-101.2,266.76
2577,2026/10/01 09:21:58,0,3499.53,-99.64,266.31
2578,2026/10/01 09:21:58,500,3497.23,-100.05,266.73
2579,2026/10/01 09:21:59,0,3496.56,-98.22,267.04
2580,2026/10/01 09:21:59,500,3495.1,-101.39,266.99
2581,2026/10/01 09:22:00,0,3494.11,-96.97,266.0
2582,2026/10/01 09:22:00,500,3494.27,-98.09,266.94
2583,2026/10/01 09:22:01,0,3493.84,-100.31,266.88
2584,2026/10/01 09:22:01,500,3492.56,-97.3,265.93
2585,2026/10/01 09:22:02,0,3490.44,-101.17,266.49
2586,2026/10/01 09:22:02,500,3490.61,-99.69,267.15
2587,2026/10/01 09:22:03,0,3488.86,-101.91,267.61
2588,2026/10/01 09:22:03,500,3488.4,-97.23,266.11
2589,2026/10/01 09:22:04,0,3489.16,-102.47,267.43
2590,2026/10/01 09:22:04,500,3486.07,-102.16,266.01
2591,2026/10/01 09:22:05,0,3487.96,-100.95,267.66
2592,2026/10/01 09:22:05,500,3485.85,997.69,266.85
2593,2026/10/01 09:22:06,0,3484.23,-98.57,266.62
2594,2026/10/01 09:22:06,500,3483.85,-99.82,267.17
2595,2026/10/01 09:22:07,0,3482.44,-98.47,266.52
2596,2026/10/01 09:22:07,500,3481.75,-100.17,267.27
2597,2026/10/01 09:22:08,0,3481.44,-99.37,266.96
2598,2026/10/01 09:22:08,500,3480.32,-97.52,265.13
2599,2026/10/01 09:22:09,0,3479.04,-100.37,266.64
2600,2026/10/01 09:22:09,500,3478.81,-101.15,267.15
2601,2026/10/01 09:22:10,0,3477.13,-99.29,267.6
2602,2026/10/01 09:22:10,500,3476.37,-98.89,267.24
2603,2026/10/01 09:22:11,0,3475.57,-99.83,267.61
2604,2026/10/01 09:22:11,500,3477.14,-98.49,266.65
2605,2026/10/01 09:22:12,0,3475.33,-100.3,267.47
2606,2026/10/01 09:22:12,500,3474.69,-99.81,267.49
2607,2026/10/01 09:22:13,0,3473.44,-99.44,266.32
2608,2026/10/01 09:22:13,500,3473.05,-99.57,267.69
2609,2026/10/01 09:22:14,0,3472.79,-97.58,267.32
2610,2026/10/01 09:22:14,500,3471.39,-99.45,267.02
2611,2026/10/01 09:22:15,0,3471.6,-100.46,267.02
2612,2026/10/01 09:22:15,500,3469.47,-99.21,266.67
2613,2026/10/01 09:22:16,0,3469.2,-98.49,267.51
2614,2026/10/01 09:22:16,500,3468.5,-98.84,267.36
2615,2026/10/01 09:22:17,0,3466.41,-98.92,267.51
2616,2026/10/01 09:22:17,500,3466.41,-102.25,267.27
2617,2026/10/01 09:22:18,0,3464.13,-103.74,267.34
2618,2026/10/01 09:22:18,500,3464.72,-98.09,267.1
2619,2026/10/01 09:22:19,0,3463.83,-99.34,267.8
2620,2026/10/01 09:22:19,500,3463.01,-100.03,267.57
2621,2026/10/01 09:22:20,0,3462.18,-98.96,267.37
2622,2026/10/01 09:22:20,500,3462.15,-97.11,267.22
2623,2026/10/01 09:22:21,0,3460.26,-97.88,266.42
2624,2026/10/01 09:22:21,500,3461.69,-98.56,266.32
2625,2026/10/01 09:22:22,0,3459.89,-101.33,267.14
2626,2026/10/01 09:22:22,500,3458.03,-101.14,267.97
2627,2026/10/01 09:22:23,0,3458.43,-103.58,266.99
2628,2026/10/01 09:22:23,500,3457.94,-99.05,267.02
2629,2026/10/01 09:22:24,0,3456.68,-98.34,266.88
2630,2026/10/01 09:22:24,500,3454.82,-98.21,266.73
2631,2026/10/01 09:22:25,0,3456.65,-98.99,266.93
2632,2026/10/01 09:22:25,500,3454.62,-100.23,267.54
2633,2026/10/01 09:22:26,0,3452.35,-100.85,267.16
2634,2026/10/01 09:22:26,500,3452.76,-101.24,267.15
2635,2026/10/01 09:22:27,0,3451.67,-100.25,267.11
2636,2026/10/01 09:22:27,500,3451.1,-101.47,267.56
2637,2026/10/01 09:22:28,0,3449.38,-97.37,267.64
2638,2026/10/01 09:22:28,500,3449.63,-101.95,266.52
2639,2026/10/01 09:22:29,0,3448.18,-100.3,267.09
2640,2026/10/01 09:22:29,500,3447.81,-102.9,267.44
2641,2026/10/01 09:22:30,0,3447.66,-99.56,267.71
2642,2026/10/01 09:22:30,500,3446.22,-100.0,267.56
2643,2026/10/01 09:22:31,0,3445.63,-100.54,267.92
2644,2026/10/01 09:22:31,500,3445.77,-101.4,266.82
2645,2026/10/01 09:22:32,0,3443.66,-100.0,267.74
2646,2026/10/01 09:22:32,500,3443.12,-100.82,268.57
2647,2026/10/01 09:22:33,0,3441.89,-100.21,267.58
2648,2026/10/01 09:22:33,500,3441.5,-97.06,267.61
2649,2026/10/01 09:22:34,0,3441.53,-99.74,267.83
2650,2026/10/01 09:22:34,500,3441.2,-99.2,267.31
2651,2026/10/01 09:22:35,0,3439.31,-100.7,267.12
2652,2026/10/01 09:22:35,500,3439.71,-101.18,267.63
2653,2026/10/01 09:22:36,0,3438.57,-100.03,266.79
2654,2026/10/01 09:22:36,500,3436.65,-96.24,267.82
2655,2026/10/01 09:22:37,0,3437.17,-100.43,267.92
2656,2026/10/01 09:22:37,500,3437.26,-99.46,266.84
2657,2026/10/01 09:22:38,0,3434.06,-101.24,267.74
2658,2026/10/01 09:22:38,500,3436.45,-104.13,267.56
2659,2026/10/01 09:22:39,0,3433.64,-101.18,268.42
2660,2026/10/01 09:22:39,500,3432.08,-96.43,268.34
2661,2026/10/01 09:22:40,0,3432.79,-99.11,268.12
2662,2026/10/01 09:22:40,500,3432.63,-97.54,268.31
2663,2026/10/01 09:22:41,0,3431.02,-100.52,267.54
2664,2026/10/01 09:22:41,500,3430.77,-103.54,267.86
2665,2026/10/01 09:22:42,0,3431.5,-101.66,267.61
2666,2026/10/01 09:22:42,500,3429.25,-99.4,267.25
2667,2026/10/01 09:22:43,0,3430.76,-99.64,267.8
2668,2026/10/01 09:22:43,500,3428.67,-100.02,267.73
2669,2026/10/01 09:22:44,0,3426.99,-100.8,267.68
2670,2026/10/01 09:22:44,500,3426.47,-98.59,267.76
2671,2026/10/01 09:22:45,0,3425.27,-100.75,267.83
2672,2026/10/01 09:22:45,500,3425.02,-99.54,268.25
2673,2026/10/01 09:22:46,0,3424.56,-99.71,267.53
2674,2026/10/01 09:22:46,500,3423.08,-100.55,267.19
2675,2026/10/01 09:22:47,0,3421.6,-101.32,268.18
2676,2026/10/01 09:22:47,500,3423.06,-100.64,268.28
2677,2026/10/01 09:22:48,0,3422.07,-97.19,268.04
2678,2026/10/01 09:22:48,500,3419.46,-98.33,267.3
2679,2026/10/01 09:22:49,0,3420.03,-98.47,267.81
2680,2026/10/01 09:22:49,500,3420.02,-101.18,268.03
2681,2026/10/01 09:22:50,0,3419.24,-102.16,267.37
2682,2026/10/01 09:22:50,500,3417.24,-98.36,267.53
2683,2026/10/01 09:22:51,0,3417.89,-98.64,267.85
2684,2026/10/01 09:22:51,500,3416.42,-99.79,268.52
2685,2026/10/01 09:22:52,0,3416.03,-100.56,268.05
2686,2026/10/01 09:22:52,500,3414.29,-102.2,267.66
2687,2026/10/01 09:22:53,0,3410.93,-98.7,267.86
2688,2026/10/01 09:22:53,500,3413.02,-98.22,267.64
2689,2026/10/01 09:22:54,0,3413.38,-101.02,267.78
2690,2026/10/01 09:22:54,500,3412.1,-101.14,268.35
2691,2026/10/01 09:22:55,0,3412.1,-98.14,267.04
2692,2026/10/01 09:22:55,500,3411.78,-100.96,268.67
2693,2026/10/01 09:22:56,0,3409.94,-97.33,269.12
2694,2026/10/01 09:22:56,500,3409.18,-100.16,268.11
2695,2026/10/01 09:22:57,0,3407.09,-100.58,267.63
2696,2026/10/01 09:22:57,500,3406.93,-99.93,268.63
2697,2026/10/01 09:22:58,0,3406.41,-100.58,268.2
2698,2026/10/01 09:22:58,500,3407.25,-98.31,267.81
2699,2026/10/01 09:22:59,0,3405.87,-98.67,267.59
2700,2026/10/01 09:22:59,500,3405.02,-98.37,267.89
2701,2026/10/01 09:23:00,0,3404.26,-99.72,268.2
2702,2026/10/01 09:23:00,500,3403.48,-100.68,268.56
2703,2026/10/01 09:23:01,0,3404.17,-100.01,268.26
2704,2026/10/01 09:23:01,500,3402.83,-100.64,268.36
2705,2026/10/01 09:23:02,0,3402.88,-97.8,267.97
2706,2026/10/01 09:23:02,500,3399.66,-98.5,268.58
2707,2026/10/01 09:23:03,0,3401.17,-100.14,268.06
2708,2026/10/01 09:23:03,500,3399.69,-101.39,269.09
2709,2026/10/01 09:23:04,0,3399.19,-97.69,267.85
2710,2026/10/01 09:23:04,500,3399.83,-99.79,268.39
2711,2026/10/01 09:23:05,0,3397.77,-100.2,269.29
2712,2026/10/01 09:23:05,500,3397.82,-97.68,268.73
2713,2026/10/01 09:23:06,0,3395.95,-100.76,268.59
2714,2026/10/01 09:23:06,500,3396.13,-100.48,268.38
2715,2026/10/01 09:23:07,0,3394.17,-100.35,268.27
2716,2026/10/01 09:23:07,500,3394.74,-101.97,268.16
2717,2026/10/01 09:23:08,0,3394.43,-99.53,267.98
2718,2026/10/01 09:23:08,500,3394.35,-101.14,267.5
2719,2026/10/01 09:23:09,0,3392.16,-100.86,268.6
2720,2026/10/01 09:23:09,500,3391.74,-101.06,267.52
2721,2026/10/01 09:23:10,0,3390.99,-100.88,268.62
2722,2026/10/01 09:23:10,500,3390.65,-101.26,268.15
2723,2026/10/01 09:23:11,0,3389.43,-99.63,267.84
2724,2026/10/01 09:23:11,500,3387.83,-100.23,269.03
2725,2026/10/01 09:23:12,0,3388.07,-99.93,267.61
2726,2026/10/01 09:23:12,500,3388.22,-96.47,268.01
2727,2026/10/01 09:23:13,0,3387.49,-100.23,268.07
2728,2026/10/01 09:23:13,500,3387.41,-99.09,268.44
2729,2026/10/01 09:23:14,0,3386.99,-98.92,268.07
2730,2026/10/01 09:23:14,500,3385.32,-100.09,269.12
2731,2026/10/01 09:23:15,0,3383.77,-99.59,267.71
2732,2026/10/01 09:23:15,500,3384.72,-99.97,270.45
2733,2026/10/01 09:23:16,0,3383.75,-99.7,267.88
2734,2026/10/01 09:23:16,500,3382.91,-100.88,269.9
2735,2026/10/01 09:23:17,0,3383.45,-100.74,268.98
2736,2026/10/01 09:23:17,500,3382.2,-99.97,268.39
2737,2026/10/01 09:23:18,0,3381.3,-102.96,268.57
2738,2026/10/01 09:23:18,500,3380.7,-97.76,268.27
2739,2026/10/01 09:23:19,0,3380.61,-96.76,268.65
2740,2026/10/01 09:23:19,500,3378.75,-99.74,268.11
2741,2026/10/01 09:23:20,0,3377.97,-99.0,268.85
2742,2026/10/01 09:23:20,500,3377.85,-98.38,268.59
2743,2026/10/01 09:23:21,0,3376.47,-101.99,268.02
2744,2026/10/01 09:23:21,500,3376.75,-98.61,268.73
2745,2026/10/01 09:23:22,0,3376.23,-100.64,268.71
2746,2026/10/01 09:23:22,500,3375.47,-96.56,268.18
2747,2026/10/01 09:23:23,0,3374.61,-100.28,268.33
2748,2026/10/01 09:23:23,500,3375.6,-98.64,268.81
2749,2026/10/01 09:23:24,0,3374.41,-100.27,269.11
2750,2026/10/01 09:23:24,500,3372.96,-96.7,268.51
2751,2026/10/01 09:23:25,0,3372.49,-100.77,269.05
2752,2026/10/01 09:23:25,500,3372.89,-98.25,269.18
2753,2026/10/01 09:23:26,0,3370.71,-99.06,269.26
2754,2026/10/01 09:23:26,500,3369.78,-99.39,268.82
2755,2026/10/01 09:23:27,0,3370.12,-99.66,268.17
2756,2026/10/01 09:23:27,500,3369.65,-101.0,269.08
2757,2026/10/01 09:23:28,0,3369.1,-103.88,268.55
2758,2026/10/01 09:23:28,500,3368.75,-98.39,268.91
2759,2026/10/01 09:23:29,0,3366.89,-100.73,268.35
2760,2026/10/01 09:23:29,500,3365.74,-98.25,268.37
2761,2026/10/01 09:23:30,0,3365.79,-99.47,268.33
2762,2026/10/01 09:23:30,500,3366.11,-98.2,268.03
2763,2026/10/01 09:23:31,0,3364.3,-98.8,268.41
2764,2026/10/01 09:23:31,500,3362.88,-103.7,268.19
2765,2026/10/01 09:23:32,0,3363.94,-99.08,269.0
2766,2026/10/01 09:23:32,500,3362.76,-100.52,268.2
2767,2026/10/01 09:23:33,0,3361.23,-98.25,268.4
2768,2026/10/01 09:23:33,500,3362.07,-99.11,268.75
2769,2026/10/01 09:23:34,0,3361.1,-99.1,269.66
2770,2026/10/01 09:23:34,500,3362.14,-100.41,268.42
2771,2026/10/01 09:23:35,0,3360.27,-101.37,268.08
2772,2026/10/01 09:23:35,500,3360.07,-100.65,268.13
2773,2026/10/01 09:23:36,0,3358.99,-102.7,268.36
2774,2026/10/01 09:23:36,500,3357.93,-100.89,268.47
2775,2026/10/01 09:23:37,0,3357.42,-102.2,269.96
2776,2026/10/01 09:23:37,500,3358.08,-102.16,269.3
2777,2026/10/01 09:23:38,0,3357.22,-99.83,268.67
2778,2026/10/01 09:23:38,500,3354.83,-99.2,269.77
2779,2026/10/01 09:23:39,0,3354.43,-100.05,268.54
2780,2026/10/01 09:23:39,500,3353.89,-100.75,268.65
2781,2026/10/01 09:23:40,0,3355.1,-101.42,268.63
2782,2026/10/01 09:23:40,500,3352.27,-100.48,269.39
2783,2026/10/01 09:23:41,0,3353.7,-101.23,268.85
2784,2026/10/01 09:23:41,500,3352.8,-100.09,269.65
2785,2026/10/01 09:23:42,0,3352.01,-102.28,269.12
2786,2026/10/01 09:23:42,500,3350.93,-98.95,269.37
2787,2026/10/01 09:23:43,0,3351.68,-100.85,268.02
2788,2026/10/01 09:23:43,500,3350.23,-99.44,268.08
2789,2026/10/01 09:23:44,0,3348.4,-98.67,268.11
2790,2026/10/01 09:23:44,500,3348.01,-99.51,268.74
2791,2026/10/01 09:23:45,0,3347.08,-98.8,268.19
2792,2026/10/01 09:23:45,500,3348.77,-103.1,269.59
2793,2026/10/01 09:23:46,0,3348.37,-100.74,268.88
2794,2026/10/01 09:23:46,500,3347.53,-98.35,269.3
2795,2026/10/01 09:23:47,0,3345.96,-99.24,268.75
2796,2026/10/01 09:23:47,500,3344.36,-97.23,269.42
2797,2026/10/01 09:23:48,0,3344.08,-97.44,268.03
2798,2026/10/01 09:23:48,500,3343.56,-99.55,269.0
2799,2026/10/01 09:23:49,0,3343.74,-100.38,269.28
2800,2026/10/01 09:23:49,500,3344.32,-101.44,269.34
2801,2026/10/01 09:23:50,0,3343.74,-100.71,268.89
2802,2026/10/01 09:23:50,500,3341.67,-100.61,268.21
2803,2026/10/01 09:23:51,0,3339.71,-100.89,269.58
2804,2026/10/01 09:23:51,500,3339.99,-101.38,268.88
2805,2026/10/01 09:23:52,0,3341.31,-99.4,268.94
2806,2026/10/01 09:23:52,500,3339.98,-97.46,270.21
2807,2026/10/01 09:23:53,0,3338.94,-98.6,269.15
2808,2026/10/01 09:23:53,500,3338.32,-100.48,268.86
2809,2026/10/01 09:23:54,0,3337.5,-98.48,268.84
2810,2026/10/01 09:23:54,500,3336.57,-99.48,269.46
2811,2026/10/01 09:23:55,0,3338.63,-100.06,268.73
2812,2026/10/01 09:23:55,500,3337.79,-100.15,269.41
2813,2026/10/01 09:23:56,0,3335.19,-100.3,269.71
2814,2026/10/01 09:23:56,500,3333.89,-99.02,269.13
2815,2026/10/01 09:23:57,0,3334.87,-99.79,269.67
2816,2026/10/01 09:23:57,500,3334.06,-101.09,269.15
2817,2026/10/01 09:23:58,0,3334.12,-101.17,268.85
2818,2026/10/01 09:23:58,500,3333.75,-99.54,268.37
2819,2026/10/01 09:23:59,0,3331.57,-99.36,269.35
2820,2026/10/01 09:23:59,500,3332.98,-100.47,269.37
2821,2026/10/01 09:24:00,0,3331.12,-101.7,269.72
2822,2026/10/01 09:24:00,500,3331.34,-98.12,269.68
2823,2026/10/01 09:24:01,0,3330.09,-98.44,270.28
2824,2026/10/01 09:24:01,500,3330.49,-102.98,268.97
2825,2026/10/01 09:24:02,0,3327.31,-97.99,269.45
2826,2026/10/01 09:24:02,500,3329.24,-100.31,268.93
2827,2026/10/01 09:24:03,0,3327.44,-99.72,269.75
2828,2026/10/01 09:24:03,500,3327.62,-98.29,268.83
2829,2026/10/01 09:24:04,0,3328.01,-97.52,269.76
2830,2026/10/01 09:24:04,500,3325.83,-98.5,268.95
2831,2026/10/01 09:24:05,0,3325.16,-99.64,269.71
2832,2026/10/01 09:24:05,500,3325.08,-102.06,269.93
2833,2026/10/01 09:24:06,0,3324.49,-103.04,268.56
2834,2026/10/01 09:24:06,500,3323.46,-98.68,268.68
2835,2026/10/01 09:24:07,0,3323.84,-97.99,269.48
2836,2026/10/01 09:24:07,500,3323.35,-101.22,269.43
2837,2026/10/01 09:24:08,0,3323.05,-100.4,269.23
2838,2026/10/01 09:24:08,500,3321.49,-100.84,269.15
2839,2026/10/01 09:24:09,0,3320.85,-100.88,268.97
2840,2026/10/01 09:24:09,500,3320.98,-98.39,269.57
2841,2026/10/01 09:24:10,0,3320.34,-99.67,268.93
2842,2026/10/01 09:24:10,500,3319.82,-100.34,269.6
2843,2026/10/01 09:24:11,0,3318.91,-96.01,269.14
2844,2026/10/01 09:24:11,500,3319.2,-102.15,269.23
2845,2026/10/01 09:24:12,0,3317.65,-99.18,270.05
2846,2026/10/01 09:24:12,500,3317.78,-101.57,269.93
2847,2026/10/01 09:24:13,0,3317.1,-100.24,268.97
2848,2026/10/01 09:24:13,500,3316.79,-99.78,269.04
2849,2026/10/01 09:24:14,0,3317.24,-98.73,269.87
2850,2026/10/01 09:24:14,500,3314.71,-100.39,268.77
2851,2026/10/01 09:24:15,0,3313.33,-100.55,270.23
2852,2026/10/01 09:24:15,500,3314.24,-100.42,269.58
2853,2026/10/01 09:24:16,0,3313.27,-101.62,269.23
2854,2026/10/01 09:24:16,500,3311.26,-99.05,269.53
2855,2026/10/01 09:24:17,0,3314.54,-99.58,270.21
2856,2026/10/01 09:24:17,500,3313.07,-99.35,268.48
2857,2026/10/01 09:24:18,0,3312.64,-100.1,270.06
2858,2026/10/01 09:24:18,500,3311.36,-100.29,270.16
2859,2026/10/01 09:24:19,0,3311.4,-98.24,269.41
2860,2026/10/01 09:24:19,500,3310.21,-98.47,269.54
2861,2026/10/01 09:24:20,0,3310.68,-97.88,269.65
2862,2026/10/01 09:24:20,500,3309.66,-99.44,269.96
2863,2026/10/01 09:24:21,0,3308.97,-97.97,269.24
2864,2026/10/01 09:24:21,500,3308.51,-100.62,269.6
2865,2026/10/01 09:24:22,0,3309.14,-100.3,269.57
2866,2026/10/01 09:24:22,500,3307.59,-98.21,269.97
2867,2026/10/01 09:24:23,0,3306.12,-98.73,270.98
2868,2026/10/01 09:24:23,500,3306.7,-100.44,269.28
2869,2026/10/01 09:24:24,0,3306.31,-101.57,269.69
2870,2026/10/01 09:24:24,500,3305.3,-100.31,269.28
2871,2026/10/01 09:24:25,0,3304.86,-101.03,269.43
2872,2026/10/01 09:24:25,500,3303.54,-97.41,269.14
2873,2026/10/01 09:24:26,0,3303.97,-98.86,268.92
2874,2026/10/01 09:24:26,500,3302.41,-101.15,270.29
2875,2026/10/01 09:24:27,0,3302.68,-101.57,269.88
2876,2026/10/01 09:24:27,500,3301.84,-101.17,269.76
2877,2026/10/01 09:24:28,0,3302.66,-100.84,269.29
2878,2026/10/01 09:24:28,500,3302.61,-100.25,269.69
2879,2026/10/01 09:24:29,0,3299.95,-98.33,269.16
2880,2026/10/01 09:24:29,500,3300.36,-101.45,269.74
2881,2026/10/01 09:24:30,0,3299.62,-96.57,269.92
2882,2026/10/01 09:24:30,500,3299.74,-101.41,269.5
2883,2026/10/01 09:24:31,0,3298.94,-102.11,269.4
2884,2026/10/01 09:24:31,500,3298.06,-97.47,269.54
2885,2026/10/01 09:24:32,0,3297.95,-98.02,270.2
2886,2026/10/01 09:24:32,500,3297.21,-100.27,269.9
2887,2026/10/01 09:24:33,0,3298.15,-99.43,269.01
2888,2026/10/01 09:24:33,500,3295.75,-99.39,270.18
2889,2026/10/01 09:24:34,0,3296.1,-99.79,270.1
2890,2026/10/01 09:24:34,500,3295.81,-101.94,269.93
2891,2026/10/01 09:24:35,0,3295.26,-103.72,270.67
2892,2026/10/01 09:24:35,500,3294.18,-101.27,269.86
2893,2026/10/01 09:24:36,0,3295.02,-97.28,270.08
2894,2026/10/01 09:24:36,500,3291.77,-97.22,270.1
2895,2026/10/01 09:24:37,0,3292.07,-100.39,270.32
2896,2026/10/01 09:24:37,500,3292.99,-101.44,269.77
2897,2026/10/01 09:24:38,0,3291.27,-99.58,269.57
2898,2026/10/01 09:24:38,500,3290.74,-99.34,270.39
2899,2026/10/01 09:24:39,0,3290.63,-99.1,270.37
2900,2026/10/01 09:24:39,500,3289.89,-103.79,270.56
2901,2026/10/01 09:24:40,0,3290.54,-95.26,270.14
2902,2026/10/01 09:24:40,500,3290.28,-98.3,269.11
2903,2026/10/01 09:24:41,0,3289.14,-100.3,270.03
2904,2026/10/01 09:24:41,500,3289.43,-101.08,269.97
2905,2026/10/01 09:24:42,0,3287.0,-98.52,270.58
2906,2026/10/01 09:24:42,500,3287.69,-99.26,270.5
2907,2026/10/01 09:24:43,0,3288.23,-99.86,270.28
2908,2026/10/01 09:24:43,500,3287.45,-99.31,268.95
2909,2026/10/01 09:24:44,0,3287.34,-100.17,269.58
2910,2026/10/01 09:24:44,500,3285.24,-99.4,269.82
2911,2026/10/01 09:24:45,0,3285.97,-98.91,269.84
2912,2026/10/01 09:24:45,500,3284.42,-99.49,270.1
2913,2026/10/01 09:24:46,0,3284.77,-99.56,270.77
2914,2026/10/01 09:24:46,500,3284.87,-97.91,270.43
2915,2026/10/01 09:24:47,0,3282.71,-102.4,269.58
2916,2026/10/01 09:24:47,500,3281.39,-101.2,269.64
2917,2026/10/01 09:24:48,0,3283.88,-99.96,269.6
2918,2026/10/01 09:24:48,500,3282.32,-101.09,270.01
2919,2026/10/01 09:24:49,0,3281.38,-100.59,270.48
2920,2026/10/01 09:24:49,500,3280.86,-98.07,270.57
2921,2026/10/01 09:24:50,0,3278.85,-100.22,269.91
2922,2026/10/01 09:24:50,500,3280.23,-102.74,270.09
2923,2026/10/01 09:24:51,0,3279.17,-100.64,270.95
2924,2026/10/01 09:24:51,500,3279.17,-99.91,269.38
2925,2026/10/01 09:24:52,0,3278.69,-99.94,270.45
2926,2026/10/01 09:24:52,500,3275.5,-99.17,270.4
2927,2026/10/01 09:24:53,0,3278.13,-99.29,269.99
2928,2026/10/01 09:24:53,500,3277.42,-100.21,270.14
2929,2026/10/01 09:24:54,0,3277.07,-101.79,270.37
2930,2026/10/01 09:24:54,500,3276.2,-100.66,270.02
2931,2026/10/01 09:24:55,0,3275.93,-100.93,269.86
2932,2026/10/01 09:24:55,500,3275.57,-100.43,269.83
2933,2026/10/01 09:24:56,0,3275.19,-98.96,271.12
2934,2026/10/01 09:24:56,500,3274.89,-99.39,269.98
2935,2026/10/01 09:24:57,0,3274.28,-98.76,270.31
2936,2026/10/01 09:24:57,500,3275.08,-100.58,270.61
2937,2026/10/01 09:24:58,0,3272.56,-97.74,270.12
2938,2026/10/01 09:24:58,500,3272.39,-98.99,270.25
2939,2026/10/01 09:24:59,0,3273.59,-99.83,270.49
2940,2026/10/01 09:24:59,500,3271.66,-99.09,269.83
2941,2026/10/01 09:25:00,0,3272.07,-101.01,269.49
2942,2026/10/01 09:25:00,500,3270.99,-103.16,269.9
2943,2026/10/01 09:25:01,0,3270.24,-100.91,271.14
2944,2026/10/01 09:25:01,500,3270.77,-98.88,269.99
2945,2026/10/01 09:25:02,0,3269.94,-99.88,270.36
2946,2026/10/01 09:25:02,500,3267.85,-100.21,269.64
2947,2026/10/01 09:25:03,0,3268.77,-101.27,270.98
2948,2026/10/01 09:25:03,500,3267.39,-102.93,270.16
2949,2026/10/01 09:25:04,0,3268.75,-97.86,270.09
2950,2026/10/01 09:25:04,500,3268.69,-100.31,270.26
2951,2026/10/01 09:25:05,0,3268.34,-100.64,271.59
2952,2026/10/01 09:25:05,500,3266.69,-101.01,270.57
2953,2026/10/01 09:25:06,0,3265.59,-98.12,270.28
2954,2026/10/01 09:25:06,500,3265.77,-98.68,268.92
2955,2026/10/01 09:25:07,0,3264.32,-101.45,271.05
2956,2026/10/01 09:25:07,500,3266.51,-98.25,270.03
2957,2026/10/01 09:25:08,0,3265.15,-100.22,269.96
2958,2026/10/01 09:25:08,500,3263.99,-100.92,270.01
2959,2026/10/01 09:25:09,0,3264.11,-100.44,271.14
2960,2026/10/01 09:25:09,500,3262.48,-101.17,270.39
2961,2026/10/01 09:25:10,0,3261.55,-101.98,269.66
2962,2026/10/01 09:25:10,500,3260.23,-98.84,270.32
2963,2026/10/01 09:25:11,0,3261.63,-100.33,270.02
2964,2026/10/01 09:25:11,500,3260.96,-99.07,270.62
2965,2026/10/01 09:25:12,0,3261.11,-99.57,270.26
2966,2026/10/01 09:25:12,500,3260.27,-99.18,269.67
2967,2026/10/01 09:25:13,0,3260.2,-103.07,270.43
2968,2026/10/01 09:25:13,500,3260.04,-101.3,270.45
2969,2026/10/01 09:25:14,0,3257.79,-99.15,269.86
2970,2026/10/01 09:25:14,500,3259.22,-101.91,269.51
2971,2026/10/01 09:25:15,0,3257.77,-99.44,270.64
2972,2026/10/01 09:25:15,500,3258.08,-102.09,270.37
2973,2026/10/01 09:25:16,0,3258.06,-99.98,270.41
2974,2026/10/01 09:25:16,500,3257.63,-97.59,270.89
2975,2026/10/01 09:25:17,0,3256.49,-98.84,269.56
2976,2026/10/01 09:25:17,500,3256.1,-102.78,270.57
2977,2026/10/01 09:25:18,0,3256.24,-98.73,270.88
2978,2026/10/01 09:25:18,500,3253.9,-97.27,270.46
2979,2026/10/01 09:25:19,0,3253.92,-95.8,269.85
2980,2026/10/01 09:25:19,500,3254.03,-99.29,270.24
2981,2026/10/01 09:25:20,0,3252.76,996.07,270.35
2982,2026/10/01 09:25:20,500,3253.19,998.74,269.8
2983,2026/10/01 09:25:21,0,3252.72,990.83,270.78
2984,2026/10/01 09:25:21,500,3252.63,-100.28,270.6
2985,2026/10/01 09:25:22,0,3252.1,-98.44,270.29
2986,2026/10/01 09:25:22,500,3252.58,-101.26,271.11
2987,2026/10/01 09:25:23,0,3251.76,-99.44,270.36
2988,2026/10/01 09:25:23,500,3250.83,-103.73,271.37
2989,2026/10/01 09:25:24,0,3250.2,-101.43,270.51
2990,2026/10/01 09:25:24,500,3250.01,-100.01,270.17
2991,2026/10/01 09:25:25,0,3249.61,-100.55,270.19
2992,2026/10/01 09:25:25,500,3251.23,-101.95,270.71
2993,2026/10/01 09:25:26,0,3247.64,-100.75,270.14
2994,2026/10/01 09:25:26,500,3247.65,-99.51,270.75
2995,2026/10/01 09:25:27,0,3247.12,-100.13,270.49
2996,2026/10/01 09:25:27,500,3247.78,-99.91,270.48
2997,2026/10/01 09:25:28,0,3247.34,-98.9,270.68
2998,2026/10/01 09:25:28,500,3246.28,-100.51,271.21
2999,2026/10/01 09:25:29,0,3247.05,-97.96,270.45
3000,2026/10/01 09:25:29,500,3246.21,-101.48,270.82
3001,2026/10/01 09:25:30,0,3246.26,-97.11,270.95
3002,2026/10/01 09:25:30,500,3246.06,-98.33,270.14
3003,2026/10/01 09:25:31,0,3242.99,-100.53,271.01
3004,2026/10/01 09:25:31,500,3244.83,-100.43,271.16
3005,2026/10/01 09:25:32,0,3242.85,-99.69,271.25
3006,2026/10/01 09:25:32,500,3243.67,-99.1,270.22
3007,2026/10/01 09:25:33,0,3243.01,-98.36,270.26
3008,2026/10/01 09:25:33,500,3242.64,-102.01,270.76
3009,2026/10/01 09:25:34,0,3241.29,-99.34,270.74
3010,2026/10/01 09:25:34,500,3242.68,-103.17,270.81
3011,2026/10/01 09:25:35,0,3240.42,-100.27,270.63
3012,2026/10/01 09:25:35,500,3241.65,-97.82,270.91
3013,2026/10/01 09:25:36,0,3239.5,-102.13,269.55
3014,2026/10/01 09:25:36,500,3240.23,-102.4,271.16
3015,2026/10/01 09:25:37,0,3241.29,-99.67,271.58
3016,2026/10/01 09:25:37,500,3241.34,-97.92,270.57
3017,2026/10/01 09:25:38,0,3237.75,-99.51,270.96
3018,2026/10/01 09:25:38,500,3238.09,-102.86,271.7
3019,2026/10/01 09:25:39,0,3237.84,-102.52,270.89
3020,2026/10/01 09:25:39,500,3239.66,-99.85,271.03
3021,2026/10/01 09:25:40,0,3237.41,-101.77,271.81
3022,2026/10/01 09:25:40,500,3237.92,-99.79,271.91
3023,2026/10/01 09:25:41,0,3236.91,-99.71,270.37
3024,2026/10/01 09:25:41,500,3235.32,-100.73,270.7
3025,2026/10/01 09:25:42,0,3234.39,-97.28,271.36
3026,2026/10/01 09:25:42,500,3235.0,-99.11,271.17
3027,2026/10/01 09:25:43,0,3236.95,-98.18,271.28
3028,2026/10/01 09:25:43,500,3234.91,-98.62,269.63
3029,2026/10/01 09:25:44,0,3235.16,-100.23,269.97
3030,2026/10/01 09:25:44,500,3232.79,-100.29,271.85
3031,2026/10/01 09:25:45,0,3233.28,-100.45,271.35
3032,2026/10/01 09:25:45,500,3233.77,-98.98,271.15
3033,2026/10/01 09:25:46,0,3231.89,-100.98,270.36
3034,2026/10/01 09:25:46,500,3232.32,-97.41,270.78
3035,2026/10/01 09:25:47,0,3231.28,-101.12,271.28
3036,2026/10/01 09:25:47,500,3232.26,-99.68,270.31
3037,2026/10/01 09:25:48,0,3231.53,-100.34,270.65
3038,2026/10/01 09:25:48,500,3231.37,-100.68,271.2
3039,2026/10/01 09:25:49,0,3231.14,-96.74,271.32
3040,2026/10/01 09:25:49,500,3229.88,-100.66,270.77
3041,2026/10/01 09:25:50,0,3230.48,-100.46,271.53
3042,2026/10/01 09:25:50,500,3228.82,-101.0,271.52
3043,2026/10/01 09:25:51,0,3229.41,-99.94,270.16
3044,2026/10/01 09:25:51,500,3226.95,-100.15,271.88
3045,2026/10/01 09:25:52,0,3227.55,-101.68,271.65
3046,2026/10/01 09:25:52,500,3229.62,-100.64,271.18
3047,2026/10/01 09:25:53,0,3227.88,-99.09,271.01
3048,2026/10/01 09:25:53,500,3227.5,-98.46,271.48
3049,2026/10/01 09:25:54,0,3225.97,-99.96,271.36
3050,2026/10/01 09:25:54,500,3225.38,-99.91,270.97
3051,2026/10/01 09:25:55,0,3225.67,-100.54,271.91
3052,2026/10/01 09:25:55,500,3225.45,-100.75,270.07
3053,2026/10/01 09:25:56,0,3226.66,-101.38,270.79
3054,2026/10/01 09:25:56,500,3225.57,-102.33,271.36
3055,2026/10/01 09:25:57,0,3224.47,-101.05,271.11
3056,2026/10/01 09:25:57,500,3224.06,-98.64,271.5
3057,2026/10/01 09:25:58,0,3224.24,-100.64,270.46
3058,2026/10/01 09:25:58,500,3222.2,-100.52,271.04
3059,2026/10/01 09:25:59,0,3221.35,-100.55,271.75
3060,2026/10/01 09:25:59,500,3223.11,-98.13,270.43
3061,2026/10/01 09:26:00,0,3222.2,-101.39,271.06
3062,2026/10/01 09:26:00,500,3220.73,-99.58,270.93
3063,2026/10/01 09:26:01,0,3219.73,-100.1,271.38
3064,2026/10/01 09:26:01,500,3221.75,-99.9,271.4
3065,2026/10/01 09:26:02,0,3220.25,-99.63,271.26
3066,2026/10/01 09:26:02,500,3220.62,-99.91,271.08
3067,2026/10/01 09:26:03,0,3219.72,-98.81,271.26
3068,2026/10/01 09:26:03,500,3219.54,-100.04,271.15
3069,2026/10/01 09:26:04,0,3218.73,-97.38,271.23
3070,2026/10/01 09:26:04,500,3218.78,-99.93,271.98
3071,2026/10/01 09:26:05,0,3218.94,-102.56,270.66
3072,2026/10/01 09:26:05,500,3217.89,-99.04,271.44
3073,2026/10/01 09:26:06,0,3217.48,-99.41,270.8
3074,2026/10/01 09:26:06,500,3217.87,-99.95,272.26
3075,2026/10/01 09:26:07,0,3217.56,-100.39,271.33
3076,2026/10/01 09:26:07,500,3215.75,-103.17,270.66
3077,2026/10/01 09:26:08,0,3216.28,-102.92,271.19
3078,2026/10/01 09:26:08,500,3215.52,-97.53,270.58
3079,2026/10/01 09:26:09,0,3215.59,-100.88,271.0
3080,2026/10/01 09:26:09,500,3216.37,-98.55,271.63
3081,2026/10/01 09:26:10,0,3215.15,-102.4,272.01
3082,2026/10/01 09:26:10,500,3216.24,-101.57,271.88
3083,2026/10/01 09:26:11,0,3214.32,-98.98,271.29
3084,2026/10/01 09:26:11,500,3213.66,-100.15,271.64
3085,2026/10/01 09:26:12,0,3213.42,-99.19,271.76
3086,2026/10/01 09:26:12,500,3213.19,-100.02,272.49
3087,2026/10/01 09:26:13,0,3212.98,-100.31,271.07
3088,2026/10/01 09:26:13,500,3211.58,-101.02,272.14
3089,2026/10/01 09:26:14,0,3211.83,-101.79,270.84
3090,2026/10/01 09:26:14,500,3211.08,998.17,271.99
3091,2026/10/01 09:26:15,0,3212.14,-97.65,271.09
3092,2026/10/01 09:26:15,500,3209.42,-101.56,271.07
3093,2026/10/01 09:26:16,0,3210.73,-101.66,271.27
3094,2026/10/01 09:26:16,500,3209.04,-100.52,271.04
3095,2026/10/01 09:26:17,0,3210.25,-99.49,271.64
3096,2026/10/01 09:26:17,500,3209.24,-100.27,272.05
3097,2026/10/01 09:26:18,0,3207.76,-99.25,270.39
3098,2026/10/01 09:26:18,500,3209.61,-100.07,271.37
3099,2026/10/01 09:26:19,0,3206.5,-100.17,270.92
3100,2026/10/01 09:26:19,500,3208.14,-96.38,271.92
3101,2026/10/01 09:26:20,0,3208.37,-100.79,272.18
3102,2026/10/01 09:26:20,500,3208.57,-97.54,271.39
3103,2026/10/01 09:26:21,0,3205.84,-97.83,271.14
3104,2026/10/01 09:26:21,500,3206.37,-99.24,270.69
3105,2026/10/01 09:26:22,0,3207.31,-102.89,272.48
3106,2026/10/01 09:26:22,500,3207.02,-99.95,272.17
3107,2026/10/01 09:26:23,0,3206.78,-100.77,270.53
3108,2026/10/01 09:26:23,500,3207.46,-99.97,271.85
3109,2026/10/01 09:26:24,0,3204.66,-101.59,270.97
3110,2026/10/01 09:26:24,500,3205.02,-98.87,271.28
3111,2026/10/01 09:26:25,0,3204.11,-98.52,270.92
3112,2026/10/01 09:26:25,500,3202.46,-98.24,270.55
3113,2026/10/01 09:26:26,0,3203.63,-100.57,271.54
3114,2026/10/01 09:26:26,500,3201.77,-101.59,272.51
3115,2026/10/01 09:26:27,0,3202.61,-99.47,271.11
3116,2026/10/01 09:26:27,500,3201.51,-97.37,272.03
3117,2026/10/01 09:26:28,0,3202.7,-99.9,272.11
3118,2026/10/01 09:26:28,500,3201.39,-99.32,271.95
3119,2026/10/01 09:26:29,0,3200.25,-100.35,272.6
3120,2026/10/01 09:26:29,500,3202.03,-100.76,272.09
3121,2026/10/01 09:26:30,0,3200.52,-99.01,272.52
3122,2026/10/01 09:26:30,500,3200.33,-100.16,271.05
3123,2026/10/01 09:26:31,0,3199.55,-99.39,272.0
3124,2026/10/01 09:26:31,500,3200.92,-99.24,272.39
3125,2026/10/01 09:26:32,0,3199.89,-99.48,271.26
3126,2026/10/01 09:26:32,500,3198.85,-99.16,269.91
3127,2026/10/01 09:26:33,0,3197.47,-101.28,271.02
3128,2026/10/01 09:26:33,500,3200.68,-101.37,271.3
3129,2026/10/01 09:26:34,0,3199.93,-100.06,271.95
3130,2026/10/01 09:26:34,500,3199.17,-100.03,271.39
3131,2026/10/01 09:26:35,0,3197.12,-100.78,271.69
3132,2026/10/01 09:26:35,500,3196.95,-99.64,271.39
3133,2026/10/01 09:26:36,0,3197.35,-98.64,271.63
3134,2026/10/01 09:26:36,500,3195.98,-98.22,271.67
3135,2026/10/01 09:26:37,0,3195.58,-97.88,271.4
3136,2026/10/01 09:26:37,500,3197.21,-101.97,272.13
3137,2026/10/01 09:26:38,0,3195.67,-101.74,272.42
3138,2026/10/01 09:26:38,500,3194.49,-100.43,271.16
3139,2026/10/01 09:26:39,0,3195.83,-99.88,271.85
3140,2026/10/01 09:26:39,500,3194.28,-100.36,271.03
3141,2026/10/01 09:26:40,0,3192.83,-100.83,270.88
3142,2026/10/01 09:26:40,500,3193.18,-100.46,272.28
3143,2026/10/01 09:26:41,0,3193.36,-99.28,272.77
3144,2026/10/01 09:26:41,500,3193.62,-101.99,271.61
3145,2026/10/01 09:26:42,0,3193.26,-96.48,272.7
3146,2026/10/01 09:26:42,500,3193.78,-99.97,271.46
3147,2026/10/01 09:26:43,0,3192.29,-98.42,271.68
3148,2026/10/01 09:26:43,500,3191.79,-100.87,272.64
3149,2026/10/01 09:26:44,0,3192.84,-99.14,271.35
3150,2026/10/01 09:26:44,500,3192.3,-99.85,272.27
3151,2026/10/01 09:26:45,0,3191.03,-98.71,271.65
3152,2026/10/01 09:26:45,500,3191.12,-100.3,271.47
3153,2026/10/01 09:26:46,0,3190.19,-97.67,271.58
3154,2026/10/01 09:26:46,500,3189.32,-102.24,270.76
3155,2026/10/01 09:26:47,0,3191.69,-98.58,272.48
3156,2026/10/01 09:26:47,500,3189.18,-99.82,271.97
3157,2026/10/01 09:26:48,0,3189.54,-101.53,271.79
3158,2026/10/01 09:26:48,500,3187.77,-97.07,271.52
3159,2026/10/01 09:26:49,0,3189.26,-97.23,272.03
3160,2026/10/01 09:26:49,500,3187.39,-103.11,272.32
3161,2026/10/01 09:26:50,0,3189.38,-99.73,271.75
3162,2026/10/01 09:26:50,500,3189.17,-98.94,272.38
3163,2026/10/01 09:26:51,0,3187.87,-99.34,272.04
3164,2026/10/01 09:26:51,500,3187.2,-97.73,271.86
3165,2026/10/01 09:26:52,0,3186.64,-98.04,272.37
3166,2026/10/01 09:26:52,500,3186.44,-99.6,271.67
3167,2026/10/01 09:26:53,0,3186.5,-96.58,271.3
3168,2026/10/01 09:26:53,500,3185.93,-98.59,271.91
3169,2026/10/01 09:26:54,0,3186.34,-100.53,271.96
3170,2026/10/01 09:26:54,500,3184.51,-100.83,271.84
3171,2026/10/01 09:26:55,0,3186.16,-98.13,272.55
3172,2026/10/01 09:26:55,500,3184.29,-101.19,272.21
3173,2026/10/01 09:26:56,0,3183.72,-100.61,271.91
3174,2026/10/01 09:26:56,500,3184.3,-100.36,271.97
3175,2026/10/01 09:26:57,0,3184.05,-99.47,272.02
3176,2026/10/01 09:26:57,500,3182.01,-100.29,272.25
3177,2026/10/01 09:26:58,0,3182.71,-101.98,272.02
3178,2026/10/01 09:26:58,500,3181.05,-98.26,271.93
3179,2026/10/01 09:26:59,0,3181.94,-100.61,271.34
3180,2026/10/01 09:26:59,500,3181.67,-96.97,271.66
3181,2026/10/01 09:27:00,0,3182.12,-99.54,272.16
3182,2026/10/01 09:27:00,500,3180.94,-98.1,272.12
3183,2026/10/01 09:27:01,0,3180.83,-99.05,271.29
3184,2026/10/01 09:27:01,500,3182.01,-98.03,271.76
3185,2026/10/01 09:27:02,0,3182.32,-99.14,271.59
3186,2026/10/01 09:27:02,500,3179.63,-99.65,272.74
3187,2026/10/01 09:27:03,0,3180.88,-98.36,272.19
3188,2026/10/01 09:27:03,500,3180.08,-96.27,272.29
3189,2026/10/01 09:27:04,0,3178.08,-100.4,272.04
3190,2026/10/01 09:27:04,500,3178.54,-98.81,271.77
3191,2026/10/01 09:27:05,0,3176.45,-100.01,271.87
3192,2026/10/01 09:27:05,500,3178.83,-99.24,272.34
3193,2026/10/01 09:27:06,0,3177.41,-99.94,271.97
3194,2026/10/01 09:27:06,500,3178.09,-103.24,272.36
3195,2026/10/01 09:27:07,0,3179.74,-100.3,272.19
3196,2026/10/01 09:27:07,500,3178.66,-98.5,272.27
3197,2026/10/01 09:27:08,0,3176.48,-101.15,272.3
3198,2026/10/01 09:27:08,500,3175.99,-98.62,271.87
3199,2026/10/01 09:27:09,0,3177.54,-99.72,271.99
3200,2026/10/01 09:27:09,500,3175.4,-100.29,272.6
3201,2026/10/01 09:27:10,0,3176.71,-98.64,273.07
3202,2026/10/01 09:27:10,500,3177.81,-98.98,272.62
3203,2026/10/01 09:27:11,0,3175.87,-99.37,270.77
3204,2026/10/01 09:27:11,500,3175.98,-98.48,271.8
3205,2026/10/01 09:27:12,0,3175.6,-99.7,272.24
3206,2026/10/01 09:27:12,500,3174.01,-102.47,271.64
3207,2026/10/01 09:27:13,0,3174.4,-100.57,271.62
3208,2026/10/01 09:27:13,500,3173.11,-102.71,271.99
3209,2026/10/01 09:27:14,0,3174.62,-99.01,272.38
3210,2026/10/01 09:27:14,500,3172.43,-98.66,272.52
3211,2026/10/01 09:27:15,0,3173.57,-98.59,272.04
3212,2026/10/01 09:27:15,500,3173.62,-99.27,272.0
3213,2026/10/01 09:27:16,0,3172.04,-98.55,271.81
3214,2026/10/01 09:27:16,500,3171.57,-102.36,272.49
3215,2026/10/01 09:27:17,0,3171.72,-100.16,272.47
3216,2026/10/01 09:27:17,500,3170.86,-102.12,272.71
3217,2026/10/01 09:27:18,0,3171.41,-100.54,272.32
3218,2026/10/01 09:27:18,500,3170.27,-97.58,271.61
3219,2026/10/01 09:27:19,0,3170.04,-98.36,272.1
3220,2026/10/01 09:27:19,500,3170.87,-99.01,272.71
3221,2026/10/01 09:27:20,0,3170.64,-100.27,271.42
3222,2026/10/01 09:27:20,500,3169.63,-101.49,272.25
3223,2026/10/01 09:27:21,0,3168.26,-99.72,272.44
3224,2026/10/01 09:27:21,500,3170.24,-98.33,273.31
3225,2026/10/01 09:27:22,0,3168.66,-99.39,272.01
3226,2026/10/01 09:27:22,500,3170.39,-102.38,272.26
3227,2026/10/01 09:27:23,0,3168.35,-99.84,273.17
3228,2026/10/01 09:27:23,500,3168.28,-102.87,272.04
3229,2026/10/01 09:27:24,0,3167.55,-98.79,272.87
3230,2026/10/01 09:27:24,500,3167.81,-101.04,272.54
3231,2026/10/01 09:27:25,0,3170.12,-101.83,272.24
3232,2026/10/01 09:27:25,500,3166.78,-98.77,272.58
3233,2026/10/01 09:27:26,0,3167.8,-99.16,272.29
3234,2026/10/01 09:27:26,500,3166.57,-99.65,273.5
3235,2026/10/01 09:27:27,0,3167.16,-96.71,271.34
3236,2026/10/01 09:27:27,500,3164.4,-99.05,272.24
3237,2026/10/01 09:27:28,0,3167.23,-100.97,272.26
3238,2026/10/01 09:27:28,500,3165.67,-99.22,272.33
3239,2026/10/01 09:27:29,0,3164.9,-100.43,272.94
3240,2026/10/01 09:27:29,500,3165.57,-98.1,272.18
3241,2026/10/01 09:27:30,0,3164.68,-99.58,272.66
3242,2026/10/01 09:27:30,500,3163.38,-99.43,272.53
3243,2026/10/01 09:27:31,0,3162.08,-102.16,272.84
3244,2026/10/01 09:27:31,500,3165.21,-99.91,272.36
3245,2026/10/01 09:27:32,0,3163.3,-100.08,272.6
3246,2026/10/01 09:27:32,500,3162.71,-101.54,272.38
3247,2026/10/01 09:27:33,0,3162.5,-100.33,271.96
3248,2026/10/01 09:27:33,500,3163.83,-99.35,273.26
3249,2026/10/01 09:27:34,0,3162.0,-100.01,272.08
3250,2026/10/01 09:27:34,500,3162.64,-102.12,272.23
3251,2026/10/01 09:27:35,0,3161.58,-100.41,272.05
3252,2026/10/01 09:27:35,500,3160.58,-100.7,272.68
3253,2026/10/01 09:27:36,0,3162.03,-99.71,272.25
3254,2026/10/01 09:27:36,500,3161.92,-99.87,273.25
3255,2026/10/01 09:27:37,0,3160.23,-100.62,272.77
3256,2026/10/01 09:27:37,500,3160.48,-100.68,272.37
3257,2026/10/01 09:27:38,0,3160.32,-99.9,272.06
3258,2026/10/01 09:27:38,500,3160.33,-98.56,272.46
3259,2026/10/01 09:27:39,0,3161.28,-99.58,272.79
3260,2026/10/01 09:27:39,500,3159.18,-97.87,272.51
3261,2026/10/01 09:27:40,0,3158.91,-98.3,272.47
3262,2026/10/01 09:27:40,500,3158.77,-97.75,272.03
3263,2026/10/01 09:27:41,0,3157.89,-97.95,273.67
3264,2026/10/01 09:27:41,500,3157.0,-97.66,272.46
3265,2026/10/01 09:27:42,0,3158.22,-101.73,271.88
3266,2026/10/01 09:27:42,500,3158.28,-99.03,272.03
3267,2026/10/01 09:27:43,0,3157.59,-98.17,272.4
3268,2026/10/01 09:27:43,500,3157.28,-97.9,273.55
3269,2026/10/01 09:27:44,0,3156.35,-101.16,272.5
3270,2026/10/01 09:27:44,500,3157.01,-99.01,272.41
3271,2026/10/01 09:27:45,0,3156.68,-99.89,273.02
3272,2026/10/01 09:27:45,500,3156.66,-97.23,273.06
3273,2026/10/01 09:27:46,0,3156.28,-102.08,272.94
3274,2026/10/01 09:27:46,500,3156.08,-101.15,272.72
3275,2026/10/01 09:27:47,0,3156.56,-102.72,272.07
3276,2026/10/01 09:27:47,500,3155.7,-99.78,272.26
3277,2026/10/01 09:27:48,0,3155.37,-96.6,271.84
3278,2026/10/01 09:27:48,500,3153.33,-100.07,272.53
3279,2026/10/01 09:27:49,0,3155.31,-99.85,272.44
3280,2026/10/01 09:27:49,500,3153.97,-99.17,272.39
3281,2026/10/01 09:27:50,0,3154.02,-100.17,272.8
3282,2026/10/01 09:27:50,500,3152.68,-99.45,272.34
3283,2026/10/01 09:27:51,0,3155.12,-99.41,272.5
3284,2026/10/01 09:27:51,500,3151.21,-101.27,272.44
3285,2026/10/01 09:27:52,0,3154.12,-100.14,272.67
3286,2026/10/01 09:27:52,500,3153.02,-98.89,272.87
3287,2026/10/01 09:27:53,0,3150.9,-98.61,272.03
3288,2026/10/01 09:27:53,500,3153.8,-98.05,272.93
3289,2026/10/01 09:27:54,0,3152.33,-99.5,272.84
3290,2026/10/01 09:27:54,500,3149.78,-99.47,272.93
3291,2026/10/01 09:27:55,0,3151.07,-98.87,272.79
3292,2026/10/01 09:27:55,500,3151.59,-100.89,272.91
3293,2026/10/01 09:27:56,0,3152.28,-100.95,272.53
3294,2026/10/01 09:27:56,500,3150.33,-100.19,272.96
3295,2026/10/01 09:27:57,0,3148.29,-101.91,273.32
3296,2026/10/01 09:27:57,500,3151.32,-99.39,272.5
3297,2026/10/01 09:27:58,0,3150.3,-98.43,272.53
3298,2026/10/01 09:27:58,500,3147.87,-101.07,273.08
3299,2026/10/01 09:27:59,0,3149.68,-99.35,272.49
3300,2026/10/01 09:27:59,500,3149.52,-100.94,272.42
3301,2026/10/01 09:28:00,0,3148.65,-101.52,272.99
3302,2026/10/01 09:28:00,500,3148.0,-96.92,272.57
3303,2026/10/01 09:28:01,0,3147.93,-101.5,273.41
3304,2026/10/01 09:28:01,500,3147.91,-101.92,272.57
3305,2026/10/01 09:28:02,0,3148.2,-99.68,272.4
3306,2026/10/01 09:28:02,500,3148.3,-99.6,272.81
3307,2026/10/01 09:28:03,0,3145.71,-99.0,273.04
3308,2026/10/01 09:28:03,500,3147.39,-97.0,272.98
3309,2026/10/01 09:28:04,0,3147.33,-101.17,273.1
3310,2026/10/01 09:28:04,500,3146.83,-100.87,272.56
3311,2026/10/01 09:28:05,0,3146.12,-97.59,273.41
3312,2026/10/01 09:28:05,500,3147.34,-98.59,272.02
3313,2026/10/01 09:28:06,0,3147.04,-98.8,272.46
3314,2026/10/01 09:28:06,500,3145.42,-100.88,272.88
3315,2026/10/01 09:28:07,0,3145.41,-98.31,272.52
3316,2026/10/01 09:28:07,500,3145.85,-98.8,272.72
3317,2026/10/01 09:28:08,0,3146.02,-99.72,272.39
3318,2026/10/01 09:28:08,500,3144.1,-100.88,272.78
3319,2026/10/01 09:28:09,0,3143.67,-99.84,273.12
3320,2026/10/01 09:28:09,500,3144.49,-97.53,272.63
3321,2026/10/01 09:28:10,0,3143.13,-101.64,272.46
3322,2026/10/01 09:28:10,500,3142.23,-101.2,272.68
3323,2026/10/01 09:28:11,0,3142.89,-100.94,273.47
3324,2026/10/01 09:28:11,500,3143.64,-100.62,273.47
3325,2026/10/01 09:28:12,0,3144.31,-100.02,272.69
3326,2026/10/01 09:28:12,500,3142.26,-98.56,273.19
3327,2026/10/01 09:28:13,0,3142.49,-99.31,272.93
3328,2026/10/01 09:28:13,500,3142.48,-99.91,273.59
3329,2026/10/01 09:28:14,0,3141.6,-99.58,273.04
3330,2026/10/01 09:28:14,500,3141.3,-99.06,272.85
3331,2026/10/01 09:28:15,0,3141.91,-102.52,273.76
3332,2026/10/01 09:28:15,500,3140.45,-98.39,272.5
3333,2026/10/01 09:28:16,0,3140.56,-101.24,273.13
3334,2026/10/01 09:28:16,500,3140.78,-100.67,273.66
3335,2026/10/01 09:28:17,0,3140.96,-99.49,273.32
3336,2026/10/01 09:28:17,500,3139.26,-100.11,272.61
3337,2026/10/01 09:28:18,0,3140.13,-99.27,272.59
3338,2026/10/01 09:28:18,500,3138.97,-99.79,272.3
3339,2026/10/01 09:28:19,0,3139.22,-100.43,273.75
3340,2026/10/01 09:28:19,500,3140.17,-97.71,272.45
3341,2026/10/01 09:28:20,0,3139.25,-98.94,273.38
3342,2026/10/01 09:28:20,500,3140.41,-99.55,272.31
3343,2026/10/01 09:28:21,0,3138.78,-98.96,274.31
3344,2026/10/01 09:28:21,500,3139.38,-101.06,272.36
3345,2026/10/01 09:28:22,0,3139.02,-96.74,273.06
3346,2026/10/01 09:28:22,500,3138.14,-101.63,273.65
3347,2026/10/01 09:28:23,0,3136.87,-99.83,272.7
3348,2026/10/01 09:28:23,500,3137.61,-100.43,273.34
3349,2026/10/01 09:28:24,0,3137.03,-100.49,272.92
3350,2026/10/01 09:28:24,500,3136.77,-100.68,273.27
3351,2026/10/01 09:28:25,0,3137.13,-101.16,273.62
3352,2026/10/01 09:28:25,500,3135.61,-98.22,272.87
3353,2026/10/01 09:28:26,0,3135.85,-101.81,273.84
3354,2026/10/01 09:28:26,500,3135.51,-98.52,273.27
3355,2026/10/01 09:28:27,0,3135.89,-99.03,274.07
3356,2026/10/01 09:28:27,500,3135.25,-100.57,272.69
3357,2026/10/01 09:28:28,0,3135.08,-99.2,272.79
3358,2026/10/01 09:28:28,500,3135.52,-100.24,273.0
3359,2026/10/01 09:28:29,0,3134.83,-101.65,272.52
3360,2026/10/01 09:28:29,500,3134.97,-101.64,273.59
3361,2026/10/01 09:28:30,0,3133.85,-99.02,273.1
3362,2026/10/01 09:28:30,500,3133.85,-99.09,272.57
3363,2026/10/01 09:28:31,0,3135.92,-99.64,272.73
3364,2026/10/01 09:28:31,500,3133.51,-100.59,272.72
3365,2026/10/01 09:28:32,0,3132.16,-100.29,273.62
3366,2026/10/01 09:28:32,500,3133.89,-100.49,273.39
3367,2026/10/01 09:28:33,0,3132.83,-102.62,273.1
3368,2026/10/01 09:28:33,500,3133.37,-99.91,272.99
3369,2026/10/01 09:28:34,0,3132.88,-99.22,273.06
3370,2026/10/01 09:28:34,500,3133.17,-99.9,274.08
3371,2026/10/01 09:28:35,0,3132.43,-97.35,273.07
3372,2026/10/01 09:28:35,500,3132.11,-101.51,273.63
3373,2026/10/01 09:28:36,0,3132.99,-100.99,273.04
3374,2026/10/01 09:28:36,500,3130.08,-99.8,274.05
3375,2026/10/01 09:28:37,0,3130.57,-99.63,272.6
3376,2026/10/01 09:28:37,500,3130.75,-102.85,273.62
3377,2026/10/01 09:28:38,0,3129.84,-99.1,272.85
3378,2026/10/01 09:28:38,500,3130.59,-99.63,274.34
3379,2026/10/01 09:28:39,0,3130.29,-103.18,273.59
3380,2026/10/01 09:28:39,500,3131.32,-100.18,272.39
3381,2026/10/01 09:28:40,0,3130.25,-101.21,272.78
3382,2026/10/01 09:28:40,500,3129.93,-100.68,273.6
3383,2026/10/01 09:28:41,0,3129.58,-102.01,273.59
3384,2026/10/01 09:28:41,500,3128.83,-99.38,273.56
3385,2026/10/01 09:28:42,0,3130.17,-97.36,273.35
3386,2026/10/01 09:28:42,500,3130.21,-99.6,273.12
3387,2026/10/01 09:28:43,0,3128.05,-103.24,273.83
3388,2026/10/01 09:28:43,500,3130.11,-99.57,272.86
3389,2026/10/01 09:28:44,0,3128.06,-100.29,273.32
3390,2026/10/01 09:28:44,500,3127.78,-101.65,272.99
3391,2026/10/01 09:28:45,0,3128.55,-99.47,272.95
3392,2026/10/01 09:28:45,500,3128.4,-98.68,273.08
3393,2026/10/01 09:28:46,0,3127.68,-101.0,272.95
3394,2026/10/01 09:28:46,500,3127.25,-102.47,273.6
3395,2026/10/01 09:28:47,0,3128.25,-103.02,272.59
3396,2026/10/01 09:28:47,500,3126.6,-101.0,273.55
3397,2026/10/01 09:28:48,0,3126.84,-100.23,273.02
3398,2026/10/01 09:28:48,500,3128.04,-100.77,273.36
3399,2026/10/01 09:28:49,0,3125.4,-101.02,273.27
3400,2026/10/01 09:28:49,500,3125.89,-99.15,273.1
3401,2026/10/01 09:28:50,0,3126.87,-99.31,273.97
3402,2026/10/01 09:28:50,500,3126.26,-99.7,273.18
3403,2026/10/01 09:28:51,0,3126.34,-98.78,273.72
3404,2026/10/01 09:28:51,500,3124.36,-100.98,273.73
3405,2026/10/01 09:28:52,0,3125.47,-101.64,273.25
3406,2026/10/01 09:28:52,500,3124.77,-100.78,272.76
3407,2026/10/01 09:28:53,0,3126.61,-100.89,272.95
3408,2026/10/01 09:28:53,500,3125.23,-103.08,274.04
3409,2026/10/01 09:28:54,0,3124.36,-100.82,273.65
3410,2026/10/01 09:28:54,500,3124.4,-98.34,273.48
3411,2026/10/01 09:28:55,0,3124.01,-98.8,273.13
3412,2026/10/01 09:28:55,500,3124.32,-99.21,274.29
3413,2026/10/01 09:28:56,0,3122.87,-99.8,272.99
3414,2026/10/01 09:28:56,500,3124.44,-97.83,273.5
3415,2026/10/01 09:28:57,0,3122.08,-101.59,273.69
3416,2026/10/01 09:28:57,500,3123.1,-101.45,272.79
3417,2026/10/01 09:28:58,0,3122.07,-98.31,273.07
3418,2026/10/01 09:28:58,500,3122.56,-99.96,273.22
3419,2026/10/01 09:28:59,0,3123.11,-101.01,273.89
3420,2026/10/01 09:28:59,500,3120.75,-99.17,273.25
3421,2026/10/01 09:29:00,0,3121.78,-100.66,272.75
3422,2026/10/01 09:29:00,500,3120.56,-101.26,272.71
3423,2026/10/01 09:29:01,0,3121.29,-101.3,273.1
3424,2026/10/01 09:29:01,500,3120.15,-99.52,272.74
3425,2026/10/01 09:29:02,0,3121.24,-99.69,273.88
3426,2026/10/01 09:29:02,500,3120.56,-97.72,273.9
3427,2026/10/01 09:29:03,0,3121.3,-100.44,273.51
3428,2026/10/01 09:29:03,500,3121.48,-100.46,273.38
3429,2026/10/01 09:29:04,0,3120.31,-97.84,273.88
3430,2026/10/01 09:29:04,500,3120.82,-98.52,273.87
3431,2026/10/01 09:29:05,0,3121.01,-99.78,273.03
3432,2026/10/01 09:29:05,500,3118.96,-102.34,273.1
3433,2026/10/01 09:29:06,0,3120.65,-101.22,273.89
3434,2026/10/01 09:29:06,500,3119.27,-101.58,273.68
3435,2026/10/01 09:29:07,0,3118.32,-99.95,273.85
3436,2026/10/01 09:29:07,500,3119.14,-100.76,273.1
3437,2026/10/01 09:29:08,0,3118.65,-97.6,273.18
3438,2026/10/01 09:29:08,500,3117.38,-102.36,273.79
3439,2026/10/01 09:29:09,0,3117.43,-101.74,273.23
3440,2026/10/01 09:29:09,500,3119.43,-99.63,272.81
3441,2026/10/01 09:29:10,0,3118.14,-99.22,273.24
3442,2026/10/01 09:29:10,500,3118.91,-103.88,273.48
3443,2026/10/01 09:29:11,0,3117.19,-102.6,274.44
3444,2026/10/01 09:29:11,500,3116.69,-100.4,273.17
3445,2026/10/01 09:29:12,0,3115.79,-97.97,273.57
3446,2026/10/01 09:29:12,500,3117.72,-97.17,274.63
3447,2026/10/01 09:29:13,0,3117.07,-100.62,273.06
3448,2026/10/01 09:29:13,500,3116.23,-100.26,273.95
3449,2026/10/01 09:29:14,0,3115.72,-101.26,273.26
3450,2026/10/01 09:29:14,500,3117.07,-99.05,273.83
3451,2026/10/01 09:29:15,0,3115.83,-97.71,274.8
3452,2026/10/01 09:29:15,500,3115.64,-98.12,274.03
3453,2026/10/01 09:29:16,0,3115.1,-100.04,273.72
3454,2026/10/01 09:29:16,500,3115.07,993.56,273.17
3455,2026/10/01 09:29:17,0,3115.64,991.46,273.56
3456,2026/10/01 09:29:17,500,3113.87,995.7,273.37
3457,2026/10/01 09:29:18,0,3114.88,-100.6,272.94
3458,2026/10/01 09:29:18,500,3115.39,-102.72,272.6
3459,2026/10/01 09:29:19,0,3114.37,-100.54,273.26
3460,2026/10/01 09:29:19,500,3115.09,-100.42,273.66
3461,2026/10/01 09:29:20,0,3115.13,-102.73,274.24
3462,2026/10/01 09:29:20,500,3114.59,-99.65,273.32
3463,2026/10/01 09:29:21,0,3113.24,-99.24,273.79
3464,2026/10/01 09:29:21,500,3113.46,-97.21,272.85
3465,2026/10/01 09:29:22,0,3113.57,-102.0,273.3
3466,2026/10/01 09:29:22,500,3112.73,-98.9,272.49
3467,2026/10/01 09:29:23,0,3112.52,-98.55,274.83
3468,2026/10/01 09:29:23,500,3112.28,-99.22,273.82
3469,2026/10/01 09:29:24,0,3114.58,-101.51,273.81
3470,2026/10/01 09:29:24,500,3112.14,-101.6,274.0
3471,2026/10/01 09:29:25,0,3113.02,-99.85,275.0
3472,2026/10/01 09:29:25,500,3111.29,-99.86,273.52
3473,2026/10/01 09:29:26,0,3113.16,-100.84,273.26
3474,2026/10/01 09:29:26,500,3111.31,999.53,274.75
3475,2026/10/01 09:29:27,0,3111.47,994.18,273.14
3476,2026/10/01 09:29:27,500,3109.77,-102.84,274.41
3477,2026/10/01 09:29:28,0,3111.95,-100.34,273.73
3478,2026/10/01 09:29:28,500,3111.93,-99.28,273.99
3479,2026/10/01 09:29:29,0,3109.73,-99.49,273.06
3480,2026/10/01 09:29:29,500,3111.44,-99.5,275.08
3481,2026/10/01 09:29:30,0,3109.24,-97.76,273.6
3482,2026/10/01 09:29:30,500,3110.64,-101.67,273.44
3483,2026/10/01 09:29:31,0,3109.72,-100.64,274.07
3484,2026/10/01 09:29:31,500,3110.83,-97.68,273.48
3485,2026/10/01 09:29:32,0,3109.78,-102.95,274.02
3486,2026/10/01 09:29:32,500,3110.14,-100.08,273.18
3487,2026/10/01 09:29:33,0,3110.21,-98.16,273.89
3488,2026/10/01 09:29:33,500,3108.8,-98.18,273.52
3489,2026/10/01 09:29:34,0,3108.83,-99.01,273.44
3490,2026/10/01 09:29:34,500,3107.78,-98.97,273.36
3491,2026/10/01 09:29:35,0,3108.25,-101.56,274.28
3492,2026/10/01 09:29:35,500,3109.85,-97.94,273.67
3493,2026/10/01 09:29:36,0,3108.73,-101.8,273.76
3494,2026/10/01 09:29:36,500,3107.11,-101.71,274.07
3495,2026/10/01 09:29:37,0,3109.08,-99.42,274.43
3496,2026/10/01 09:29:37,500,3107.9,-100.74,273.4
3497,2026/10/01 09:29:38,0,3108.08,-99.69,273.98
3498,2026/10/01 09:29:38,500,3107.63,-99.35,273.42
3499,2026/10/01 09:29:39,0,3107.39,-97.33,273.78
3500,2026/10/01 09:29:39,500,3105.28,-99.35,274.42
3501,2026/10/01 09:29:40,0,3107.58,-100.93,272.72
3502,2026/10/01 09:29:40,500,3104.72,-98.99,273.43
3503,2026/10/01 09:29:41,0,3107.16,-101.25,273.79
3504,2026/10/01 09:29:41,500,3106.25,-98.63,274.1
3505,2026/10/01 09:29:42,0,3106.66,-99.9,274.52
3506,2026/10/01 09:29:42,500,3105.94,-99.4,273.07
3507,2026/10/01 09:29:43,0,3106.47,-102.67,274.63
3508,2026/10/01 09:29:43,500,3105.47,-103.38,274.19
3509,2026/10/01 09:29:44,0,3105.51,-102.25,273.81
3510,2026/10/01 09:29:44,500,3105.43,-97.38,273.2
3511,2026/10/01 09:29:45,0,3106.44,-101.72,273.66
3512,2026/10/01 09:29:45,500,3105.24,-98.9,274.46
3513,2026/10/01 09:29:46,0,3103.53,-100.96,273.96
3514,2026/10/01 09:29:46,500,3103.96,-100.36,273.87
3515,2026/10/01 09:29:47,0,3104.72,-100.07,273.48
3516,2026/10/01 09:29:47,500,3105.07,-97.53,274.33
3517,2026/10/01 09:29:48,0,3103.31,-99.12,273.9
3518,2026/10/01 09:29:48,500,3105.51,-99.42,273.86
3519,2026/10/01 09:29:49,0,3103.68,-98.05,273.93
3520,2026/10/01 09:29:49,500,3103.71,-100.95,273.66
3521,2026/10/01 09:29:50,0,3102.2,-98.4,273.58
3522,2026/10/01 09:29:50,500,3103.92,-98.65,273.24
3523,2026/10/01 09:29:51,0,3102.5,-98.67,273.69
3524,2026/10/01 09:29:51,500,3102.09,-100.23,273.11
3525,2026/10/01 09:29:52,0,3102.26,-100.66,274.25
3526,2026/10/01 09:29:52,500,3103.45,-101.3,273.68
3527,2026/10/01 09:29:53,0,3102.55,-101.21,273.83
3528,2026/10/01 09:29:53,500,3101.29,-101.38,274.01
3529,2026/10/01 09:29:54,0,3101.41,-99.45,273.63
3530,2026/10/01 09:29:54,500,3102.79,-100.34,273.45
3531,2026/10/01 09:29:55,0,3101.31,-99.35,274.15
3532,2026/10/01 09:29:55,500,3101.77,-99.27,274.99
3533,2026/10/01 09:29:56,0,3101.8,-101.59,274.51
3534,2026/10/01 09:29:56,500,3098.25,-101.63,274.7
3535,2026/10/01 09:29:57,0,3101.83,-100.34,273.41
3536,2026/10/01 09:29:57,500,3099.97,-101.16,273.97
3537,2026/10/01 09:29:58,0,3100.2,-101.32,273.97
3538,2026/10/01 09:29:58,500,3101.55,-97.46,274.79
3539,2026/10/01 09:29:59,0,3101.31,-102.3,274.54
3540,2026/10/01 09:29:59,500,3100.38,-96.97,274.0
3541,2026/10/01 09:30:00,0,3100.4,-99.57,272.95
3542,2026/10/01 09:30:00,500,3100.43,-98.52,273.52
3543,2026/10/01 09:30:01,0,3100.63,-98.7,274.42
3544,2026/10/01 09:30:01,500,3100.56,-99.07,273.95
3545,2026/10/01 09:30:02,0,3099.24,-97.51,274.06
3546,2026/10/01 09:30:02,500,3098.4,-101.62,274.42
3547,2026/10/01 09:30:03,0,3098.62,-100.23,274.69
3548,2026/10/01 09:30:03,500,3098.76,-101.28,273.74
3549,2026/10/01 09:30:04,0,3098.45,-102.54,274.43
3550,2026/10/01 09:30:04,500,3097.52,-100.99,274.94
3551,2026/10/01 09:30:05,0,3098.52,-97.19,274.85
3552,2026/10/01 09:30:05,500,3096.75,-100.26,273.88
3553,2026/10/01 09:30:06,0,3097.91,-97.02,274.3
3554,2026/10/01 09:30:06,500,3097.8,-96.87,274.53
3555,2026/10/01 09:30:07,0,3097.61,-95.51,274.17
3556,2026/10/01 09:30:07,500,3098.03,-97.14,274.04
3557,2026/10/01 09:30:08,0,3097.76,-96.46,273.3
3558,2026/10/01 09:30:08,500,3098.81,-99.51,273.74
3559,2026/10/01 09:30:09,0,3096.45,-99.66,273.83
3560,2026/10/01 09:30:09,500,3096.93,-99.56,273.55
3561,2026/10/01 09:30:10,0,3096.72,-100.0,274.24
3562,2026/10/01 09:30:10,500,3096.52,-99.78,274.63
3563,2026/10/01 09:30:11,0,3095.21,-98.87,273.99
3564,2026/10/01 09:30:11,500,3095.12,-100.7,273.1
3565,2026/10/01 09:30:12,0,3095.91,-102.07,274.15
3566,2026/10/01 09:30:12,500,3094.48,-99.45,274.35
3567,2026/10/01 09:30:13,0,3095.32,-101.04,274.32
3568,2026/10/01 09:30:13,500,3094.91,-100.88,273.86
3569,2026/10/01 09:30:14,0,3095.03,-100.21,273.62
3570,2026/10/01 09:30:14,500,3096.01,-100.56,274.68
3571,2026/10/01 09:30:15,0,3094.09,-98.33,274.41
3572,2026/10/01 09:30:15,500,3095.49,-100.25,273.9
3573,2026/10/01 09:30:16,0,3094.18,-98.26,273.5
3574,2026/10/01 09:30:16,500,3094.12,-99.69,274.36
3575,2026/10/01 09:30:17,0,3094.69,-100.13,273.81
3576,2026/10/01 09:30:17,500,3093.94,-99.76,274.45
3577,2026/10/01 09:30:18,0,3093.29,-101.94,274.34
3578,2026/10/01 09:30:18,500,3093.55,-99.49,275.31
3579,2026/10/01 09:30:19,0,3092.27,-98.73,274.24
3580,2026/10/01 09:30:19,500,3093.84,-98.51,275.28
3581,2026/10/01 09:30:20,0,3090.9,-102.03,274.33
3582,2026/10/01 09:30:20,500,3093.93,-102.28,273.96
3583,2026/10/01 09:30:21,0,3093.56,-100.81,273.77
3584,2026/10/01 09:30:21,500,3094.19,-97.92,273.86
3585,2026/10/01 09:30:22,0,3094.5,-99.67,274.52
3586,2026/10/01 09:30:22,500,3093.35,-101.16,274.37
3587,2026/10/01 09:30:23,0,3091.95,-102.18,273.39
3588,2026/10/01 09:30:23,500,3094.03,-101.03,274.83
3589,2026/10/01 09:30:24,0,3091.19,-101.13,275.06
3590,2026/10/01 09:30:24,500,3090.47,-98.6,273.4
3591,2026/10/01 09:30:25,0,3093.32,-98.48,274.84
3592,2026/10/01 09:30:25,500,3092.16,-101.57,275.18
3593,2026/10/01 09:30:26,0,3090.03,-98.87,273.44
3594,2026/10/01 09:30:26,500,3090.29,-99.02,274.11
3595,2026/10/01 09:30:27,0,3091.67,-101.77,273.93
3596,2026/10/01 09:30:27,500,3090.38,-100.13,274.84
3597,2026/10/01 09:30:28,0,3090.34,-99.49,274.15
3598,2026/10/01 09:30:28,500,3092.34,-99.76,274.14
3599,2026/10/01 09:30:29,0,3092.34,-102.57,274.58
3600,2026/10/01 09:30:29,500,3090.59,-99.8,275.15
3601,2026/10/01 09:30:30,0,3090.2,-99.05,274.35
3602,2026/10/01 09:30:30,500,3090.89,-97.63,274.15
3603,2026/10/01 09:30:31,0,3089.57,-101.0,274.25
3604,2026/10/01 09:30:31,500,3088.08,-100.82,274.72
3605,2026/10/01 09:30:32,0,3087.51,-100.31,273.73
3606,2026/10/01 09:30:32,500,3089.51,-99.56,274.39
3607,2026/10/01 09:30:33,0,3090.12,-99.85,273.94
3608,2026/10/01 09:30:33,500,3089.28,-99.09,273.81
3609,2026/10/01 09:30:34,0,3089.77,-101.69,273.44
3610,2026/10/01 09:30:34,500,3089.7,-99.4,274.16
3611,2026/10/01 09:30:35,0,3089.93,-101.11,274.97
3612,2026/10/01 09:30:35,500,3088.83,-100.22,273.44
3613,2026/10/01 09:30:36,0,3088.75,-97.44,274.71
3614,2026/10/01 09:30:36,500,3088.35,-102.1,274.12
3615,2026/10/01 09:30:37,0,3088.03,-100.42,273.91
3616,2026/10/01 09:30:37,500,3086.83,-101.91,274.62
3617,2026/10/01 09:30:38,0,3088.88,-99.77,275.11
3618,2026/10/01 09:30:38,500,3087.49,-98.43,275.21
3619,2026/10/01 09:30:39,0,3087.3,-99.75,274.6
3620,2026/10/01 09:30:39,500,3087.07,-100.18,274.43
3621,2026/10/01 09:30:40,0,3086.28,-98.01,274.67
3622,2026/10/01 09:30:40,500,3087.14,-99.5,275.72
3623,2026/10/01 09:30:41,0,3087.48,-98.77,274.33
3624,2026/10/01 09:30:41,500,3086.36,-98.93,275.05
3625,2026/10/01 09:30:42,0,3087.61,-104.31,274.19
3626,2026/10/01 09:30:42,500,3086.34,-100.12,274.08
3627,2026/10/01 09:30:43,0,3085.26,-101.62,275.38
3628,2026/10/01 09:30:43,500,3087.44,-101.24,274.51
3629,2026/10/01 09:30:44,0,3086.36,-97.79,274.62
3630,2026/10/01 09:30:44,500,3086.75,-100.56,274.79
3631,2026/10/01 09:30:45,0,3086.62,-97.16,274.07
3632,2026/10/01 09:30:45,500,3085.01,-102.11,274.3
3633,2026/10/01 09:30:46,0,3085.21,-101.63,274.21
3634,2026/10/01 09:30:46,500,3086.31,-98.86,274.7
3635,2026/10/01 09:30:47,0,3086.81,-100.51,274.72
3636,2026/10/01 09:30:47,500,3085.25,-99.54,274.24
3637,2026/10/01 09:30:48,0,3084.56,-100.17,275.56
3638,2026/10/01 09:30:48,500,3086.26,-100.21,274.54
3639,2026/10/01 09:30:49,0,3084.27,994.63,274.61
3640,2026/10/01 09:30:49,500,3084.9,991.79,275.23
3641,2026/10/01 09:30:50,0,3084.15,999.12,274.13
3642,2026/10/01 09:30:50,500,3084.57,-97.58,274.31
3643,2026/10/01 09:30:51,0,3083.46,-100.3,274.72
3644,2026/10/01 09:30:51,500,3083.77,-100.59,273.84
3645,2026/10/01 09:30:52,0,3083.43,-100.78,274.46
3646,2026/10/01 09:30:52,500,3084.32,-97.8,275.61
3647,2026/10/01 09:30:53,0,3083.78,-98.96,275.51
3648,2026/10/01 09:30:53,500,3084.22,-102.85,275.04
3649,2026/10/01 09:30:54,0,3082.71,-102.91,275.19
3650,2026/10/01 09:30:54,500,3083.07,-101.25,274.85
3651,2026/10/01 09:30:55,0,3083.6,-99.65,274.39
3652,2026/10/01 09:30:55,500,3083.64,-100.05,275.43
3653,2026/10/01 09:30:56,0,3081.66,-99.23,274.14
3654,2026/10/01 09:30:56,500,3082.94,-100.26,275.11
3655,2026/10/01 09:30:57,0,3081.89,-97.9,274.37
3656,2026/10/01 09:30:57,500,3083.13,-98.84,274.41
3657,2026/10/01 09:30:58,0,3083.76,-99.88,274.9
3658,2026/10/01 09:30:58,500,3080.04,-98.28,275.66
3659,2026/10/01 09:30:59,0,3081.47,-102.47,275.36
3660,2026/10/01 09:30:59,500,3082.07,-100.13,274.82
3661,2026/10/01 09:31:00,0,3081.72,-99.79,274.68
3662,2026/10/01 09:31:00,500,3082.34,-99.1,275.05
3663,2026/10/01 09:31:01,0,3081.51,-102.57,275.34
3664,2026/10/01 09:31:01,500,3080.89,-100.39,273.79
3665,2026/10/01 09:31:02,0,3080.36,-99.4,274.61
3666,2026/10/01 09:31:02,500,3080.09,-99.28,274.15
3667,2026/10/01 09:31:03,0,3080.32,-98.22,274.57
3668,2026/10/01 09:31:03,500,3080.32,-98.86,274.06
3669,2026/10/01 09:31:04,0,3080.95,-100.09,273.79
3670,2026/10/01 09:31:04,500,3080.38,-98.99,274.03
3671,2026/10/01 09:31:05,0,3079.85,-100.3,274.42
3672,2026/10/01 09:31:05,500,3079.43,-99.78,275.0
3673,2026/10/01 09:31:06,0,3079.54,-98.81,274.3
3674,2026/10/01 09:31:06,500,3079.52,-100.07,274.28
3675,2026/10/01 09:31:07,0,3079.24,-99.46,274.91
3676,2026/10/01 09:31:07,500,3080.24,-98.56,274.86
3677,2026/10/01 09:31:08,0,3080.67,-98.93,275.58
3678,2026/10/01 09:31:08,500,3078.5,-98.15,275.2
3679,2026/10/01 09:31:09,0,3080.2,-96.51,274.22
3680,2026/10/01 09:31:09,500,3079.73,-98.95,274.4
3681,2026/10/01 09:31:10,0,3079.19,-100.69,275.11
3682,2026/10/01 09:31:10,500,3080.13,-99.23,274.3
3683,2026/10/01 09:31:11,0,3078.64,-99.3,274.59
3684,2026/10/01 09:31:11,500,3078.97,-99.08,273.9
3685,2026/10/01 09:31:12,0,3078.62,-97.76,274.11
3686,2026/10/01 09:31:12,500,3078.43,-102.53,275.39
3687,2026/10/01 09:31:13,0,3078.62,-97.73,274.85
3688,2026/10/01 09:31:13,500,3078.16,-97.22,274.46
3689,2026/10/01 09:31:14,0,3078.37,-99.15,274.53
3690,2026/10/01 09:31:14,500,3077.33,-99.11,275.64
3691,2026/10/01 09:31:15,0,3077.23,-100.36,274.46
3692,2026/10/01 09:31:15,500,3077.07,-99.99,275.03
3693,2026/10/01 09:31:16,0,3077.19,-98.95,275.23
3694,2026/10/01 09:31:16,500,3078.16,-99.05,275.52
3695,2026/10/01 09:31:17,0,3076.85,-98.92,274.38
3696,2026/10/01 09:31:17,500,3077.61,-99.06,274.11
3697,2026/10/01 09:31:18,0,3077.18,-98.65,274.26
3698,2026/10/01 09:31:18,500,3076.48,-98.82,275.18
3699,2026/10/01 09:31:19,0,3077.75,-101.54,275.82
3700,2026/10/01 09:31:19,500,3077.17,-98.75,275.21
3701,2026/10/01 09:31:20,0,3076.45,-97.21,274.5
3702,2026/10/01 09:31:20,500,3076.26,-100.04,275.43
3703,2026/10/01 09:31:21,0,3076.27,-97.75,274.6
3704,2026/10/01 09:31:21,500,3074.85,-101.38,274.43
3705,2026/10/01 09:31:22,0,3075.28,-100.04,274.68
3706,2026/10/01 09:31:22,500,3076.19,-100.96,274.56
3707,2026/10/01 09:31:23,0,3074.43,-97.93,274.5
3708,2026/10/01 09:31:23,500,3074.97,-97.54,275.47
3709,2026/10/01 09:31:24,0,3075.13,-100.15,274.61
3710,2026/10/01 09:31:24,500,3077.64,-98.24,274.07
3711,2026/10/01 09:31:25,0,3075.73,-97.52,275.16
3712,2026/10/01 09:31:25,500,3075.94,-100.05,274.4
3713,2026/10/01 09:31:26,0,3074.29,-99.81,274.42
3714,2026/10/01 09:31:26,500,3075.1,-98.9,275.23
3715,2026/10/01 09:31:27,0,3073.28,-101.26,274.53
3716,2026/10/01 09:31:27,500,3074.3,-99.83,274.67
3717,2026/10/01 09:31:28,0,3074.84,-96.79,274.92
3718,2026/10/01 09:31:28,500,3073.18,-100.75,274.76
3719,2026/10/01 09:31:29,0,3074.51,-98.72,274.69
3720,2026/10/01 09:31:29,500,3074.45,-99.21,273.74
3721,2026/10/01 09:31:30,0,3073.46,-100.25,274.83
3722,2026/10/01 09:31:30,500,3073.15,-99.67,275.72
3723,2026/10/01 09:31:31,0,3073.13,-97.37,275.24
3724,2026/10/01 09:31:31,500,3073.3,-99.17,274.74
3725,2026/10/01 09:31:32,0,3073.2,-98.94,275.17
3726,2026/10/01 09:31:32,500,3073.74,-97.6,275.25
3727,2026/10/01 09:31:33,0,3072.78,-100.43,274.52
3728,2026/10/01 09:31:33,500,3074.37,-101.57,275.57
3729,2026/10/01 09:31:34,0,3074.24,-97.35,275.03
3730,2026/10/01 09:31:34,500,3073.03,-99.8,274.8
3731,2026/10/01 09:31:35,0,3072.45,-98.66,275.75
3732,2026/10/01 09:31:35,500,3072.18,-101.14,273.93
3733,2026/10/01 09:31:36,0,3072.74,-99.42,274.38
3734,2026/10/01 09:31:36,500,3072.75,-101.65,275.29
3735,2026/10/01 09:31:37,0,3072.08,-99.9,275.31
3736,2026/10/01 09:31:37,500,3071.81,-100.97,275.8
3737,2026/10/01 09:31:38,0,3072.28,-101.32,273.85
3738,2026/10/01 09:31:38,500,3071.94,-100.45,275.41
3739,2026/10/01 09:31:39,0,3071.3,-103.44,274.37
3740,2026/10/01 09:31:39,500,3071.73,-101.74,275.2
3741,2026/10/01 09:31:40,0,3071.04,-98.83,274.97
3742,2026/10/01 09:31:40,500,3070.8,-99.48,275.43
3743,2026/10/01 09:31:41,0,3071.28,-101.61,274.89
3744,2026/10/01 09:31:41,500,3070.71,-99.18,275.52
3745,2026/10/01 09:31:42,0,3070.46,-101.32,274.6
3746,2026/10/01 09:31:42,500,3071.76,-98.92,274.98
3747,2026/10/01 09:31:43,0,3070.5,-100.17,275.12
3748,2026/10/01 09:31:43,500,3072.17,-100.49,275.87
3749,2026/10/01 09:31:44,0,3071.08,-100.14,275.45
3750,2026/10/01 09:31:44,500,3069.8,-96.16,275.14
3751,2026/10/01 09:31:45,0,3071.27,-101.14,275.36
3752,2026/10/01 09:31:45,500,3069.65,-99.66,275.59
3753,2026/10/01 09:31:46,0,3071.68,-98.83,275.24
3754,2026/10/01 09:31:46,500,3070.17,-101.44,274.54
3755,2026/10/01 09:31:47,0,3070.31,-102.39,275.37
3756,2026/10/01 09:31:47,500,3069.78,-100.9,275.05
3757,2026/10/01 09:31:48,0,3069.85,-98.86,274.89
3758,2026/10/01 09:31:48,500,3069.34,-100.51,274.68
3759,2026/10/01 09:31:49,0,3068.67,-100.35,275.36
3760,2026/10/01 09:31:49,500,3069.56,-98.63,275.33
3761,2026/10/01 09:31:50,0,3070.0,-101.21,274.6
3762,2026/10/01 09:31:50,500,3068.11,-100.13,274.53
3763,2026/10/01 09:31:51,0,3070.18,-102.27,276.03
3764,2026/10/01 09:31:51,500,3069.31,-99.52,275.52
3765,2026/10/01 09:31:52,0,3068.37,-99.66,275.14
3766,2026/10/01 09:31:52,500,3068.24,-98.81,275.4
3767,2026/10/01 09:31:53,0,3069.98,-101.72,274.87
3768,2026/10/01 09:31:53,500,3069.13,-100.29,275.02
3769,2026/10/01 09:31:54,0,3069.17,-101.92,275.12
3770,2026/10/01 09:31:54,500,3067.95,-100.37,275.6
3771,2026/10/01 09:31:55,0,3068.48,-97.78,274.41
3772,2026/10/01 09:31:55,500,3068.2,-100.48,274.62
3773,2026/10/01 09:31:56,0,3067.67,-102.05,274.52
3774,2026/10/01 09:31:56,500,3067.78,-101.02,275.56
3775,2026/10/01 09:31:57,0,3068.47,-102.42,275.09
3776,2026/10/01 09:31:57,500,3068.75,-101.94,274.68
3777,2026/10/01 09:31:58,0,3067.16,-98.99,275.04
3778,2026/10/01 09:31:58,500,3066.19,-102.17,274.83
3779,2026/10/01 09:31:59,0,3068.45,-99.53,274.44
3780,2026/10/01 09:31:59,500,3068.35,-99.96,275.79
3781,2026/10/01 09:32:00,0,3067.23,-100.8,275.09
3782,2026/10/01 09:32:00,500,3068.23,-99.66,275.81
3783,2026/10/01 09:32:01,0,3066.95,-101.41,274.45
3784,2026/10/01 09:32:01,500,3065.85,-98.74,275.43
3785,2026/10/01 09:32:02,0,3065.41,-101.05,274.46
3786,2026/10/01 09:32:02,500,3065.3,-100.58,276.4
3787,2026/10/01 09:32:03,0,3066.25,-100.76,274.32
3788,2026/10/01 09:32:03,500,3065.76,-98.97,276.09
3789,2026/10/01 09:32:04,0,3065.56,-99.18,275.18
3790,2026/10/01 09:32:04,500,3065.83,-103.93,275.11
3791,2026/10/01 09:32:05,0,3066.49,-99.62,275.5
3792,2026/10/01 09:32:05,500,3065.26,-102.62,274.74
3793,2026/10/01 09:32:06,0,3065.01,-100.51,275.6
3794,2026/10/01 09:32:06,500,3065.09,-100.16,275.64
3795,2026/10/01 09:32:07,0,3066.1,-100.53,275.22
3796,2026/10/01 09:32:07,500,3065.2,-99.25,275.35
3797,2026/10/01 09:32:08,0,3065.37,-98.92,276.19
3798,2026/10/01 09:32:08,500,3066.28,-101.16,275.56
3799,2026/10/01 09:32:09,0,3067.21,-101.21,274.84
3800,2026/10/01 09:32:09,500,3065.34,-100.05,275.61
3801,2026/10/01 09:32:10,0,3065.15,-102.32,274.97
3802,2026/10/01 09:32:10,500,3063.66,-100.72,274.88
3803,2026/10/01 09:32:11,0,3064.79,-97.98,275.51
3804,2026/10/01 09:32:11,500,3064.44,-102.26,274.75
3805,2026/10/01 09:32:12,0,3065.0,-100.51,275.28
3806,2026/10/01 09:32:12,500,3063.86,-100.89,275.6
3807,2026/10/01 09:32:13,0,3064.23,-96.99,276.22
3808,2026/10/01 09:32:13,500,3064.45,-100.81,275.59
3809,2026/10/01 09:32:14,0,3065.38,-100.72,274.54
3810,2026/10/01 09:32:14,500,3065.0,-101.55,274.62
3811,2026/10/01 09:32:15,0,3064.66,-99.99,276.14
3812,2026/10/01 09:32:15,500,3064.12,-99.59,274.97
3813,2026/10/01 09:32:16,0,3063.09,-101.33,274.53
3814,2026/10/01 09:32:16,500,3063.91,-98.52,274.79
3815,2026/10/01 09:32:17,0,3062.61,-99.59,275.69
3816,2026/10/01 09:32:17,500,3062.95,-98.72,275.36
3817,2026/10/01 09:32:18,0,3064.44,-100.49,275.63
3818,2026/10/01 09:32:18,500,3063.34,-99.64,275.29
3819,2026/10/01 09:32:19,0,3062.98,-100.32,274.76
3820,2026/10/01 09:32:19,500,3062.98,-97.81,274.42
3821,2026/10/01 09:32:20,0,3062.52,-99.83,274.9
3822,2026/10/01 09:32:20,500,3060.76,-99.99,275.39
3823,2026/10/01 09:32:21,0,3061.37,-100.69,274.74
3824,2026/10/01 09:32:21,500,3062.78,-100.77,275.82
3825,2026/10/01 09:32:22,0,3061.44,-99.64,274.84
3826,2026/10/01 09:32:22,500,3061.99,-98.77,274.51
3827,2026/10/01 09:32:23,0,3060.99,-101.03,275.34
3828,2026/10/01 09:32:23,500,3061.29,-99.81,275.73
3829,2026/10/01 09:32:24,0,3061.76,-99.72,276.1
3830,2026/10/01 09:32:24,500,3062.4,-99.46,274.55
3831,2026/10/01 09:32:25,0,3062.46,-102.56,276.07
3832,2026/10/01 09:32:25,500,3060.87,-101.39,275.46
3833,2026/10/01 09:32:26,0,3061.6,-102.05,275.06
3834,2026/10/01 09:32:26,500,3060.11,-99.95,275.71
3835,2026/10/01 09:32:27,0,3061.2,-101.35,276.05
3836,2026/10/01 09:32:27,500,3061.81,-100.74,274.54
3837,2026/10/01 09:32:28,0,3060.89,-101.79,275.17
3838,2026/10/01 09:32:28,500,3061.9,-100.6,275.11
3839,2026/10/01 09:32:29,0,3061.41,-101.69,275.7
3840,2026/10/01 09:32:29,500,3060.84,-98.86,276.12
3841,2026/10/01 09:32:30,0,3060.34,-99.28,275.43
3842,2026/10/01 09:32:30,500,3060.01,-99.77,275.26
3843,2026/10/01 09:32:31,0,3059.17,-100.45,275.63
3844,2026/10/01 09:32:31,500,3059.2,-103.06,275.29
3845,2026/10/01 09:32:32,0,3060.94,-100.69,274.33
3846,2026/10/01 09:32:32,500,3061.25,-101.14,275.68
3847,2026/10/01 09:32:33,0,3059.07,-99.63,275.91
3848,2026/10/01 09:32:33,500,3059.89,-99.07,275.96
3849,2026/10/01 09:32:34,0,3058.48,996.17,274.85
3850,2026/10/01 09:32:34,500,3058.86,994.36,275.74
3851,2026/10/01 09:32:35,0,3059.75,991.73,276.2
3852,2026/10/01 09:32:35,500,3059.03,-100.91,276.71
3853,2026/10/01 09:32:36,0,3057.81,-98.44,275.68
3854,2026/10/01 09:32:36,500,3060.62,-99.75,275.94
3855,2026/10/01 09:32:37,0,3059.11,-100.37,274.96
3856,2026/10/01 09:32:37,500,3058.16,-97.23,274.89
3857,2026/10/01 09:32:38,0,3059.05,-99.13,275.95
3858,2026/10/01 09:32:38,500,3058.79,-100.29,274.44
3859,2026/10/01 09:32:39,0,3059.09,-101.03,275.54
3860,2026/10/01 09:32:39,500,3058.38,-98.01,276.19
3861,2026/10/01 09:32:40,0,3058.81,-99.69,275.83
3862,2026/10/01 09:32:40,500,3059.21,-99.96,275.83
3863,2026/10/01 09:32:41,0,3057.31,-98.99,275.46
3864,2026/10/01 09:32:41,500,3057.71,-98.68,275.28
3865,2026/10/01 09:32:42,0,3058.84,-99.18,276.57
3866,2026/10/01 09:32:42,500,3057.63,-98.67,276.11
3867,2026/10/01 09:32:43,0,3057.91,-99.32,275.92
3868,2026/10/01 09:32:43,500,3057.5,-99.17,275.51
3869,2026/10/01 09:32:44,0,3057.46,-101.1,275.21
3870,2026/10/01 09:32:44,500,3057.29,-97.28,276.05
3871,2026/10/01 09:32:45,0,3056.58,-101.85,275.36
3872,2026/10/01 09:32:45,500,3057.86,-99.54,275.55
3873,2026/10/01 09:32:46,0,3058.25,-102.01,275.83
3874,2026/10/01 09:32:46,500,3057.16,-100.15,275.63
3875,2026/10/01 09:32:47,0,3057.97,-100.86,276.3
3876,2026/10/01 09:32:47,500,3056.72,-99.8,274.87
3877,2026/10/01 09:32:48,0,3056.58,-99.49,275.57
3878,2026/10/01 09:32:48,500,3057.25,-101.43,276.61
3879,2026/10/01 09:32:49,0,3057.17,-100.04,275.99
3880,2026/10/01 09:32:49,500,3056.64,-97.91,275.45
3881,2026/10/01 09:32:50,0,3057.18,-101.97,275.95
3882,2026/10/01 09:32:50,500,3055.51,-101.28,275.53
3883,2026/10/01 09:32:51,0,3056.21,-98.71,276.29
3884,2026/10/01 09:32:51,500,3057.13,-99.88,275.97
3885,2026/10/01 09:32:52,0,3057.03,-99.77,275.13
3886,2026/10/01 09:32:52,500,3056.84,-98.47,275.69
3887,2026/10/01 09:32:53,0,3056.89,-101.19,275.78
3888,2026/10/01 09:32:53,500,3055.68,-100.78,275.81
3889,2026/10/01 09:32:54,0,3054.52,-100.96,275.74
3890,2026/10/01 09:32:54,500,3055.59,-100.52,275.86
3891,2026/10/01 09:32:55,0,3056.21,-97.99,275.8
3892,2026/10/01 09:32:55,500,3056.25,-102.55,275.23
3893,2026/10/01 09:32:56,0,3055.09,-101.79,275.36
3894,2026/10/01 09:32:56,500,3054.65,-102.05,275.47
3895,2026/10/01 09:32:57,0,3054.64,-97.9,275.65
3896,2026/10/01 09:32:57,500,3054.8,-100.92,275.48
3897,2026/10/01 09:32:58,0,3053.63,-100.49,276.16
3898,2026/10/01 09:32:58,500,3054.63,-102.42,275.13
3899,2026/10/01 09:32:59,0,3055.0,-100.39,274.75
3900,2026/10/01 09:32:59,500,3054.79,-98.7,276.6
3901,2026/10/01 09:33:00,0,3054.52,-99.62,275.21
3902,2026/10/01 09:33:00,500,3054.14,-100.16,276.18
3903,2026/10/01 09:33:01,0,3054.14,-102.35,275.93
3904,2026/10/01 09:33:01,500,3054.06,-100.49,275.24
3905,2026/10/01 09:33:02,0,3054.98,-99.78,275.57
3906,2026/10/01 09:33:02,500,3054.33,-101.49,275.5
3907,2026/10/01 09:33:03,0,3056.77,-99.02,275.82
3908,2026/10/01 09:33:03,500,3053.88,-98.67,275.26
3909,2026/10/01 09:33:04,0,3054.41,-100.79,275.56
3910,2026/10/01 09:33:04,500,3053.72,-98.91,275.64
3911,2026/10/01 09:33:05,0,3053.61,-100.16,276.21
3912,2026/10/01 09:33:05,500,3055.04,-98.28,275.46
3913,2026/10/01 09:33:06,0,3054.49,-96.95,275.18
3914,2026/10/01 09:33:06,500,3052.2,-101.64,275.4
3915,2026/10/01 09:33:07,0,3052.7,-98.85,275.86
3916,2026/10/01 09:33:07,500,3053.32,-98.04,274.79
3917,2026/10/01 09:33:08,0,3052.93,-101.46,276.28
3918,2026/10/01 09:33:08,500,3052.04,-100.86,275.69
3919,2026/10/01 09:33:09,0,3053.25,-100.88,275.9
3920,2026/10/01 09:33:09,500,3051.57,-100.2,275.8
3921,2026/10/01 09:33:10,0,3053.09,-100.53,275.36
3922,2026/10/01 09:33:10,500,3053.48,-100.3,275.16
3923,2026/10/01 09:33:11,0,3053.51,-98.74,275.35
3924,2026/10/01 09:33:11,500,3052.6,-102.84,274.95
3925,2026/10/01 09:33:12,0,3053.84,-101.46,275.88
3926,2026/10/01 09:33:12,500,3052.81,-99.0,275.63
3927,2026/10/01 09:33:13,0,3053.13,-99.17,274.95
3928,2026/10/01 09:33:13,500,3051.78,-101.59,275.41
3929,2026/10/01 09:33:14,0,3053.5,-99.16,276.05
3930,2026/10/01 09:33:14,500,3052.19,-98.01,276.37
3931,2026/10/01 09:33:15,0,3053.37,-100.07,275.09
3932,2026/10/01 09:33:15,500,3053.11,-101.51,276.81
3933,2026/10/01 09:33:16,0,3052.14,-98.69,275.26
3934,2026/10/01 09:33:16,500,3052.17,-97.42,274.89
3935,2026/10/01 09:33:17,0,3051.62,-101.33,276.62
3936,2026/10/01 09:33:17,500,3051.02,-99.94,275.23
3937,2026/10/01 09:33:18,0,3052.07,-98.36,276.51
3938,2026/10/01 09:33:18,500,3051.94,-99.83,275.42
3939,2026/10/01 09:33:19,0,3050.12,-102.62,275.61
3940,2026/10/01 09:33:19,500,3051.27,-99.33,275.11
3941,2026/10/01 09:33:20,0,3051.94,-101.47,276.4
3942,2026/10/01 09:33:20,500,3052.33,-101.91,276.34
3943,2026/10/01 09:33:21,0,3051.66,-102.59,275.44
3944,2026/10/01 09:33:21,500,3049.78,-98.21,275.74
3945,2026/10/01 09:33:22,0,3050.06,-101.25,276.11
3946,2026/10/01 09:33:22,500,3050.55,-99.5,275.55
3947,2026/10/01 09:33:23,0,3051.86,-99.13,276.47
3948,2026/10/01 09:33:23,500,3050.17,-99.76,275.74
3949,2026/10/01 09:33:24,0,3051.42,-99.56,275.53
3950,2026/10/01 09:33:24,500,3049.99,-99.43,275.01
3951,2026/10/01 09:33:25,0,3050.83,-99.79,275.15
3952,2026/10/01 09:33:25,500,3049.56,-101.14,276.1
3953,2026/10/01 09:33:26,0,3050.08,-101.27,275.93
3954,2026/10/01 09:33:26,500,3049.24,-100.16,276.22
3955,2026/10/01 09:33:27,0,3051.22,-100.19,275.53
3956,2026/10/01 09:33:27,500,3049.43,-99.36,275.0
3957,2026/10/01 09:33:28,0,3048.66,-98.35,275.57
3958,2026/10/01 09:33:28,500,3048.51,-99.48,276.84
3959,2026/10/01 09:33:29,0,3049.66,-101.22,275.35
3960,2026/10/01 09:33:29,500,3049.28,-103.27,275.81
3961,2026/10/01 09:33:30,0,3050.09,-101.15,274.63
3962,2026/10/01 09:33:30,500,3049.3,-102.02,275.58
3963,2026/10/01 09:33:31,0,3050.34,-101.1,275.64
3964,2026/10/01 09:33:31,500,3049.01,-99.64,276.01
3965,2026/10/01 09:33:32,0,3050.06,-99.87,275.69
3966,2026/10/01 09:33:32,500,3048.39,-97.21,275.09
3967,2026/10/01 09:33:33,0,3047.87,-99.28,275.52
3968,2026/10/01 09:33:33,500,3048.33,-97.14,275.76
3969,2026/10/01 09:33:34,0,3048.01,-98.93,275.37
3970,2026/10/01 09:33:34,500,3047.84,-98.37,275.44
3971,2026/10/01 09:33:35,0,3049.08,-100.54,276.37
3972,2026/10/01 09:33:35,500,3048.46,-101.61,275.56
3973,2026/10/01 09:33:36,0,3048.7,-100.67,276.1
3974,2026/10/01 09:33:36,500,3048.93,-100.02,275.79
3975,2026/10/01 09:33:37,0,3047.08,-100.94,275.27
3976,2026/10/01 09:33:37,500,3048.8,-101.5,275.72
3977,2026/10/01 09:33:38,0,3047.3,-99.37,276.04
3978,2026/10/01 09:33:38,500,3047.72,-101.51,276.76
3979,2026/10/01 09:33:39,0,3046.59,-102.3,275.51
3980,2026/10/01 09:33:39,500,3048.55,-101.68,275.86
3981,2026/10/01 09:33:40,0,3046.59,-100.35,276.36
3982,2026/10/01 09:33:40,500,3046.9,-101.49,276.54
3983,2026/10/01 09:33:41,0,3046.88,-100.34,275.59
3984,2026/10/01 09:33:41,500,3047.6,-99.1,275.84
3985,2026/10/01 09:33:42,0,3047.5,-99.14,276.47
3986,2026/10/01 09:33:42,500,3048.19,-100.99,276.18
3987,2026/10/01 09:33:43,0,3047.38,-101.96,276.44
3988,2026/10/01 09:33:43,500,3048.16,-100.86,276.51
3989,2026/10/01 09:33:44,0,3047.61,-99.02,276.21
3990,2026/10/01 09:33:44,500,3046.47,-98.67,276.01
3991,2026/10/01 09:33:45,0,3046.62,-99.47,275.6
3992,2026/10/01 09:33:45,500,3048.28,-98.2,275.82
3993,2026/10/01 09:33:46,0,3047.98,-97.41,275.86
3994,2026/10/01 09:33:46,500,3047.57,-100.72,276.55
3995,2026/10/01 09:33:47,0,3047.6,-97.77,276.04
3996,2026/10/01 09:33:47,500,3047.13,-100.39,276.05
3997,2026/10/01 09:33:48,0,3046.95,-98.47,275.46
3998,2026/10/01 09:33:48,500,3046.64,-98.94,276.56
3999,2026/10/01 09:33:49,0,3047.88,-102.97,275.58
4000,2026/10/01 09:33:49,500,3046.08,-101.45,275.83
4001,2026/10/01 09:33:50,0,3046.56,-101.83,276.63
4002,2026/10/01 09:33:50,500,3044.93,-102.67,276.42
4003,2026/10/01 09:33:51,0,3045.07,-98.68,275.55
4004,2026/10/01 09:33:51,500,3047.59,-96.9,275.44
4005,2026/10/01 09:33:52,0,3046.56,-100.39,275.88
4006,2026/10/01 09:33:52,500,3045.82,-98.72,275.7
4007,2026/10/01 09:33:53,0,3045.97,-97.77,275.26
4008,2026/10/01 09:33:53,500,3044.75,-99.69,275.62
4009,2026/10/01 09:33:54,0,3045.41,-100.04,274.63
4010,2026/10/01 09:33:54,500,3044.51,-100.37,276.45
4011,2026/10/01 09:33:55,0,3045.37,-99.19,276.43
4012,2026/10/01 09:33:55,500,3046.07,-98.69,276.71
4013,2026/10/01 09:33:56,0,3045.82,-99.31,276.19
4014,2026/10/01 09:33:56,500,3046.65,-99.36,275.79
4015,2026/10/01 09:33:57,0,3045.54,-100.08,276.53
4016,2026/10/01 09:33:57,500,3043.24,-102.39,275.67
4017,2026/10/01 09:33:58,0,3046.71,-98.65,275.36
4018,2026/10/01 09:33:58,500,3044.4,-101.93,275.96
4019,2026/10/01 09:33:59,0,3045.13,-99.07,276.24
4020,2026/10/01 09:33:59,500,3045.01,-98.87,275.63
4021,2026/10/01 09:34:00,0,3045.04,-101.71,275.52
4022,2026/10/01 09:34:00,500,3044.81,-100.91,275.83
4023,2026/10/01 09:34:01,0,3044.75,-96.82,276.25
4024,2026/10/01 09:34:01,500,3043.57,-100.12,275.98
4025,2026/10/01 09:34:02,0,3046.62,-101.83,277.37
4026,2026/10/01 09:34:02,500,3045.0,-98.8,275.99
4027,2026/10/01 09:34:03,0,3044.45,-101.16,276.43
4028,2026/10/01 09:34:03,500,3045.8,-102.88,275.34
4029,2026/10/01 09:34:04,0,3043.4,-99.22,276.36
4030,2026/10/01 09:34:04,500,3044.88,-101.37,275.84
4031,2026/10/01 09:34:05,0,3043.67,-99.52,276.07
4032,2026/10/01 09:34:05,500,3044.36,-101.22,276.92
4033,2026/10/01 09:34:06,0,3044.3,-98.94,275.89
4034,2026/10/01 09:34:06,500,3042.02,-99.72,275.43
4035,2026/10/01 09:34:07,0,3042.67,-103.88,275.51
4036,2026/10/01 09:34:07,500,3045.01,-99.43,276.17
4037,2026/10/01 09:34:08,0,3043.47,-100.43,276.15
4038,2026/10/01 09:34:08,500,3045.2,-97.87,276.13
4039,2026/10/01 09:34:09,0,3044.57,-99.41,275.46
4040,2026/10/01 09:34:09,500,3043.28,-98.87,277.11
4041,2026/10/01 09:34:10,0,3043.13,-101.07,276.84
4042,2026/10/01 09:34:10,500,3044.63,-101.19,276.17
4043,2026/10/01 09:34:11,0,3044.92,-100.04,275.35
4044,2026/10/01 09:34:11,500,3042.93,-100.54,276.91
4045,2026/10/01 09:34:12,0,3044.32,-97.99,276.69
4046,2026/10/01 09:34:12,500,3043.84,-100.23,276.17
4047,2026/10/01 09:34:13,0,3043.91,-101.84,276.72
4048,2026/10/01 09:34:13,500,3042.96,-101.24,275.88
4049,2026/10/01 09:34:14,0,3042.27,-98.55,275.65
4050,2026/10/01 09:34:14,500,3041.89,-100.25,276.21
4051,2026/10/01 09:34:15,0,3041.62,-100.33,275.36
4052,2026/10/01 09:34:15,500,3044.12,-98.41,275.58
4053,2026/10/01 09:34:16,0,3042.53,-101.37,276.42
4054,2026/10/01 09:34:16,500,3041.53,-990.04,276.27
4055,2026/10/01 09:34:17,0,3043.18,-101.28,275.46
4056,2026/10/01 09:34:17,500,3041.93,-99.64,275.95
4057,2026/10/01 09:34:18,0,3041.72,-100.37,275.49
4058,2026/10/01 09:34:18,500,3043.82,-102.34,275.92
4059,2026/10/01 09:34:19,0,3041.03,-98.48,275.86
4060,2026/10/01 09:34:19,500,3042.22,-99.75,276.66
4061,2026/10/01 09:34:20,0,3041.49,-99.42,276.09
4062,2026/10/01 09:34:20,500,3041.29,-99.37,276.05
4063,2026/10/01 09:34:21,0,3040.65,-101.95,275.98
4064,2026/10/01 09:34:21,500,3041.8,-99.55,275.32
4065,2026/10/01 09:34:22,0,3040.98,-98.64,276.13
4066,2026/10/01 09:34:22,500,3042.08,-98.29,276.43
4067,2026/10/01 09:34:23,0,3041.5,-98.92,276.3
4068,2026/10/01 09:34:23,500,3041.22,-99.23,276.54
4069,2026/10/01 09:34:24,0,3040.71,-102.61,276.57
4070,2026/10/01 09:34:24,500,3042.48,-100.02,277.3
4071,2026/10/01 09:34:25,0,3041.85,-101.43,275.64
4072,2026/10/01 09:34:25,500,3040.65,-98.08,276.32
4073,2026/10/01 09:34:26,0,3040.04,-98.3,276.38
4074,2026/10/01 09:34:26,500,3039.55,-101.43,276.05
4075,2026/10/01 09:34:27,0,3041.9,-100.07,275.9
4076,2026/10/01 09:34:27,500,3041.65,-99.63,276.47
4077,2026/10/01 09:34:28,0,3041.69,-98.65,276.42
4078,2026/10/01 09:34:28,500,3040.69,-102.51,275.7
4079,2026/10/01 09:34:29,0,3041.36,-103.31,275.33
4080,2026/10/01 09:34:29,500,3041.47,-99.94,275.98
4081,2026/10/01 09:34:30,0,3040.53,-103.8,275.9
4082,2026/10/01 09:34:30,500,3040.23,-99.76,276.54
4083,2026/10/01 09:34:31,0,3039.67,-99.11,275.78
4084,2026/10/01 09:34:31,500,3040.72,-98.15,276.15
4085,2026/10/01 09:34:32,0,3040.76,-100.93,275.39
4086,2026/10/01 09:34:32,500,3039.92,-99.76,275.47
4087,2026/10/01 09:34:33,0,3039.95,-99.02,275.87
4088,2026/10/01 09:34:33,500,3039.94,-101.76,276.13
4089,2026/10/01 09:34:34,0,3040.68,-98.63,275.85
4090,2026/10/01 09:34:34,500,3038.88,-99.59,276.33
4091,2026/10/01 09:34:35,0,3039.03,-100.91,275.41
4092,2026/10/01 09:34:35,500,3038.98,-99.79,276.16
4093,2026/10/01 09:34:36,0,3039.66,-100.21,276.17
4094,2026/10/01 09:34:36,500,3039.96,-98.83,275.55
4095,2026/10/01 09:34:37,0,3038.79,-100.54,276.39
4096,2026/10/01 09:34:37,500,3040.31,-99.66,275.19
4097,2026/10/01 09:34:38,0,3040.68,-100.93,275.94
4098,2026/10/01 09:34:38,500,3039.78,-101.41,276.68
4099,2026/10/01 09:34:39,0,3040.28,-99.74,275.18
4100,2026/10/01 09:34:39,500,3038.59,-101.35,276.63
4101,2026/10/01 09:34:40,0,3038.54,-98.8,275.71
4102,2026/10/01 09:34:40,500,3039.6,-99.11,276.0
4103,2026/10/01 09:34:41,0,3039.09,-101.15,277.0
4104,2026/10/01 09:34:41,500,3038.34,-99.68,275.99
4105,2026/10/01 09:34:42,0,3040.13,-101.15,277.11
4106,2026/10/01 09:34:42,500,3039.17,-102.41,276.16
4107,2026/10/01 09:34:43,0,3039.42,-100.9,276.27
4108,2026/10/01 09:34:43,500,3038.26,-100.08,276.74
4109,2026/10/01 09:34:44,0,3040.08,-99.22,276.59
4110,2026/10/01 09:34:44,500,3038.54,-99.78,276.4
4111,2026/10/01 09:34:45,0,3039.42,-98.64,276.09
4112,2026/10/01 09:34:45,500,3038.07,-101.47,275.55
4113,2026/10/01 09:34:46,0,3038.61,-100.57,275.58
4114,2026/10/01 09:34:46,500,3038.86,-97.53,276.99
4115,2026/10/01 09:34:47,0,3039.94,-102.9,277.19
4116,2026/10/01 09:34:47,500,3037.93,-100.68,276.41
4117,2026/10/01 09:34:48,0,3038.38,-101.61,275.46
4118,2026/10/01 09:34:48,500,3038.63,-100.29,275.96
4119,2026/10/01 09:34:49,0,3036.96,-100.65,275.94
4120,2026/10/01 09:34:49,500,3036.29,-99.1,276.07
4121,2026/10/01 09:34:50,0,3037.17,-99.62,275.91
4122,2026/10/01 09:34:50,500,3038.68,-101.96,276.62
4123,2026/10/01 09:34:51,0,3039.21,-100.88,276.49
4124,2026/10/01 09:34:51,500,3037.04,-100.0,277.15
4125,2026/10/01 09:34:52,0,3036.74,-98.89,276.17
4126,2026/10/01 09:34:52,500,3038.88,-96.35,276.47
4127,2026/10/01 09:34:53,0,3037.14,-98.95,276.74
4128,2026/10/01 09:34:53,500,3037.23,-101.52,276.89
4129,2026/10/01 09:34:54,0,3038.63,-100.14,275.76
4130,2026/10/01 09:34:54,500,3038.44,-99.73,276.59
4131,2026/10/01 09:34:55,0,3038.08,-100.78,276.46
4132,2026/10/01 09:34:55,500,3035.91,-99.29,276.54
4133,2026/10/01 09:34:56,0,3036.21,-103.41,276.42
4134,2026/10/01 09:34:56,500,3038.05,-99.17,277.25
4135,2026/10/01 09:34:57,0,3037.34,-100.71,275.95
4136,2026/10/01 09:34:57,500,3036.41,-100.16,275.93
4137,2026/10/01 09:34:58,0,3036.69,-97.8,275.99
4138,2026/10/01 09:34:58,500,3037.79,-101.89,276.26
4139,2026/10/01 09:34:59,0,3038.07,-99.59,276.56
4140,2026/10/01 09:34:59,500,3036.78,-98.81,276.18
4141,2026/10/01 09:35:00,0,3038.99,0.26,276.89
4142,2026/10/01 09:35:00,500,3042.07,-2.42,276.37
4143,2026/10/01 09:35:01,0,3046.09,2.03,276.3
4144,2026/10/01 09:35:01,500,3048.8,-0.32,275.66
4145,2026/10/01 09:35:02,0,3050.61,-0.79,277.21
4146,2026/10/01 09:35:02,500,3052.73,-0.47,276.26
4147,2026/10/01 09:35:03,0,3056.71,-0.57,277.08
4148,2026/10/01 09:35:03,500,3059.82,-1.79,275.93
4149,2026/10/01 09:35:04,0,3060.03,0.25,276.63
4150,2026/10/01 09:35:04,500,3063.66,-0.9,275.91
4151,2026/10/01 09:35:05,0,3067.42,1.01,277.08
4152,2026/10/01 09:35:05,500,3069.19,0.78,276.71
4153,2026/10/01 09:35:06,0,3071.36,2.44,276.55
4154,2026/10/01 09:35:06,500,3074.51,-0.32,275.74
4155,2026/10/01 09:35:07,0,3077.26,-1.2,277.04
4156,2026/10/01 09:35:07,500,3078.65,-2.2,277.08
4157,2026/10/01 09:35:08,0,3082.21,3.29,275.85
4158,2026/10/01 09:35:08,500,3085.0,0.99,276.1
4159,2026/10/01 09:35:09,0,3086.87,-1.04,276.46
4160,2026/10/01 09:35:09,500,3089.19,2.54,274.99
4161,2026/10/01 09:35:10,0,3091.92,2.03,276.53
4162,2026/10/01 09:35:10,500,3094.1,-2.03,276.45
4163,2026/10/01 09:35:11,0,3098.07,-1.13,275.63
4164,2026/10/01 09:35:11,500,3099.11,-0.2,274.79
4165,2026/10/01 09:35:12,0,3102.54,-1.61,276.04
4166,2026/10/01 09:35:12,500,3104.58,-0.14,275.28
4167,2026/10/01 09:35:13,0,3106.78,1.07,275.03
4168,2026/10/01 09:35:13,500,3110.91,-2.06,275.99
4169,2026/10/01 09:35:14,0,3112.16,0.44,276.44
4170,2026/10/01 09:35:14,500,3114.18,1.75,275.65
4171,2026/10/01 09:35:15,0,3116.53,0.6,276.33
4172,2026/10/01 09:35:15,500,3119.84,-0.11,276.05
4173,2026/10/01 09:35:16,0,3122.64,-1.0,275.01
4174,2026/10/01 09:35:16,500,3125.4,1.25,275.4
4175,2026/10/01 09:35:17,0,3126.65,-1.77,276.19
4176,2026/10/01 09:35:17,500,3128.98,0.36,275.35
4177,2026/10/01 09:35:18,0,3131.64,0.04,276.02
4178,2026/10/01 09:35:18,500,3134.03,1.69,275.38
4179,2026/10/01 09:35:19,0,3135.64,-0.87,275.93
4180,2026/10/01 09:35:19,500,3139.77,-0.75,275.76
4181,2026/10/01 09:35:20,0,3140.95,-1.86,275.4
4182,2026/10/01 09:35:20,500,3143.68,0.66,275.85
4183,2026/10/01 09:35:21,0,3145.91,-0.64,274.4
4184,2026/10/01 09:35:21,500,3148.2,-1.29,274.92
4185,2026/10/01 09:35:22,0,3149.37,-1.15,275.21
4186,2026/10/01 09:35:22,500,3152.45,0.81,276.01
4187,2026/10/01 09:35:23,0,3156.56,-1.65,274.68
4188,2026/10/01 09:35:23,500,3158.27,-1.52,275.36
4189,2026/10/01 09:35:24,0,3159.39,1.34,275.51
4190,2026/10/01 09:35:24,500,3161.22,-0.25,275.46
4191,2026/10/01 09:35:25,0,3161.97,1.43,275.26
4192,2026/10/01 09:35:25,500,3165.58,-0.54,274.98
4193,2026/10/01 09:35:26,0,3168.14,-0.0,275.15
4194,2026/10/01 09:35:26,500,3170.16,0.23,275.74
4195,2026/10/01 09:35:27,0,3172.41,2.08,274.89
4196,2026/10/01 09:35:27,500,3175.3,1.96,274.13
4197,2026/10/01 09:35:28,0,3176.19,1.73,275.42
4198,2026/10/01 09:35:28,500,3179.38,-0.94,275.91
4199,2026/10/01 09:35:29,0,3181.24,-1.48,274.62
4200,2026/10/01 09:35:29,500,3182.78,1.14,275.81
4201,2026/10/01 09:35:30,0,3186.97,2.07,275.36
4202,2026/10/01 09:35:30,500,3188.37,1.74,274.5
4203,2026/10/01 09:35:31,0,3189.27,0.02,274.71
4204,2026/10/01 09:35:31,500,3192.44,1.09,274.67
4205,2026/10/01 09:35:32,0,3193.02,1.12,275.1
4206,2026/10/01 09:35:32,500,3195.71,0.22,274.91
4207,2026/10/01 09:35:33,0,3199.39,0.29,275.53
4208,2026/10/01 09:35:33,500,3200.7,0.15,275.38
4209,2026/10/01 09:35:34,0,3202.71,-1.18,274.16
4210,2026/10/01 09:35:34,500,3205.35,-1.03,274.21
4211,2026/10/01 09:35:35,0,3207.11,-1.05,275.2
4212,2026/10/01 09:35:35,500,3208.46,-2.4,274.62
4213,2026/10/01 09:35:36,0,3211.47,0.21,274.77
4214,2026/10/01 09:35:36,500,3211.4,-0.06,275.11
4215,2026/10/01 09:35:37,0,3214.25,1.14,275.24
4216,2026/10/01 09:35:37,500,3216.72,1.89,274.18
4217,2026/10/01 09:35:38,0,3219.24,1.99,273.66
4218,2026/10/01 09:35:38,500,3220.55,2.13,274.69
4219,2026/10/01 09:35:39,0,3221.37,-1.14,274.3
4220,2026/10/01 09:35:39,500,3223.24,-2.15,274.74
4221,2026/10/01 09:35:40,0,3226.7,1.4,274.64
4222,2026/10/01 09:35:40,500,3228.34,2.07,274.18
4223,2026/10/01 09:35:41,0,3229.96,2.33,275.69
4224,2026/10/01 09:35:41,500,3231.78,0.73,274.64
4225,2026/10/01 09:35:42,0,3234.69,-3.0,274.32
4226,2026/10/01 09:35:42,500,3237.56,0.55,274.64
4227,2026/10/01 09:35:43,0,3238.55,0.83,274.83
4228,2026/10/01 09:35:43,500,3241.42,1.88,274.23
4229,2026/10/01 09:35:44,0,3241.97,2.14,275.69
4230,2026/10/01 09:35:44,500,3244.53,1.36,273.74
4231,2026/10/01 09:35:45,0,3247.15,-0.88,273.76
4232,2026/10/01 09:35:45,500,3247.83,-1.54,273.66
4233,2026/10/01 09:35:46,0,3249.86,0.8,274.45
4234,2026/10/01 09:35:46,500,3251.41,-1.19,274.66
4235,2026/10/01 09:35:47,0,3254.05,2.21,274.24
4236,2026/10/01 09:35:47,500,3256.15,-2.56,274.62
4237,2026/10/01 09:35:48,0,3257.56,0.85,274.59
4238,2026/10/01 09:35:48,500,3258.94,0.48,274.16
4239,2026/10/01 09:35:49,0,3259.75,-0.31,274.54
4240,2026/10/01 09:35:49,500,3262.74,-1.39,274.2
4241,2026/10/01 09:35:50,0,3264.44,-3.09,274.08
4242,2026/10/01 09:35:50,500,3266.6,-0.8,274.01
4243,2026/10/01 09:35:51,0,3268.3,-0.77,274.36
4244,2026/10/01 09:35:51,500,3271.26,1.67,274.83
4245,2026/10/01 09:35:52,0,3271.24,-1.17,273.6
4246,2026/10/01 09:35:52,500,3272.31,0.68,273.94
4247,2026/10/01 09:35:53,0,3274.43,-1.94,274.24
4248,2026/10/01 09:35:53,500,3276.61,0.72,275.02
4249,2026/10/01 09:35:54,0,3279.74,-3.36,274.34
4250,2026/10/01 09:35:54,500,3279.58,3.14,273.69
4251,2026/10/01 09:35:55,0,3281.44,-0.21,273.62
4252,2026/10/01 09:35:55,500,3284.43,-4.19,274.55
4253,2026/10/01 09:35:56,0,3286.51,-1.08,273.88
4254,2026/10/01 09:35:56,500,3286.32,-1.31,273.4
4255,2026/10/01 09:35:57,0,3287.85,-0.98,274.51
4256,2026/10/01 09:35:57,500,3290.35,-0.55,274.13
4257,2026/10/01 09:35:58,0,3293.2,-0.99,273.36
4258,2026/10/01 09:35:58,500,3294.49,-1.22,273.27
4259,2026/10/01 09:35:59,0,3295.46,-1.74,272.84
4260,2026/10/01 09:35:59,500,3298.33,1.23,273.59
4261,2026/10/01 09:36:00,0,3299.51,1.8,274.03
4262,2026/10/01 09:36:00,500,3300.99,-0.38,274.34
4263,2026/10/01 09:36:01,0,3301.44,-0.03,274.05
4264,2026/10/01 09:36:01,500,3303.77,-1.69,273.17
4265,2026/10/01 09:36:02,0,3307.6,0.11,273.66
4266,2026/10/01 09:36:02,500,3307.4,0.34,274.49
4267,2026/10/01 09:36:03,0,3308.54,-0.33,273.5
4268,2026/10/01 09:36:03,500,3310.62,0.59,274.13
4269,2026/10/01 09:36:04,0,3312.64,0.46,274.04
4270,2026/10/01 09:36:04,500,3314.86,-1.58,274.08
4271,2026/10/01 09:36:05,0,3316.26,1.79,273.9
4272,2026/10/01 09:36:05,500,3316.82,-0.31,274.04
4273,2026/10/01 09:36:06,0,3319.96,2.51,272.9
4274,2026/10/01 09:36:06,500,3321.18,0.63,274.38
4275,2026/10/01 09:36:07,0,3321.75,2.96,272.7
4276,2026/10/01 09:36:07,500,3323.58,1.76,273.74
4277,2026/10/01 09:36:08,0,3325.73,0.34,273.54
4278,2026/10/01 09:36:08,500,3327.66,-1.08,273.23
4279,2026/10/01 09:36:09,0,3327.14,-1.05,273.04
4280,2026/10/01 09:36:09,500,3329.96,0.8,273.78
4281,2026/10/01 09:36:10,0,3331.41,0.21,273.89
4282,2026/10/01 09:36:10,500,3332.52,-0.88,273.41
4283,2026/10/01 09:36:11,0,3334.04,1.25,273.3
4284,2026/10/01 09:36:11,500,3336.86,0.06,274.07
4285,2026/10/01 09:36:12,0,3337.96,1.26,273.2
4286,2026/10/01 09:36:12,500,3340.72,-1.46,273.37
4287,2026/10/01 09:36:13,0,3340.08,998.53,273.27
4288,2026/10/01 09:36:13,500,3342.14,994.61,274.58
4289,2026/10/01 09:36:14,0,3343.77,990.16,272.91
4290,2026/10/01 09:36:14,500,3345.72,1.47,273.73
4291,2026/10/01 09:36:15,0,3347.57,-0.13,272.44
4292,2026/10/01 09:36:15,500,3348.03,-0.25,272.79
4293,2026/10/01 09:36:16,0,3348.54,2.67,273.1
4294,2026/10/01 09:36:16,500,3350.3,-0.44,273.17
4295,2026/10/01 09:36:17,0,3352.44,1.12,273.08
4296,2026/10/01 09:36:17,500,3354.67,-0.57,273.14
4297,2026/10/01 09:36:18,0,3354.05,-2.79,272.83
4298,2026/10/01 09:36:18,500,3355.71,-1.84,273.8
4299,2026/10/01 09:36:19,0,3358.68,0.61,272.64
4300,2026/10/01 09:36:19,500,3358.46,1.05,273.49
4301,2026/10/01 09:36:20,0,3360.01,0.61,273.44
4302,2026/10/01 09:36:20,500,3363.23,1.72,272.6
4303,2026/10/01 09:36:21,0,3363.55,0.59,272.87
4304,2026/10/01 09:36:21,500,3364.88,-1.16,273.04
4305,2026/10/01 09:36:22,0,3367.61,0.89,273.86
4306,2026/10/01 09:36:22,500,3367.05,0.25,272.82
4307,2026/10/01 09:36:23,0,3368.27,-0.86,274.79
4308,2026/10/01 09:36:23,500,3371.96,0.71,273.35
4309,2026/10/01 09:36:24,0,3372.21,0.12,273.11
4310,2026/10/01 09:36:24,500,3373.93,-0.91,273.37
4311,2026/10/01 09:36:25,0,3374.5,-0.27,272.05
4312,2026/10/01 09:36:25,500,3376.01,-993.8,273.47
4313,2026/10/01 09:36:26,0,3376.88,-996.61,272.21
4314,2026/10/01 09:36:26,500,3379.04,0.28,273.28
4315,2026/10/01 09:36:27,0,3380.79,0.09,272.53
4316,2026/10/01 09:36:27,500,3381.61,-2.15,272.41
4317,2026/10/01 09:36:28,0,3383.63,2.58,273.68
4318,2026/10/01 09:36:28,500,3384.63,1.55,272.72
4319,2026/10/01 09:36:29,0,3384.57,1.13,271.99
4320,2026/10/01 09:36:29,500,3386.6,-3.41,273.22
4321,2026/10/01 09:36:30,0,3387.66,0.06,272.1
4322,2026/10/01 09:36:30,500,3389.92,-0.19,273.38
4323,2026/10/01 09:36:31,0,3390.98,1.02,272.67
4324,2026/10/01 09:36:31,500,3392.0,-0.68,272.02
4325,2026/10/01 09:36:32,0,3393.99,-0.35,273.05
4326,2026/10/01 09:36:32,500,3392.96,0.93,272.88
4327,2026/10/01 09:36:33,0,3395.24,-1.16,271.54
4328,2026/10/01 09:36:33,500,3396.57,-0.86,272.55
4329,2026/10/01 09:36:34,0,3398.45,0.29,272.71
4330,2026/10/01 09:36:34,500,3399.95,2.01,272.67
4331,2026/10/01 09:36:35,0,3400.75,1.21,272.43
4332,2026/10/01 09:36:35,500,3400.94,1.61,272.88
4333,2026/10/01 09:36:36,0,3403.56,0.09,272.77
4334,2026/10/01 09:36:36,500,3404.57,2.24,272.49
4335,2026/10/01 09:36:37,0,3404.52,-2.61,272.33
4336,2026/10/01 09:36:37,500,3406.69,3.03,272.51
4337,2026/10/01 09:36:38,0,3408.44,3.23,272.11
4338,2026/10/01 09:36:38,500,3410.68,0.68,271.88
4339,2026/10/01 09:36:39,0,3409.69,1.25,271.81
4340,2026/10/01 09:36:39,500,3412.4,-0.06,272.31
4341,2026/10/01 09:36:40,0,3412.1,-0.31,271.91
4342,2026/10/01 09:36:40,500,3413.14,-0.92,272.24
4343,2026/10/01 09:36:41,0,3414.38,-0.07,272.97
4344,2026/10/01 09:36:41,500,3417.01,0.83,272.18
4345,2026/10/01 09:36:42,0,3417.81,0.63,272.33
4346,2026/10/01 09:36:42,500,3418.63,2.98,272.13
4347,2026/10/01 09:36:43,0,3420.42,0.15,272.88
4348,2026/10/01 09:36:43,500,3421.25,-2.23,273.04
4349,2026/10/01 09:36:44,0,3422.46,2.47,271.96
4350,2026/10/01 09:36:44,500,3423.29,-1.83,272.54
4351,2026/10/01 09:36:45,0,3423.86,-0.84,273.2
4352,2026/10/01 09:36:45,500,3427.18,-993.42,271.56
4353,2026/10/01 09:36:46,0,3428.08,0.63,272.61
4354,2026/10/01 09:36:46,500,3429.37,-2.17,271.23
4355,2026/10/01 09:36:47,0,3428.8,-1.12,272.1
4356,2026/10/01 09:36:47,500,3429.81,-2.22,271.99
4357,2026/10/01 09:36:48,0,3431.15,0.93,271.19
4358,2026/10/01 09:36:48,500,3433.45,1.78,272.57
4359,2026/10/01 09:36:49,0,3433.7,-1.83,272.08
4360,2026/10/01 09:36:49,500,3434.38,1.49,271.52
4361,2026/10/01 09:36:50,0,3436.21,1.4,272.13
4362,2026/10/01 09:36:50,500,3436.42,-0.99,272.4
4363,2026/10/01 09:36:51,0,3437.02,-2.97,271.05
4364,2026/10/01 09:36:51,500,3439.3,-1.61,270.34
4365,2026/10/01 09:36:52,0,3439.87,-0.89,271.88
4366,2026/10/01 09:36:52,500,3441.35,2.31,271.49
4367,2026/10/01 09:36:53,0,3440.29,-0.18,272.53
4368,2026/10/01 09:36:53,500,3442.79,-1.51,271.66
4369,2026/10/01 09:36:54,0,3444.54,0.22,271.98
4370,2026/10/01 09:36:54,500,3444.42,-1.94,271.71
4371,2026/10/01 09:36:55,0,3445.51,0.77,271.01
4372,2026/10/01 09:36:55,500,3447.78,-1.47,271.79
4373,2026/10/01 09:36:56,0,3449.36,-1.25,271.09
4374,2026/10/01 09:36:56,500,3449.13,0.56,271.05
4375,2026/10/01 09:36:57,0,3450.67,2.63,271.17
4376,2026/10/01 09:36:57,500,3451.72,3.3,271.1
4377,2026/10/01 09:36:58,0,3451.7,-1.56,271.57
4378,2026/10/01 09:36:58,500,3454.92,-0.89,271.47
4379,2026/10/01 09:36:59,0,3454.85,0.77,271.79
4380,2026/10/01 09:36:59,500,3455.88,1.75,270.84
4381,2026/10/01 09:37:00,0,3457.33,-3.25,271.48
4382,2026/10/01 09:37:00,500,3456.79,0.13,271.35
4383,2026/10/01 09:37:01,0,3459.78,-0.73,271.67
4384,2026/10/01 09:37:01,500,3460.89,-2.89,271.68
4385,2026/10/01 09:37:02,0,3461.16,-2.01,271.61
4386,2026/10/01 09:37:02,500,3462.41,-0.85,271.02
4387,2026/10/01 09:37:03,0,3462.77,0.09,271.51
4388,2026/10/01 09:37:03,500,3464.71,1.51,271.22
4389,2026/10/01 09:37:04,0,3464.34,0.53,272.12
4390,2026/10/01 09:37:04,500,3465.95,1.42,271.5
4391,2026/10/01 09:37:05,0,3466.97,0.04,271.47
4392,2026/10/01 09:37:05,500,3467.88,-1.06,270.77
4393,2026/10/01 09:37:06,0,3469.74,-0.28,271.1
4394,2026/10/01 09:37:06,500,3471.59,1.04,271.5
4395,2026/10/01 09:37:07,0,3470.71,1.55,271.32
4396,2026/10/01 09:37:07,500,3472.13,-0.22,271.29
4397,2026/10/01 09:37:08,0,3472.06,-1.39,270.44
4398,2026/10/01 09:37:08,500,3474.47,0.5,270.9
4399,2026/10/01 09:37:09,0,3474.17,0.72,271.15
4400,2026/10/01 09:37:09,500,3478.04,1.85,271.87
4401,2026/10/01 09:37:10,0,3475.12,-1.02,270.3
4402,2026/10/01 09:37:10,500,3479.1,-1.0,270.71
4403,2026/10/01 09:37:11,0,3479.11,1.13,270.27
4404,2026/10/01 09:37:11,500,3478.34,-0.61,271.36
4405,2026/10/01 09:37:12,0,3482.01,-0.67,271.77
4406,2026/10/01 09:37:12,500,3480.32,1.88,271.34
4407,2026/10/01 09:37:13,0,3481.72,-2.06,271.43
4408,2026/10/01 09:37:13,500,3481.85,3.08,270.61
4409,2026/10/01 09:37:14,0,3483.67,-0.92,271.29
4410,2026/10/01 09:37:14,500,3484.64,1.3,270.7
4411,2026/10/01 09:37:15,0,3486.24,-0.16,271.1
4412,2026/10/01 09:37:15,500,3488.42,0.41,271.31
4413,2026/10/01 09:37:16,0,3486.95,-0.39,270.89
4414,2026/10/01 09:37:16,500,3486.04,1.28,271.43
4415,2026/10/01 09:37:17,0,3489.64,-0.52,270.92
4416,2026/10/01 09:37:17,500,3489.56,-0.86,271.12
4417,2026/10/01 09:37:18,0,3492.33,2.72,271.91
4418,2026/10/01 09:37:18,500,3491.72,0.04,271.2
4419,2026/10/01 09:37:19,0,3492.0,-1.01,270.56
4420,2026/10/01 09:37:19,500,3492.66,-2.24,270.68
4421,2026/10/01 09:37:20,0,3494.83,2.8,271.34
4422,2026/10/01 09:37:20,500,3494.97,-0.83,271.4
4423,2026/10/01 09:37:21,0,3497.21,3.09,270.85
4424,2026/10/01 09:37:21,500,3496.72,0.6,270.08
4425,2026/10/01 09:37:22,0,3498.86,0.21,270.35
4426,2026/10/01 09:37:22,500,3497.47,0.25,270.9
4427,2026/10/01 09:37:23,0,3498.02,3.32,271.08
4428,2026/10/01 09:37:23,500,3500.91,-3.29,271.28
4429,2026/10/01 09:37:24,0,3500.7,0.32,269.74
4430,2026/10/01 09:37:24,500,3501.69,-0.4,271.18
4431,2026/10/01 09:37:25,0,3501.91,-0.32,271.44
4432,2026/10/01 09:37:25,500,3502.68,0.22,269.51
4433,2026/10/01 09:37:26,0,3504.87,-0.4,270.69
4434,2026/10/01 09:37:26,500,3505.16,0.28,271.05
4435,2026/10/01 09:37:27,0,3505.14,-0.04,269.95
4436,2026/10/01 09:37:27,500,3507.42,-1.97,270.39
4437,2026/10/01 09:37:28,0,3508.53,0.57,270.9
4438,2026/10/01 09:37:28,500,3508.31,1.07,270.34
4439,2026/10/01 09:37:29,0,3509.99,-0.81,270.41
4440,2026/10/01 09:37:29,500,3509.18,2.8,270.68
4441,2026/10/01 09:37:30,0,3511.24,2.0,269.97
4442,2026/10/01 09:37:30,500,3511.69,1.27,270.0
4443,2026/10/01 09:37:31,0,3511.71,1.25,270.75
4444,2026/10/01 09:37:31,500,3514.77,0.05,270.98
4445,2026/10/01 09:37:32,0,3514.09,1.71,270.68
4446,2026/10/01 09:37:32,500,3514.2,2.36,271.15
4447,2026/10/01 09:37:33,0,3515.46,1.21,270.66
4448,2026/10/01 09:37:33,500,3515.52,-0.86,271.36
4449,2026/10/01 09:37:34,0,3516.05,-0.06,270.45
4450,2026/10/01 09:37:34,500,3517.38,0.86,270.53
4451,2026/10/01 09:37:35,0,3518.19,1.26,270.58
4452,2026/10/01 09:37:35,500,3518.61,-0.12,270.05
4453,2026/10/01 09:37:36,0,3521.0,-0.85,269.96
4454,2026/10/01 09:37:36,500,3520.14,2.38,269.88
4455,2026/10/01 09:37:37,0,3520.75,-1.61,270.04
4456,2026/10/01 09:37:37,500,3521.29,-1.41,271.33
4457,2026/10/01 09:37:38,0,3521.95,-1.99,271.19
4458,2026/10/01 09:37:38,500,3524.54,-1.42,270.1
4459,2026/10/01 09:37:39,0,3524.65,1.87,270.04
4460,2026/10/01 09:37:39,500,3525.73,1.92,269.16
4461,2026/10/01 09:37:40,0,3526.72,-0.11,269.72
4462,2026/10/01 09:37:40,500,3526.36,0.74,269.79
4463,2026/10/01 09:37:41,0,3528.53,-0.02,269.96
4464,2026/10/01 09:37:41,500,3527.57,-1.79,269.88
4465,2026/10/01 09:37:42,0,3527.91,3.33,270.25
4466,2026/10/01 09:37:42,500,3529.79,2.06,270.52
4467,2026/10/01 09:37:43,0,3530.32,0.53,269.75
4468,2026/10/01 09:37:43,500,3531.02,-1.28,270.81
4469,2026/10/01 09:37:44,0,3532.42,-0.34,270.25
4470,2026/10/01 09:37:44,500,3532.4,-1.04,270.51
4471,2026/10/01 09:37:45,0,3533.26,0.15,269.83
4472,2026/10/01 09:37:45,500,3534.79,0.46,270.3
4473,2026/10/01 09:37:46,0,3534.61,-0.51,270.24
4474,2026/10/01 09:37:46,500,3535.48,-2.18,270.73
4475,2026/10/01 09:37:47,0,3534.64,3.2,270.31
4476,2026/10/01 09:37:47,500,3539.43,0.36,270.39
4477,2026/10/01 09:37:48,0,3535.86,0.68,269.68
4478,2026/10/01 09:37:48,500,3537.38,-0.63,270.53
4479,2026/10/01 09:37:49,0,3538.03,-2.34,269.27
4480,2026/10/01 09:37:49,500,3540.84,-0.12,269.61
4481,2026/10/01 09:37:50,0,3539.34,-0.48,270.02
4482,2026/10/01 09:37:50,500,3540.84,1.06,269.29
4483,2026/10/01 09:37:51,0,3540.7,1.36,269.38
4484,2026/10/01 09:37:51,500,3540.98,1.15,269.37
4485,2026/10/01 09:37:52,0,3542.93,1.48,270.0
4486,2026/10/01 09:37:52,500,3542.55,2.71,269.72
4487,2026/10/01 09:37:53,0,3543.95,0.58,270.26
4488,2026/10/01 09:37:53,500,3544.93,1.65,270.7
4489,2026/10/01 09:37:54,0,3546.6,0.74,269.88
4490,2026/10/01 09:37:54,500,3544.71,-2.85,269.48
4491,2026/10/01 09:37:55,0,3546.24,-0.23,269.9
4492,2026/10/01 09:37:55,500,3546.91,-1.3,269.25
4493,2026/10/01 09:37:56,0,3547.64,0.35,269.65
4494,2026/10/01 09:37:56,500,3550.32,-1.19,270.9
4495,2026/10/01 09:37:57,0,3548.76,0.91,269.55
4496,2026/10/01 09:37:57,500,3547.51,1.47,269.78
4497,2026/10/01 09:37:58,0,3550.0,1.81,269.54
4498,2026/10/01 09:37:58,500,3550.68,2.43,269.4
4499,2026/10/01 09:37:59,0,3551.21,-2.51,269.82
4500,2026/10/01 09:37:59,500,3551.44,-1.8,268.93
4501,2026/10/01 09:38:00,0,3551.57,4.39,269.47
4502,2026/10/01 09:38:00,500,3554.97,1.51,268.86
4503,2026/10/01 09:38:01,0,3554.11,0.34,270.29
4504,2026/10/01 09:38:01,500,3554.31,0.05,270.0
4505,2026/10/01 09:38:02,0,3556.77,-0.09,269.1
4506,2026/10/01 09:38:02,500,3554.97,-2.9,268.54
4507,2026/10/01 09:38:03,0,3556.75,-1.16,269.7
4508,2026/10/01 09:38:03,500,3555.87,-0.17,269.42
4509,2026/10/01 09:38:04,0,3558.06,-1.07,270.54
4510,2026/10/01 09:38:04,500,3557.15,-0.88,270.11
4511,2026/10/01 09:38:05,0,3559.02,3.84,269.71
4512,2026/10/01 09:38:05,500,3560.8,-0.38,269.11
4513,2026/10/01 09:38:06,0,3559.89,0.42,269.23
4514,2026/10/01 09:38:06,500,3558.65,0.36,269.49
4515,2026/10/01 09:38:07,0,3561.01,0.88,269.5
4516,2026/10/01 09:38:07,500,3561.94,-0.72,268.95
4517,2026/10/01 09:38:08,0,3562.86,1.87,268.61
4518,2026/10/01 09:38:08,500,3563.89,0.67,270.24
4519,2026/10/01 09:38:09,0,3564.5,-1.93,269.28
4520,2026/10/01 09:38:09,500,3563.74,-0.16,269.46
4521,2026/10/01 09:38:10,0,3563.89,-0.26,268.8
4522,2026/10/01 09:38:10,500,3564.08,-0.33,269.89
4523,2026/10/01 09:38:11,0,3565.11,0.76,269.72
4524,2026/10/01 09:38:11,500,3566.48,0.95,269.21
4525,2026/10/01 09:38:12,0,3565.58,0.77,269.27
4526,2026/10/01 09:38:12,500,3566.47,0.51,269.29
4527,2026/10/01 09:38:13,0,3568.21,0.13,269.18
4528,2026/10/01 09:38:13,500,3567.79,-3.23,269.39
4529,2026/10/01 09:38:14,0,3569.16,1.17,269.29
4530,2026/10/01 09:38:14,500,3568.75,0.73,269.0
4531,2026/10/01 09:38:15,0,3570.18,-1.48,268.48
4532,2026/10/01 09:38:15,500,3569.87,0.42,269.04
4533,2026/10/01 09:38:16,0,3569.51,0.97,269.41
4534,2026/10/01 09:38:16,500,3572.33,1.76,269.36
4535,2026/10/01 09:38:17,0,3571.54,0.77,269.66
4536,2026/10/01 09:38:17,500,3572.43,0.48,269.7
4537,2026/10/01 09:38:18,0,3572.61,1.42,269.32
4538,2026/10/01 09:38:18,500,3574.12,-0.46,269.05
4539,2026/10/01 09:38:19,0,3574.48,0.62,269.11
4540,2026/10/01 09:38:19,500,3575.17,-0.93,268.64
4541,2026/10/01 09:38:20,0,3574.82,1.67,269.31
4542,2026/10/01 09:38:20,500,3575.73,-2.41,269.56
4543,2026/10/01 09:38:21,0,3576.62,1.23,269.4
4544,2026/10/01 09:38:21,500,3578.04,0.03,269.14
4545,2026/10/01 09:38:22,0,3577.56,1.45,268.73
4546,2026/10/01 09:38:22,500,3577.02,-1.17,268.65
4547,2026/10/01 09:38:23,0,3578.55,0.13,268.74
4548,2026/10/01 09:38:23,500,3578.71,0.09,268.43
4549,2026/10/01 09:38:24,0,3577.75,0.65,268.92
4550,2026/10/01 09:38:24,500,3578.37,-1.57,267.37
4551,2026/10/01 09:38:25,0,3580.29,0.95,268.48
4552,2026/10/01 09:38:25,500,3580.86,-2.77,268.77
4553,2026/10/01 09:38:26,0,3581.1,-1.0,269.97
4554,2026/10/01 09:38:26,500,3582.54,-2.34,268.71
4555,2026/10/01 09:38:27,0,3581.58,1.24,268.71
4556,2026/10/01 09:38:27,500,3581.7,0.6,268.26
4557,2026/10/01 09:38:28,0,3582.64,0.68,269.52
4558,2026/10/01 09:38:28,500,3583.3,2.21,268.24
4559,2026/10/01 09:38:29,0,3584.22,-0.47,269.64
4560,2026/10/01 09:38:29,500,3584.11,0.91,268.24
4561,2026/10/01 09:38:30,0,3583.52,0.1,269.07
4562,2026/10/01 09:38:30,500,3583.65,-0.13,268.55
4563,2026/10/01 09:38:31,0,3586.28,1.96,268.29
4564,2026/10/01 09:38:31,500,3585.75,3.12,269.06
4565,2026/10/01 09:38:32,0,3585.52,-0.65,269.2
4566,2026/10/01 09:38:32,500,3588.1,1.25,268.43
4567,2026/10/01 09:38:33,0,3589.3,0.48,268.49
4568,2026/10/01 09:38:33,500,3588.45,0.5,268.28
4569,2026/10/01 09:38:34,0,3589.21,0.37,268.59
4570,2026/10/01 09:38:34,500,3589.67,-0.5,267.91
4571,2026/10/01 09:38:35,0,3588.06,-5.38,267.1
4572,2026/10/01 09:38:35,500,3591.08,2.3,267.49
4573,2026/10/01 09:38:36,0,3591.82,-1.04,268.3
4574,2026/10/01 09:38:36,500,3592.75,-0.36,267.86
4575,2026/10/01 09:38:37,0,3591.38,-0.33,268.32
4576,2026/10/01 09:38:37,500,3591.27,-1.18,268.11
4577,2026/10/01 09:38:38,0,3593.72,0.36,268.0
4578,2026/10/01 09:38:38,500,3593.48,-0.07,268.01
4579,2026/10/01 09:38:39,0,3594.22,-1.07,268.8
4580,2026/10/01 09:38:39,500,3593.45,0.22,268.42
4581,2026/10/01 09:38:40,0,3594.62,-0.05,269.07
4582,2026/10/01 09:38:40,500,3594.0,1.39,268.33
4583,2026/10/01 09:38:41,0,3595.28,-2.01,267.3
4584,2026/10/01 09:38:41,500,3595.44,-1.21,267.72
4585,2026/10/01 09:38:42,0,3598.03,1.09,268.29
4586,2026/10/01 09:38:42,500,3597.02,-0.96,268.33
4587,2026/10/01 09:38:43,0,3595.29,-1.36,267.91
4588,2026/10/01 09:38:43,500,3597.44,-0.89,267.79
4589,2026/10/01 09:38:44,0,3598.16,-0.15,267.86
4590,2026/10/01 09:38:44,500,3597.91,-0.15,268.08
4591,2026/10/01 09:38:45,0,3597.83,-0.31,268.11
4592,2026/10/01 09:38:45,500,3599.66,-1.54,267.57
4593,2026/10/01 09:38:46,0,3598.79,1.16,268.23
4594,2026/10/01 09:38:46,500,3600.43,1.99,268.21
4595,2026/10/01 09:38:47,0,3599.55,-2.87,268.02
4596,2026/10/01 09:38:47,500,3600.38,-2.33,267.72
4597,2026/10/01 09:38:48,0,3601.98,1.5,268.38
4598,2026/10/01 09:38:48,500,3602.02,2.35,268.69
4599,2026/10/01 09:38:49,0,3602.06,-3.19,267.79
4600,2026/10/01 09:38:49,500,3602.42,1.22,267.69
4601,2026/10/01 09:38:50,0,3602.92,2.46,268.22
4602,2026/10/01 09:38:50,500,3602.62,-1.29,267.39
4603,2026/10/01 09:38:51,0,3602.44,996.5,267.32
4604,2026/10/01 09:38:51,500,3604.51,998.42,267.62
4605,2026/10/01 09:38:52,0,3605.68,994.2,268.08
4606,2026/10/01 09:38:52,500,3605.34,-1.08,267.47
4607,2026/10/01 09:38:53,0,3605.45,1.5,267.89
4608,2026/10/01 09:38:53,500,3604.67,1.25,266.88
4609,2026/10/01 09:38:54,0,3606.74,2.59,268.18
4610,2026/10/01 09:38:54,500,3606.81,2.16,268.57
4611,2026/10/01 09:38:55,0,3607.42,-0.01,267.38
4612,2026/10/01 09:38:55,500,3608.03,4.66,268.05
4613,2026/10/01 09:38:56,0,3608.86,2.03,267.7
4614,2026/10/01 09:38:56,500,3607.08,0.81,267.85
4615,2026/10/01 09:38:57,0,3607.32,-1.5,267.66
4616,2026/10/01 09:38:57,500,3608.85,-2.3,267.61
4617,2026/10/01 09:38:58,0,3608.38,-2.17,267.33
4618,2026/10/01 09:38:58,500,3608.62,-1.4,267.19
4619,2026/10/01 09:38:59,0,3610.84,2.07,268.27
4620,2026/10/01 09:38:59,500,3609.44,0.73,266.87
4621,2026/10/01 09:39:00,0,3610.61,-0.92,267.68
4622,2026/10/01 09:39:00,500,3609.68,-0.2,267.64
4623,2026/10/01 09:39:01,0,3611.41,-0.39,267.64
4624,2026/10/01 09:39:01,500,3612.67,1.2,267.98
4625,2026/10/01 09:39:02,0,3613.06,-1.32,267.45
4626,2026/10/01 09:39:02,500,3613.3,0.52,267.94
4627,2026/10/01 09:39:03,0,3612.76,0.45,268.6
4628,2026/10/01 09:39:03,500,3614.07,-1.27,267.51
4629,2026/10/01 09:39:04,0,3613.89,2.38,266.56
4630,2026/10/01 09:39:04,500,3613.56,-0.44,267.49
4631,2026/10/01 09:39:05,0,3614.57,-1.49,267.42
4632,2026/10/01 09:39:05,500,3615.33,1.28,267.73
4633,2026/10/01 09:39:06,0,3613.91,0.08,266.52
4634,2026/10/01 09:39:06,500,3614.48,0.61,267.66
4635,2026/10/01 09:39:07,0,3615.57,-1.78,267.27
4636,2026/10/01 09:39:07,500,3615.05,1.22,267.87
4637,2026/10/01 09:39:08,0,3615.39,3.26,267.2
4638,2026/10/01 09:39:08,500,3616.39,-1.89,267.88
4639,2026/10/01 09:39:09,0,3617.87,0.53,266.67
4640,2026/10/01 09:39:09,500,3618.2,-1.18,267.42
4641,2026/10/01 09:39:10,0,3618.02,4.03,266.91
4642,2026/10/01 09:39:10,500,3618.25,1.86,267.14
4643,2026/10/01 09:39:11,0,3620.12,0.42,268.73
4644,2026/10/01 09:39:11,500,3618.35,-1.84,266.88
4645,2026/10/01 09:39:12,0,3619.32,-1.48,267.15
4646,2026/10/01 09:39:12,500,3618.99,1.12,266.75
4647,2026/10/01 09:39:13,0,3618.76,-2.04,267.16
4648,2026/10/01 09:39:13,500,3621.07,-2.0,267.22
4649,2026/10/01 09:39:14,0,3620.21,0.01,266.92
4650,2026/10/01 09:39:14,500,3621.35,0.2,268.06
4651,2026/10/01 09:39:15,0,3620.92,0.57,267.83
4652,2026/10/01 09:39:15,500,3622.44,-0.66,266.77
4653,2026/10/01 09:39:16,0,3620.98,1.38,267.63
4654,2026/10/01 09:39:16,500,3623.03,-1.29,266.97
4655,2026/10/01 09:39:17,0,3623.14,0.94,266.58
4656,2026/10/01 09:39:17,500,3621.31,0.32,266.82
4657,2026/10/01 09:39:18,0,3622.65,0.9,266.54
4658,2026/10/01 09:39:18,500,3624.2,1.77,267.62
4659,2026/10/01 09:39:19,0,3625.02,-0.68,266.7
4660,2026/10/01 09:39:19,500,3624.59,-0.99,267.77
4661,2026/10/01 09:39:20,0,3624.02,-2.53,267.18
4662,2026/10/01 09:39:20,500,3623.88,-3.03,266.89
4663,2026/10/01 09:39:21,0,3625.42,-0.26,266.83
4664,2026/10/01 09:39:21,500,3624.94,-0.16,267.94
4665,2026/10/01 09:39:22,0,3625.28,-1.63,267.06
4666,2026/10/01 09:39:22,500,3625.72,-1.31,266.79
4667,2026/10/01 09:39:23,0,3626.91,2.29,267.45
4668,2026/10/01 09:39:23,500,3627.96,1.31,267.3
4669,2026/10/01 09:39:24,0,3627.64,-1.89,266.5
4670,2026/10/01 09:39:24,500,3627.13,-0.66,266.99
4671,2026/10/01 09:39:25,0,3626.71,0.61,266.06
4672,2026/10/01 09:39:25,500,3628.26,-0.94,266.94
4673,2026/10/01 09:39:26,0,3629.36,-1.21,267.1
4674,2026/10/01 09:39:26,500,3629.13,-0.51,267.15
4675,2026/10/01 09:39:27,0,3628.79,1.64,266.41
4676,2026/10/01 09:39:27,500,3628.53,1.77,266.53
4677,2026/10/01 09:39:28,0,3629.49,-1.1,267.01
4678,2026/10/01 09:39:28,500,3630.44,0.69,267.5
4679,2026/10/01 09:39:29,0,3629.99,-0.01,266.9
4680,2026/10/01 09:39:29,500,3630.01,-1.51,266.56
4681,2026/10/01 09:39:30,0,3629.84,-0.45,267.31
4682,2026/10/01 09:39:30,500,3632.75,-1.9,266.88
4683,2026/10/01 09:39:31,0,3630.25,1.74,266.89
4684,2026/10/01 09:39:31,500,3630.47,2.33,267.18
4685,2026/10/01 09:39:32,0,3631.67,-0.62,266.72
4686,2026/10/01 09:39:32,500,3631.66,-0.97,266.29
4687,2026/10/01 09:39:33,0,3632.93,1.58,266.67
4688,2026/10/01 09:39:33,500,3633.23,1.82,267.29
4689,2026/10/01 09:39:34,0,3631.7,-1.67,267.66
4690,2026/10/01 09:39:34,500,3632.35,-0.22,266.09
4691,2026/10/01 09:39:35,0,3632.53,-0.09,267.51
4692,2026/10/01 09:39:35,500,3634.13,-1.16,266.49
4693,2026/10/01 09:39:36,0,3634.13,0.58,266.67
4694,2026/10/01 09:39:36,500,3633.76,-1.05,267.5
4695,2026/10/01 09:39:37,0,3634.51,-0.81,266.43
4696,2026/10/01 09:39:37,500,3633.7,-0.15,266.48
4697,2026/10/01 09:39:38,0,3634.28,-2.23,266.28
4698,2026/10/01 09:39:38,500,3634.11,-3.08,266.61
4699,2026/10/01 09:39:39,0,3635.53,1.38,266.73
4700,2026/10/01 09:39:39,500,3635.8,-1.11,266.22
4701,2026/10/01 09:39:40,0,3635.17,3.2,267.27
4702,2026/10/01 09:39:40,500,3636.56,2.96,266.16
4703,2026/10/01 09:39:41,0,3637.33,-0.76,266.77
4704,2026/10/01 09:39:41,500,3635.93,3.51,266.52
4705,2026/10/01 09:39:42,0,3636.75,1.41,267.12
4706,2026/10/01 09:39:42,500,3637.69,-0.97,266.08
4707,2026/10/01 09:39:43,0,3637.53,-3.87,266.75
4708,2026/10/01 09:39:43,500,3636.7,1.03,267.66
4709,2026/10/01 09:39:44,0,3637.7,0.05,265.72
4710,2026/10/01 09:39:44,500,3637.93,0.65,265.98
4711,2026/10/01 09:39:45,0,3638.43,-0.34,267.45
4712,2026/10/01 09:39:45,500,3638.72,-1.72,266.33
4713,2026/10/01 09:39:46,0,3640.33,-0.64,266.44
4714,2026/10/01 09:39:46,500,3639.16,1.06,266.21
4715,2026/10/01 09:39:47,0,3638.21,-0.53,267.18
4716,2026/10/01 09:39:47,500,3639.91,-0.54,265.54
4717,2026/10/01 09:39:48,0,3641.48,-2.28,266.95
4718,2026/10/01 09:39:48,500,3640.2,0.14,265.58
4719,2026/10/01 09:39:49,0,3640.23,-1.67,265.52
4720,2026/10/01 09:39:49,500,3640.58,1.38,265.75
4721,2026/10/01 09:39:50,0,3641.54,-1.1,266.21
4722,2026/10/01 09:39:50,500,3641.07,-0.44,265.91
4723,2026/10/01 09:39:51,0,3640.35,3.25,265.86
4724,2026/10/01 09:39:51,500,3641.27,-0.46,265.77
4725,2026/10/01 09:39:52,0,3642.0,-0.66,265.77
4726,2026/10/01 09:39:52,500,3642.72,0.88,265.74
4727,2026/10/01 09:39:53,0,3642.06,-2.68,266.31
4728,2026/10/01 09:39:53,500,3642.53,1.88,265.86
4729,2026/10/01 09:39:54,0,3643.04,1.49,264.84
4730,2026/10/01 09:39:54,500,3642.62,0.79,266.14
4731,2026/10/01 09:39:55,0,3643.41,-5.07,266.52
4732,2026/10/01 09:39:55,500,3644.09,-0.39,265.99
4733,2026/10/01 09:39:56,0,3643.0,-1.91,265.48
4734,2026/10/01 09:39:56,500,3644.43,1.69,266.47
4735,2026/10/01 09:39:57,0,3643.54,1.58,265.4
4736,2026/10/01 09:39:57,500,3643.79,0.58,265.91
4737,2026/10/01 09:39:58,0,3644.34,-1.8,266.05
4738,2026/10/01 09:39:58,500,3646.2,2.24,266.59
4739,2026/10/01 09:39:59,0,3643.96,-0.39,266.32
4740,2026/10/01 09:39:59,500,3645.19,2.71,266.14
4741,2026/10/01 09:40:00,0,3646.46,100.4,266.5
4742,2026/10/01 09:40:00,500,3648.34,100.76,265.46
4743,2026/10/01 09:40:01,0,3649.88,99.31,266.85
4744,2026/10/01 09:40:01,500,3648.91,102.11,264.53
4745,2026/10/01 09:40:02,0,3650.59,100.91,266.79
4746,2026/10/01 09:40:02,500,3651.0,102.16,265.67
4747,2026/10/01 09:40:03,0,3651.91,100.27,266.29
4748,2026/10/01 09:40:03,500,3653.12,99.93,266.84
4749,2026/10/01 09:40:04,0,3652.55,100.89,266.41
4750,2026/10/01 09:40:04,500,3654.69,102.16,266.32
4751,2026/10/01 09:40:05,0,3655.99,101.53,266.58
4752,2026/10/01 09:40:05,500,3655.85,100.21,265.42
4753,2026/10/01 09:40:06,0,3657.81,97.21,265.51
4754,2026/10/01 09:40:06,500,3656.96,101.22,266.32
4755,2026/10/01 09:40:07,0,3659.32,97.84,266.1
4756,2026/10/01 09:40:07,500,3661.22,100.05,266.05
4757,2026/10/01 09:40:08,0,3660.87,99.83,266.84
4758,2026/10/01 09:40:08,500,3661.16,97.87,266.8
4759,2026/10/01 09:40:09,0,3661.7,100.56,265.78
4760,2026/10/01 09:40:09,500,3664.05,103.23,266.47
4761,2026/10/01 09:40:10,0,3665.37,99.53,265.48
4762,2026/10/01 09:40:10,500,3665.48,101.15,265.48
4763,2026/10/01 09:40:11,0,3666.04,103.53,265.84
4764,2026/10/01 09:40:11,500,3665.75,101.29,266.27
4765,2026/10/01 09:40:12,0,3668.29,99.03,265.98
4766,2026/10/01 09:40:12,500,3668.52,100.36,266.55
4767,2026/10/01 09:40:13,0,3669.45,100.72,266.32
4768,2026/10/01 09:40:13,500,3672.13,102.15,266.9
4769,2026/10/01 09:40:14,0,3670.28,101.82,266.63
4770,2026/10/01 09:40:14,500,3671.27,95.85,265.85
4771,2026/10/01 09:40:15,0,3673.66,98.72,266.83
4772,2026/10/01 09:40:15,500,3674.05,99.89,265.96
4773,2026/10/01 09:40:16,0,3674.82,98.48,266.61
4774,2026/10/01 09:40:16,500,3676.32,94.45,266.16
4775,2026/10/01 09:40:17,0,3677.18,98.91,267.08
4776,2026/10/01 09:40:17,500,3677.07,99.99,266.8
4777,2026/10/01 09:40:18,0,3678.24,99.21,266.1
4778,2026/10/01 09:40:18,500,3679.63,98.5,266.26
4779,2026/10/01 09:40:19,0,3680.59,100.06,268.1
4780,2026/10/01 09:40:19,500,3681.7,100.51,265.85
4781,2026/10/01 09:40:20,0,3681.71,99.3,266.13
4782,2026/10/01 09:40:20,500,3683.32,102.06,266.17
4783,2026/10/01 09:40:21,0,3684.66,100.09,265.93
4784,2026/10/01 09:40:21,500,3684.8,98.69,266.0
4785,2026/10/01 09:40:22,0,3685.54,998.67,266.48
4786,2026/10/01 09:40:22,500,3686.29,99.68,266.78
4787,2026/10/01 09:40:23,0,3686.84,101.67,265.76
4788,2026/10/01 09:40:23,500,3687.44,98.76,266.32
4789,2026/10/01 09:40:24,0,3688.8,100.89,266.18
4790,2026/10/01 09:40:24,500,3690.25,100.14,266.01
4791,2026/10/01 09:40:25,0,3690.03,102.99,267.1
4792,2026/10/01 09:40:25,500,3691.53,100.59,266.23
4793,2026/10/01 09:40:26,0,3692.28,98.95,265.94
4794,2026/10/01 09:40:26,500,3694.7,101.1,267.08
4795,2026/10/01 09:40:27,0,3694.7,101.16,267.27
4796,2026/10/01 09:40:27,500,3695.53,99.4,266.78
4797,2026/10/01 09:40:28,0,3696.54,98.25,266.2
4798,2026/10/01 09:40:28,500,3696.21,100.8,266.54
4799,2026/10/01 09:40:29,0,3698.59,100.1,266.36
4800,2026/10/01 09:40:29,500,3698.45,97.73,266.68
4801,2026/10/01 09:40:30,0,3699.12,100.38,267.07
4802,2026/10/01 09:40:30,500,3699.02,99.04,266.71
4803,2026/10/01 09:40:31,0,3700.5,97.73,266.73
4804,2026/10/01 09:40:31,500,3700.24,99.47,266.49
4805,2026/10/01 09:40:32,0,3702.29,101.92,267.09
4806,2026/10/01 09:40:32,500,3702.85,101.81,266.95
4807,2026/10/01 09:40:33,0,3703.82,101.42,265.86
4808,2026/10/01 09:40:33,500,3703.86,100.4,265.9
4809,2026/10/01 09:40:34,0,3706.35,100.89,266.64
4810,2026/10/01 09:40:34,500,3707.09,100.15,267.3
4811,2026/10/01 09:40:35,0,3708.79,98.34,267.41
4812,2026/10/01 09:40:35,500,3709.58,98.64,267.22
4813,2026/10/01 09:40:36,0,3709.2,99.09,266.77
4814,2026/10/01 09:40:36,500,3710.71,102.1,267.59
4815,2026/10/01 09:40:37,0,3710.92,101.62,266.51
4816,2026/10/01 09:40:37,500,3711.18,98.38,266.71
4817,2026/10/01 09:40:38,0,3712.11,100.08,266.18
4818,2026/10/01 09:40:38,500,3713.66,99.4,266.73
4819,2026/10/01 09:40:39,0,3717.23,99.77,266.48
4820,2026/10/01 09:40:39,500,3715.7,99.2,267.69
4821,2026/10/01 09:40:40,0,3715.77,102.11,267.6
4822,2026/10/01 09:40:40,500,3716.77,99.97,266.98
4823,2026/10/01 09:40:41,0,3717.57,100.32,267.19
4824,2026/10/01 09:40:41,500,3717.92,100.34,266.66
4825,2026/10/01 09:40:42,0,3719.4,98.46,265.71
4826,2026/10/01 09:40:42,500,3719.47,100.16,266.61
4827,2026/10/01 09:40:43,0,3719.59,101.59,267.37
4828,2026/10/01 09:40:43,500,3721.58,102.21,267.23
4829,2026/10/01 09:40:44,0,3722.49,98.28,266.82
4830,2026/10/01 09:40:44,500,3722.67,97.72,267.4
4831,2026/10/01 09:40:45,0,3723.83,100.09,266.81
4832,2026/10/01 09:40:45,500,3725.15,101.66,266.48
4833,2026/10/01 09:40:46,0,3725.13,100.54,267.43
4834,2026/10/01 09:40:46,500,3725.6,101.02,266.77
4835,2026/10/01 09:40:47,0,3726.18,97.96,267.6
4836,2026/10/01 09:40:47,500,3727.33,99.14,266.1
4837,2026/10/01 09:40:48,0,3729.55,96.71,266.82
4838,2026/10/01 09:40:48,500,3728.95,99.79,267.42
4839,2026/10/01 09:40:49,0,3730.18,96.75,267.37
4840,2026/10/01 09:40:49,500,3730.42,102.0,267.03
4841,2026/10/01 09:40:50,0,3731.13,102.33,267.29
4842,2026/10/01 09:40:50,500,3731.53,100.21,267.23
4843,2026/10/01 09:40:51,0,3733.1,97.73,266.43
4844,2026/10/01 09:40:51,500,3733.38,100.56,267.0
4845,2026/10/01 09:40:52,0,3735.59,102.79,267.31
4846,2026/10/01 09:40:52,500,3735.26,100.71,267.46
4847,2026/10/01 09:40:53,0,3736.08,101.78,267.18
4848,2026/10/01 09:40:53,500,3736.75,99.27,266.95
4849,2026/10/01 09:40:54,0,3737.96,98.69,266.57
4850,2026/10/01 09:40:54,500,3739.63,99.89,267.62
4851,2026/10/01 09:40:55,0,3738.37,97.11,267.58
4852,2026/10/01 09:40:55,500,3740.19,103.4,267.76
4853,2026/10/01 09:40:56,0,3739.48,100.21,266.74
4854,2026/10/01 09:40:56,500,3742.48,101.3,267.35
4855,2026/10/01 09:40:57,0,3742.18,99.31,266.95
4856,2026/10/01 09:40:57,500,3741.83,97.69,267.33
4857,2026/10/01 09:40:58,0,3742.77,102.14,268.77
4858,2026/10/01 09:40:58,500,3745.2,98.31,267.78
4859,2026/10/01 09:40:59,0,3743.97,100.52,266.96
4860,2026/10/01 09:40:59,500,3746.29,100.66,267.22
4861,2026/10/01 09:41:00,0,3746.48,100.11,267.18
4862,2026/10/01 09:41:00,500,3747.42,98.82,267.43
4863,2026/10/01 09:41:01,0,3747.79,99.78,266.62
4864,2026/10/01 09:41:01,500,3748.32,98.57,267.55
4865,2026/10/01 09:41:02,0,3749.44,101.21,266.34
4866,2026/10/01 09:41:02,500,3751.04,100.86,266.58
4867,2026/10/01 09:41:03,0,3751.09,99.97,268.43
4868,2026/10/01 09:41:03,500,3752.41,99.15,267.25
4869,2026/10/01 09:41:04,0,3752.63,103.16,268.16
4870,2026/10/01 09:41:04,500,3754.05,98.05,267.05
4871,2026/10/01 09:41:05,0,3754.64,97.68,266.42
4872,2026/10/01 09:41:05,500,3754.62,99.88,266.95
4873,2026/10/01 09:41:06,0,3755.03,99.61,268.83
4874,2026/10/01 09:41:06,500,3757.3,101.65,266.79
4875,2026/10/01 09:41:07,0,3756.62,100.97,268.4
4876,2026/10/01 09:41:07,500,3758.41,100.04,267.69
4877,2026/10/01 09:41:08,0,3758.77,100.75,267.59
4878,2026/10/01 09:41:08,500,3759.11,100.72,267.16
4879,2026/10/01 09:41:09,0,3760.56,103.16,267.1
4880,2026/10/01 09:41:09,500,3762.04,100.38,267.84
4881,2026/10/01 09:41:10,0,3762.18,98.98,268.23
4882,2026/10/01 09:41:10,500,3762.51,100.3,267.68
4883,2026/10/01 09:41:11,0,3764.43,96.07,267.96
4884,2026/10/01 09:41:11,500,3762.52,99.95,267.39
4885,2026/10/01 09:41:12,0,3763.7,101.64,268.7
4886,2026/10/01 09:41:12,500,3764.94,100.9,267.74
4887,2026/10/01 09:41:13,0,3767.17,100.45,268.65
4888,2026/10/01 09:41:13,500,3767.51,100.97,267.16
4889,2026/10/01 09:41:14,0,3766.11,101.65,267.63
4890,2026/10/01 09:41:14,500,3767.85,102.14,268.2
4891,2026/10/01 09:41:15,0,3767.86,100.67,267.74
4892,2026/10/01 09:41:15,500,3769.61,99.53,267.94
4893,2026/10/01 09:41:16,0,3771.08,96.53,267.2
4894,2026/10/01 09:41:16,500,3771.85,101.47,267.5
4895,2026/10/01 09:41:17,0,3772.0,100.77,267.28
4896,2026/10/01 09:41:17,500,3772.16,100.23,267.68
4897,2026/10/01 09:41:18,0,3773.13,98.97,267.64
4898,2026/10/01 09:41:18,500,3774.47,101.45,267.48
4899,2026/10/01 09:41:19,0,3776.51,99.61,268.07
4900,2026/10/01 09:41:19,500,3774.39,99.95,267.23
4901,2026/10/01 09:41:20,0,3777.32,99.92,266.7
4902,2026/10/01 09:41:20,500,3776.95,100.67,267.5
4903,2026/10/01 09:41:21,0,3778.11,98.28,268.87
4904,2026/10/01 09:41:21,500,3778.31,100.84,268.06
4905,2026/10/01 09:41:22,0,3779.99,98.92,267.39
4906,2026/10/01 09:41:22,500,3779.83,98.97,268.05
4907,2026/10/01 09:41:23,0,3779.75,101.33,267.77
4908,2026/10/01 09:41:23,500,3781.32,98.51,268.04
4909,2026/10/01 09:41:24,0,3782.56,101.33,268.3
4910,2026/10/01 09:41:24,500,3782.36,100.15,267.96
4911,2026/10/01 09:41:25,0,3781.39,97.53,267.94
4912,2026/10/01 09:41:25,500,3783.66,102.05,268.63
4913,2026/10/01 09:41:26,0,3784.52,100.47,268.17
4914,2026/10/01 09:41:26,500,3785.1,100.59,268.0
4915,2026/10/01 09:41:27,0,3785.43,101.51,267.94
4916,2026/10/01 09:41:27,500,3787.57,102.25,267.64
4917,2026/10/01 09:41:28,0,3785.3,100.3,267.31
4918,2026/10/01 09:41:28,500,3787.96,100.93,268.28
4919,2026/10/01 09:41:29,0,3788.66,100.56,268.6
4920,2026/10/01 09:41:29,500,3790.94,99.49,268.18
4921,2026/10/01 09:41:30,0,3789.93,97.62,268.26
4922,2026/10/01 09:41:30,500,3790.98,100.32,267.54
4923,2026/10/01 09:41:31,0,3791.41,102.07,267.7
4924,2026/10/01 09:41:31,500,3792.07,100.87,267.37
4925,2026/10/01 09:41:32,0,3794.08,98.4,267.89
4926,2026/10/01 09:41:32,500,3792.46,101.65,268.52
4927,2026/10/01 09:41:33,0,3793.49,99.54,267.69
4928,2026/10/01 09:41:33,500,3795.3,96.86,268.01
4929,2026/10/01 09:41:34,0,3795.58,101.53,268.41
4930,2026/10/01 09:41:34,500,3795.82,98.58,268.67
4931,2026/10/01 09:41:35,0,3796.67,102.67,267.25
4932,2026/10/01 09:41:35,500,3798.12,101.72,267.85
4933,2026/10/01 09:41:36,0,3798.45,99.66,267.73
4934,2026/10/01 09:41:36,500,3798.16,100.69,267.67
4935,2026/10/01 09:41:37,0,3799.59,103.64,267.93
4936,2026/10/01 09:41:37,500,3800.03,101.5,267.15
4937,2026/10/01 09:41:38,0,3801.11,100.36,267.95
4938,2026/10/01 09:41:38,500,3801.14,104.33,268.16
4939,2026/10/01 09:41:39,0,3801.1,100.18,267.63
4940,2026/10/01 09:41:39,500,3803.26,100.87,267.93
4941,2026/10/01 09:41:40,0,3803.83,98.6,268.19
4942,2026/10/01 09:41:40,500,3805.18,97.49,268.25
4943,2026/10/01 09:41:41,0,3803.65,99.57,267.38
4944,2026/10/01 09:41:41,500,3805.31,100.06,268.56
4945,2026/10/01 09:41:42,0,3805.84,100.49,268.58
4946,2026/10/01 09:41:42,500,3806.36,97.87,267.85
4947,2026/10/01 09:41:43,0,3806.1,100.99,269.07
4948,2026/10/01 09:41:43,500,3807.13,98.75,268.47
4949,2026/10/01 09:41:44,0,3808.86,100.91,268.41
4950,2026/10/01 09:41:44,500,3808.89,101.4,268.61
4951,2026/10/01 09:41:45,0,3809.28,99.41,267.76
4952,2026/10/01 09:41:45,500,3811.74,98.55,268.11
4953,2026/10/01 09:41:46,0,3813.14,102.32,268.6
4954,2026/10/01 09:41:46,500,3811.84,101.31,267.9
4955,2026/10/01 09:41:47,0,3811.33,100.23,268.14
4956,2026/10/01 09:41:47,500,3813.5,102.2,268.62
4957,2026/10/01 09:41:48,0,3812.16,100.12,268.49
4958,2026/10/01 09:41:48,500,3813.39,99.07,268.35
4959,2026/10/01 09:41:49,0,3815.44,98.5,268.38
4960,2026/10/01 09:41:49,500,3814.64,99.84,268.27
4961,2026/10/01 09:41:50,0,3816.15,101.16,268.8
4962,2026/10/01 09:41:50,500,3815.84,102.08,269.43
4963,2026/10/01 09:41:51,0,3817.71,100.04,268.54
4964,2026/10/01 09:41:51,500,3819.2,101.82,269.04
4965,2026/10/01 09:41:52,0,3818.45,99.68,268.19
4966,2026/10/01 09:41:52,500,3819.56,98.83,268.08
4967,2026/10/01 09:41:53,0,3819.55,98.04,268.04
4968,2026/10/01 09:41:53,500,3820.24,99.24,267.98
4969,2026/10/01 09:41:54,0,3820.81,98.1,268.3
4970,2026/10/01 09:41:54,500,3822.73,103.01,268.9
4971,2026/10/01 09:41:55,0,3821.6,100.66,268.97
4972,2026/10/01 09:41:55,500,3823.09,99.86,268.22
4973,2026/10/01 09:41:56,0,3824.31,102.58,268.33
4974,2026/10/01 09:41:56,500,3825.34,98.05,268.5
4975,2026/10/01 09:41:57,0,3825.59,99.79,268.62
4976,2026/10/01 09:41:57,500,3825.8,103.0,268.81
4977,2026/10/01 09:41:58,0,3826.03,99.78,268.33
4978,2026/10/01 09:41:58,500,3827.85,103.67,268.44
4979,2026/10/01 09:41:59,0,3827.03,101.18,269.22
4980,2026/10/01 09:41:59,500,3827.67,101.96,268.42
4981,2026/10/01 09:42:00,0,3830.05,102.0,268.28
4982,2026/10/01 09:42:00,500,3829.87,100.0,268.53
4983,2026/10/01 09:42:01,0,3830.52,99.27,268.62
4984,2026/10/01 09:42:01,500,3831.3,99.83,267.82
4985,2026/10/01 09:42:02,0,3831.36,98.52,268.38
4986,2026/10/01 09:42:02,500,3830.9,99.9,268.82
4987,2026/10/01 09:42:03,0,3832.86,99.99,269.62
4988,2026/10/01 09:42:03,500,3833.26,102.53,268.37
4989,2026/10/01 09:42:04,0,3833.19,100.89,269.02
4990,2026/10/01 09:42:04,500,3833.62,103.54,268.74
4991,2026/10/01 09:42:05,0,3835.06,96.76,269.24
4992,2026/10/01 09:42:05,500,3834.62,98.17,268.36
4993,2026/10/01 09:42:06,0,3836.2,99.47,269.23
4994,2026/10/01 09:42:06,500,3836.71,102.24,269.39
4995,2026/10/01 09:42:07,0,3837.43,99.84,269.42
4996,2026/10/01 09:42:07,500,3838.45,97.8,269.42
4997,2026/10/01 09:42:08,0,3839.23,99.63,268.81
4998,2026/10/01 09:42:08,500,3838.76,98.2,269.02
4999,2026/10/01 09:42:09,0,3840.63,97.91,268.52
5000,2026/10/01 09:42:09,500,3840.36,103.0,267.63
5001,2026/10/01 09:42:10,0,3842.53,99.47,268.88
5002,2026/10/01 09:42:10,500,3841.26,100.26,268.68
5003,2026/10/01 09:42:11,0,3841.04,99.86,269.25
5004,2026/10/01 09:42:11,500,3843.59,99.62,269.21
5005,2026/10/01 09:42:12,0,3843.86,98.74,268.26
5006,2026/10/01 09:42:12,500,3845.07,99.53,269.97
5007,2026/10/01 09:42:13,0,3844.95,100.51,269.0
5008,2026/10/01 09:42:13,500,3847.16,102.13,268.18
5009,2026/10/01 09:42:14,0,3845.73,101.42,268.26
5010,2026/10/01 09:42:14,500,3847.31,98.17,267.75
5011,2026/10/01 09:42:15,0,3846.64,101.48,269.23
5012,2026/10/01 09:42:15,500,3848.04,100.71,268.59
5013,2026/10/01 09:42:16,0,3848.78,99.06,268.44
5014,2026/10/01 09:42:16,500,3849.49,100.27,268.55
5015,2026/10/01 09:42:17,0,3850.03,100.86,268.73
5016,2026/10/01 09:42:17,500,3847.4,100.07,269.18
5017,2026/10/01 09:42:18,0,3850.52,100.72,268.08
5018,2026/10/01 09:42:18,500,3850.7,98.71,268.38
5019,2026/10/01 09:42:19,0,3851.43,102.99,269.15
5020,2026/10/01 09:42:19,500,3852.09,97.11,268.63
5021,2026/10/01 09:42:20,0,3853.68,100.87,269.23
5022,2026/10/01 09:42:20,500,3853.64,100.55,268.7
5023,2026/10/01 09:42:21,0,3853.64,100.96,269.74
5024,2026/10/01 09:42:21,500,3853.45,98.94,269.07
5025,2026/10/01 09:42:22,0,3856.43,101.75,269.59
5026,2026/10/01 09:42:22,500,3855.26,99.84,269.24
5027,2026/10/01 09:42:23,0,3856.24,98.22,269.28
5028,2026/10/01 09:42:23,500,3858.63,98.36,268.63
5029,2026/10/01 09:42:24,0,3857.0,100.19,269.6
5030,2026/10/01 09:42:24,500,3857.84,97.61,269.13
5031,2026/10/01 09:42:25,0,3858.82,102.7,268.55
5032,2026/10/01 09:42:25,500,3857.92,101.57,267.98
5033,2026/10/01 09:42:26,0,3858.39,102.74,269.12
5034,2026/10/01 09:42:26,500,3859.95,102.58,269.81
5035,2026/10/01 09:42:27,0,3860.54,-992.81,268.61
5036,2026/10/01 09:42:27,500,3861.57,-990.01,268.61
5037,2026/10/01 09:42:28,0,3861.25,95.98,268.93
5038,2026/10/01 09:42:28,500,3862.94,99.39,269.65
5039,2026/10/01 09:42:29,0,3861.43,102.65,268.19
5040,2026/10/01 09:42:29,500,3863.66,98.76,268.79
5041,2026/10/01 09:42:30,0,3864.56,99.69,268.62
5042,2026/10/01 09:42:30,500,3865.1,99.17,269.41
5043,2026/10/01 09:42:31,0,3865.26,100.56,269.07
5044,2026/10/01 09:42:31,500,3865.42,101.93,268.98
5045,2026/10/01 09:42:32,0,3866.35,97.69,269.07
5046,2026/10/01 09:42:32,500,3868.05,97.98,269.56
5047,2026/10/01 09:42:33,0,3867.14,102.23,269.74
5048,2026/10/01 09:42:33,500,3868.95,101.1,269.7
5049,2026/10/01 09:42:34,0,3869.63,99.61,269.48
5050,2026/10/01 09:42:34,500,3867.88,102.56,269.89
5051,2026/10/01 09:42:35,0,3869.72,97.95,268.75
5052,2026/10/01 09:42:35,500,3869.59,101.4,269.41
5053,2026/10/01 09:42:36,0,3869.72,99.9,270.4
5054,2026/10/01 09:42:36,500,3872.1,100.91,268.32
5055,2026/10/01 09:42:37,0,3872.4,96.42,268.98
5056,2026/10/01 09:42:37,500,3872.77,99.61,268.74
5057,2026/10/01 09:42:38,0,3872.24,101.11,269.41
5058,2026/10/01 09:42:38,500,3873.82,99.91,269.99
5059,2026/10/01 09:42:39,0,3873.15,101.88,269.55
5060,2026/10/01 09:42:39,500,3874.8,101.83,269.18
5061,2026/10/01 09:42:40,0,3874.75,996.75,269.57
5062,2026/10/01 09:42:40,500,3876.66,992.11,269.17
5063,2026/10/01 09:42:41,0,3876.07,991.38,269.42
5064,2026/10/01 09:42:41,500,3877.09,100.08,269.64
5065,2026/10/01 09:42:42,0,3877.63,100.98,270.21
5066,2026/10/01 09:42:42,500,3877.92,98.75,269.57
5067,2026/10/01 09:42:43,0,3878.6,101.18,269.46
5068,2026/10/01 09:42:43,500,3879.29,99.24,270.38
5069,2026/10/01 09:42:44,0,3878.87,99.13,268.39
5070,2026/10/01 09:42:44,500,3880.44,101.06,269.34
5071,2026/10/01 09:42:45,0,3881.34,98.75,269.02
5072,2026/10/01 09:42:45,500,3881.5,98.67,269.28
5073,2026/10/01 09:42:46,0,3881.43,101.56,269.71
5074,2026/10/01 09:42:46,500,3882.38,100.16,269.91
5075,2026/10/01 09:42:47,0,3882.48,97.82,269.17
5076,2026/10/01 09:42:47,500,3883.2,101.28,269.77
5077,2026/10/01 09:42:48,0,3882.88,99.39,268.99
5078,2026/10/01 09:42:48,500,3885.46,97.9,268.81
5079,2026/10/01 09:42:49,0,3886.43,96.24,269.5
5080,2026/10/01 09:42:49,500,3884.84,101.36,269.36
5081,2026/10/01 09:42:50,0,3886.56,98.71,270.22
5082,2026/10/01 09:42:50,500,3887.62,98.13,270.55
5083,2026/10/01 09:42:51,0,3886.21,100.96,269.19
5084,2026/10/01 09:42:51,500,3885.77,101.21,268.6
5085,2026/10/01 09:42:52,0,3889.23,98.82,268.83
5086,2026/10/01 09:42:52,500,3888.53,101.37,269.1
5087,2026/10/01 09:42:53,0,3888.64,103.08,269.63
5088,2026/10/01 09:42:53,500,3889.61,102.02,269.41
5089,2026/10/01 09:42:54,0,3889.79,101.79,268.92
5090,2026/10/01 09:42:54,500,3892.97,100.47,270.45
5091,2026/10/01 09:42:55,0,3890.69,99.33,269.9
5092,2026/10/01 09:42:55,500,3891.89,99.92,270.45
5093,2026/10/01 09:42:56,0,3893.18,100.66,268.68
5094,2026/10/01 09:42:56,500,3893.69,98.11,270.23
5095,2026/10/01 09:42:57,0,3894.05,98.85,269.53
5096,2026/10/01 09:42:57,500,3893.34,97.86,269.41
5097,2026/10/01 09:42:58,0,3894.07,100.35,269.63
5098,2026/10/01 09:42:58,500,3892.96,100.12,269.28
5099,2026/10/01 09:42:59,0,3895.15,99.02,269.56
5100,2026/10/01 09:42:59,500,3895.74,101.23,270.12
5101,2026/10/01 09:43:00,0,3896.82,98.43,268.67
5102,2026/10/01 09:43:00,500,3898.17,98.97,270.41
5103,2026/10/01 09:43:01,0,3897.8,101.17,269.87
5104,2026/10/01 09:43:01,500,3898.6,101.39,269.62
5105,2026/10/01 09:43:02,0,3898.23,98.81,270.15
5106,2026/10/01 09:43:02,500,3899.77,100.35,269.88
5107,2026/10/01 09:43:03,0,3899.25,98.83,269.46
5108,2026/10/01 09:43:03,500,3900.66,99.7,269.33
5109,2026/10/01 09:43:04,0,3900.89,100.22,270.47
5110,2026/10/01 09:43:04,500,3901.06,100.84,268.99
5111,2026/10/01 09:43:05,0,3900.01,100.48,269.64
5112,2026/10/01 09:43:05,500,3902.62,100.41,269.04
5113,2026/10/01 09:43:06,0,3902.54,98.38,270.0
5114,2026/10/01 09:43:06,500,3903.3,100.58,269.72
5115,2026/10/01 09:43:07,0,3903.48,100.83,269.15
5116,2026/10/01 09:43:07,500,3904.11,101.03,269.35
5117,2026/10/01 09:43:08,0,3905.26,98.92,269.81
5118,2026/10/01 09:43:08,500,3904.33,101.37,269.94
5119,2026/10/01 09:43:09,0,3905.58,98.02,268.84
5120,2026/10/01 09:43:09,500,3905.07,99.35,269.46
5121,2026/10/01 09:43:10,0,3906.64,99.59,269.9
5122,2026/10/01 09:43:10,500,3906.87,98.11,270.44
5123,2026/10/01 09:43:11,0,3906.66,99.56,270.26
5124,2026/10/01 09:43:11,500,3907.72,100.33,269.62
5125,2026/10/01 09:43:12,0,3907.68,97.26,270.36
5126,2026/10/01 09:43:12,500,3908.32,99.41,269.71
5127,2026/10/01 09:43:13,0,3909.39,97.38,268.31
5128,2026/10/01 09:43:13,500,3909.81,103.06,270.6
5129,2026/10/01 09:43:14,0,3908.54,100.32,270.12
5130,2026/10/01 09:43:14,500,3910.85,100.19,269.99
5131,2026/10/01 09:43:15,0,3910.8,100.35,269.91
5132,2026/10/01 09:43:15,500,3911.19,100.91,270.07
5133,2026/10/01 09:43:16,0,3911.1,101.47,269.93
5134,2026/10/01 09:43:16,500,3912.44,97.65,269.79
5135,2026/10/01 09:43:17,0,3912.54,101.97,269.61
5136,2026/10/01 09:43:17,500,3914.46,101.87,269.99
5137,2026/10/01 09:43:18,0,3912.51,99.9,269.52
5138,2026/10/01 09:43:18,500,3913.62,99.82,269.4
5139,2026/10/01 09:43:19,0,3914.04,95.35,270.11
5140,2026/10/01 09:43:19,500,3915.55,98.13,270.47
5141,2026/10/01 09:43:20,0,3916.75,100.78,269.59
5142,2026/10/01 09:43:20,500,3916.69,101.8,269.69
5143,2026/10/01 09:43:21,0,3915.88,101.09,269.16
5144,2026/10/01 09:43:21,500,3916.89,99.89,269.36
5145,2026/10/01 09:43:22,0,3917.06,102.89,269.39
5146,2026/10/01 09:43:22,500,3918.58,101.51,270.52
5147,2026/10/01 09:43:23,0,3918.28,99.41,269.17
5148,2026/10/01 09:43:23,500,3917.98,103.27,270.28
5149,2026/10/01 09:43:24,0,3920.05,98.36,269.93
5150,2026/10/01 09:43:24,500,3921.06,97.79,270.37
5151,2026/10/01 09:43:25,0,3920.37,99.37,270.66
5152,2026/10/01 09:43:25,500,3921.07,98.86,270.07
5153,2026/10/01 09:43:26,0,3920.24,99.45,270.66
5154,2026/10/01 09:43:26,500,3920.26,101.2,270.87
5155,2026/10/01 09:43:27,0,3920.89,99.95,270.78
5156,2026/10/01 09:43:27,500,3922.8,99.99,269.78
5157,2026/10/01 09:43:28,0,3923.05,100.09,269.14
5158,2026/10/01 09:43:28,500,3924.19,96.53,270.07
5159,2026/10/01 09:43:29,0,3924.06,97.73,270.23
5160,2026/10/01 09:43:29,500,3925.46,99.42,269.17
5161,2026/10/01 09:43:30,0,3925.83,98.74,270.19
5162,2026/10/01 09:43:30,500,3925.33,99.65,268.88
5163,2026/10/01 09:43:31,0,3925.24,102.11,270.95
5164,2026/10/01 09:43:31,500,3924.97,99.89,270.42
5165,2026/10/01 09:43:32,0,3928.1,98.02,269.78
5166,2026/10/01 09:43:32,500,3926.66,98.81,270.26
5167,2026/10/01 09:43:33,0,3926.67,102.57,270.33
5168,2026/10/01 09:43:33,500,3928.42,102.3,270.46
5169,2026/10/01 09:43:34,0,3927.58,100.89,270.26
5170,2026/10/01 09:43:34,500,3929.33,97.66,270.7
5171,2026/10/01 09:43:35,0,3929.41,100.46,269.6
5172,2026/10/01 09:43:35,500,3930.86,100.58,270.18
5173,2026/10/01 09:43:36,0,3931.24,100.04,271.15
5174,2026/10/01 09:43:36,500,3931.91,99.14,270.09
5175,2026/10/01 09:43:37,0,3931.64,99.46,270.39
5176,2026/10/01 09:43:37,500,3931.23,99.04,269.78
5177,2026/10/01 09:43:38,0,3931.54,98.28,271.37
5178,2026/10/01 09:43:38,500,3932.39,102.05,270.44
5179,2026/10/01 09:43:39,0,3934.85,101.32,269.67
5180,2026/10/01 09:43:39,500,3933.5,99.57,270.86
5181,2026/10/01 09:43:40,0,3934.27,100.53,269.78
5182,2026/10/01 09:43:40,500,3935.8,100.58,270.67
5183,2026/10/01 09:43:41,0,3935.23,103.51,270.85
5184,2026/10/01 09:43:41,500,3934.87,101.31,271.36
5185,2026/10/01 09:43:42,0,3936.49,101.25,270.46
5186,2026/10/01 09:43:42,500,3936.01,100.06,270.38
5187,2026/10/01 09:43:43,0,3937.02,99.35,269.35
5188,2026/10/01 09:43:43,500,3937.64,102.07,270.15
5189,2026/10/01 09:43:44,0,3937.27,100.98,270.03
5190,2026/10/01 09:43:44,500,3938.25,98.76,270.3
5191,2026/10/01 09:43:45,0,3939.82,100.68,270.14
5192,2026/10/01 09:43:45,500,3938.47,101.26,270.8
5193,2026/10/01 09:43:46,0,3940.46,96.86,270.14
5194,2026/10/01 09:43:46,500,3939.37,98.62,270.66
5195,2026/10/01 09:43:47,0,3941.72,100.54,270.37
5196,2026/10/01 09:43:47,500,3940.02,97.11,270.13
5197,2026/10/01 09:43:48,0,3940.82,97.35,270.09
5198,2026/10/01 09:43:48,500,3942.78,99.59,270.57
5199,2026/10/01 09:43:49,0,3943.24,100.74,271.15
5200,2026/10/01 09:43:49,500,3943.08,100.81,270.11
5201,2026/10/01 09:43:50,0,3941.99,102.37,270.5
5202,2026/10/01 09:43:50,500,3943.35,100.12,270.73
5203,2026/10/01 09:43:51,0,3943.72,99.44,270.49
5204,2026/10/01 09:43:51,500,3943.46,98.04,269.62
5205,2026/10/01 09:43:52,0,3945.12,99.42,270.75
5206,2026/10/01 09:43:52,500,3944.37,101.06,269.77
5207,2026/10/01 09:43:53,0,3944.38,101.13,269.78
5208,2026/10/01 09:43:53,500,3944.54,100.4,269.88
5209,2026/10/01 09:43:54,0,3947.63,100.82,270.46
5210,2026/10/01 09:43:54,500,3946.28,101.91,270.07
5211,2026/10/01 09:43:55,0,3946.72,100.11,269.84
5212,2026/10/01 09:43:55,500,3946.71,102.05,270.76
5213,2026/10/01 09:43:56,0,3949.04,98.91,270.56
5214,2026/10/01 09:43:56,500,3947.27,99.89,270.96
5215,2026/10/01 09:43:57,0,3947.83,99.28,270.23
5216,2026/10/01 09:43:57,500,3948.95,101.19,270.57
5217,2026/10/01 09:43:58,0,3949.61,98.48,271.01
5218,2026/10/01 09:43:58,500,3950.57,99.52,269.96
5219,2026/10/01 09:43:59,0,3949.92,97.21,270.29
5220,2026/10/01 09:43:59,500,3952.11,100.89,271.13
5221,2026/10/01 09:44:00,0,3950.75,101.87,270.65
5222,2026/10/01 09:44:00,500,3950.9,101.37,270.57
5223,2026/10/01 09:44:01,0,3951.23,101.22,270.63
5224,2026/10/01 09:44:01,500,3951.91,101.26,271.27
5225,2026/10/01 09:44:02,0,3952.01,101.05,270.66
5226,2026/10/01 09:44:02,500,3953.95,100.92,270.7
5227,2026/10/01 09:44:03,0,3952.96,101.02,270.68
5228,2026/10/01 09:44:03,500,3954.07,99.02,269.88
5229,2026/10/01 09:44:04,0,3953.76,99.7,270.95
5230,2026/10/01 09:44:04,500,3954.05,100.11,270.3
5231,2026/10/01 09:44:05,0,3956.28,99.5,270.08
5232,2026/10/01 09:44:05,500,3957.09,97.65,269.85
5233,2026/10/01 09:44:06,0,3957.23,98.15,269.96
5234,2026/10/01 09:44:06,500,3955.44,100.34,269.6
5235,2026/10/01 09:44:07,0,3955.96,101.36,270.23
5236,2026/10/01 09:44:07,500,3959.01,100.01,270.54
5237,2026/10/01 09:44:08,0,3957.63,104.15,271.29
5238,2026/10/01 09:44:08,500,3957.14,98.62,270.8
5239,2026/10/01 09:44:09,0,3959.51,100.67,270.9
5240,2026/10/01 09:44:09,500,3959.1,101.94,271.42
5241,2026/10/01 09:44:10,0,3959.9,101.6,269.37
5242,2026/10/01 09:44:10,500,3958.05,100.98,271.0
5243,2026/10/01 09:44:11,0,3959.98,101.61,270.96
5244,2026/10/01 09:44:11,500,3961.4,100.08,271.23
5245,2026/10/01 09:44:12,0,3960.53,102.49,269.92
5246,2026/10/01 09:44:12,500,3962.43,101.92,270.54
5247,2026/10/01 09:44:13,0,3960.78,98.72,270.37
5248,2026/10/01 09:44:13,500,3962.14,100.48,270.2
5249,2026/10/01 09:44:14,0,3963.94,97.68,272.01
5250,2026/10/01 09:44:14,500,3962.1,102.28,270.58
5251,2026/10/01 09:44:15,0,3963.64,100.34,271.33
5252,2026/10/01 09:44:15,500,3964.28,102.02,271.23
5253,2026/10/01 09:44:16,0,3964.28,99.84,270.16
5254,2026/10/01 09:44:16,500,3964.4,97.22,270.63
5255,2026/10/01 09:44:17,0,3964.29,103.96,270.93
5256,2026/10/01 09:44:17,500,3965.54,100.2,271.1
5257,2026/10/01 09:44:18,0,3965.69,98.5,271.08
5258,2026/10/01 09:44:18,500,3965.01,101.72,271.8
5259,2026/10/01 09:44:19,0,3967.43,103.05,271.38
5260,2026/10/01 09:44:19,500,3966.21,99.7,271.26
5261,2026/10/01 09:44:20,0,3966.2,99.85,271.43
5262,2026/10/01 09:44:20,500,3967.24,100.36,271.63
5263,2026/10/01 09:44:21,0,3967.39,98.33,270.65
5264,2026/10/01 09:44:21,500,3968.28,98.96,270.18
5265,2026/10/01 09:44:22,0,3967.88,102.67,270.67
5266,2026/10/01 09:44:22,500,3969.62,99.8,270.29
5267,2026/10/01 09:44:23,0,3970.75,98.74,270.5
5268,2026/10/01 09:44:23,500,3970.11,99.32,271.05
5269,2026/10/01 09:44:24,0,3969.26,101.61,270.73
5270,2026/10/01 09:44:24,500,3970.06,97.04,271.34
5271,2026/10/01 09:44:25,0,3971.35,100.38,271.17
5272,2026/10/01 09:44:25,500,3969.98,103.69,271.21
5273,2026/10/01 09:44:26,0,3970.95,103.05,270.4
5274,2026/10/01 09:44:26,500,3971.0,100.86,270.6
5275,2026/10/01 09:44:27,0,3972.79,101.97,270.09
5276,2026/10/01 09:44:27,500,3974.8,101.96,271.34
5277,2026/10/01 09:44:28,0,3972.44,99.81,272.02
5278,2026/10/01 09:44:28,500,3974.48,101.39,271.16
5279,2026/10/01 09:44:29,0,3973.75,102.68,271.21
5280,2026/10/01 09:44:29,500,3973.53,98.1,270.82
5281,2026/10/01 09:44:30,0,3976.21,100.86,270.99
5282,2026/10/01 09:44:30,500,3977.06,100.54,271.74
5283,2026/10/01 09:44:31,0,3976.04,100.15,271.15
5284,2026/10/01 09:44:31,500,3976.37,100.02,271.44
5285,2026/10/01 09:44:32,0,3976.5,100.35,271.77
5286,2026/10/01 09:44:32,500,3976.71,100.47,271.68
5287,2026/10/01 09:44:33,0,3977.47,101.68,271.15
5288,2026/10/01 09:44:33,500,3978.11,100.71,271.2
5289,2026/10/01 09:44:34,0,3979.27,99.73,270.96
5290,2026/10/01 09:44:34,500,3977.89,98.74,271.41
5291,2026/10/01 09:44:35,0,3978.78,99.29,270.96
5292,2026/10/01 09:44:35,500,3978.97,100.39,271.35
5293,2026/10/01 09:44:36,0,3980.23,98.94,271.7
5294,2026/10/01 09:44:36,500,3981.7,101.42,270.35
5295,2026/10/01 09:44:37,0,3980.99,100.65,270.27
5296,2026/10/01 09:44:37,500,3981.15,101.72,271.18
5297,2026/10/01 09:44:38,0,3981.6,99.04,271.55
5298,2026/10/01 09:44:38,500,3982.26,98.75,271.36
5299,2026/10/01 09:44:39,0,3983.54,101.7,270.62
5300,2026/10/01 09:44:39,500,3980.62,100.19,271.68
5301,2026/10/01 09:44:40,0,3982.81,99.7,272.19
5302,2026/10/01 09:44:40,500,3980.63,101.05,270.81
5303,2026/10/01 09:44:41,0,3983.82,100.99,270.89
5304,2026/10/01 09:44:41,500,3983.86,98.12,271.28
5305,2026/10/01 09:44:42,0,3983.34,102.08,271.21
5306,2026/10/01 09:44:42,500,3982.0,99.38,271.88
5307,2026/10/01 09:44:43,0,3984.49,102.55,271.43
5308,2026/10/01 09:44:43,500,3985.04,98.0,271.15
5309,2026/10/01 09:44:44,0,3985.17,100.48,271.0
5310,2026/10/01 09:44:44,500,3985.08,99.72,270.54
5311,2026/10/01 09:44:45,0,3985.21,97.04,272.0
5312,2026/10/01 09:44:45,500,3986.25,100.99,271.63
5313,2026/10/01 09:44:46,0,3986.0,97.11,271.28
5314,2026/10/01 09:44:46,500,3987.65,99.56,271.39
5315,2026/10/01 09:44:47,0,3987.29,101.66,271.29
5316,2026/10/01 09:44:47,500,3986.33,99.2,270.47
5317,2026/10/01 09:44:48,0,3988.2,98.64,270.65
5318,2026/10/01 09:44:48,500,3988.75,101.2,271.26
5319,2026/10/01 09:44:49,0,3990.06,99.63,271.26
5320,2026/10/01 09:44:49,500,3989.86,99.39,271.37
5321,2026/10/01 09:44:50,0,3988.75,101.91,272.23
5322,2026/10/01 09:44:50,500,3990.96,98.25,271.25
5323,2026/10/01 09:44:51,0,3989.06,99.31,271.02
5324,2026/10/01 09:44:51,500,3990.54,101.3,271.43
5325,2026/10/01 09:44:52,0,3991.47,98.15,270.72
5326,2026/10/01 09:44:52,500,3992.38,102.66,271.5
5327,2026/10/01 09:44:53,0,3993.08,99.67,271.07
5328,2026/10/01 09:44:53,500,3992.93,101.31,271.55
5329,2026/10/01 09:44:54,0,3992.15,101.31,271.35
5330,2026/10/01 09:44:54,500,3993.07,99.77,271.38
5331,2026/10/01 09:44:55,0,3993.13,99.28,271.77
5332,2026/10/01 09:44:55,500,3992.73,99.94,271.83
5333,2026/10/01 09:44:56,0,3993.55,101.07,272.49
5334,2026/10/01 09:44:56,500,3995.42,98.52,271.83
5335,2026/10/01 09:44:57,0,3994.84,98.2,271.36
5336,2026/10/01 09:44:57,500,3996.32,102.23,271.18
5337,2026/10/01 09:44:58,0,3994.14,98.9,271.67
5338,2026/10/01 09:44:58,500,3995.05,100.53,272.24
5339,2026/10/01 09:44:59,0,3996.02,99.7,271.94
5340,2026/10/01 09:44:59,500,3996.63,99.76,271.16
5341,2026/10/01 09:45:00,0,3996.28,102.15,271.75
5342,2026/10/01 09:45:00,500,3997.35,99.87,271.65
5343,2026/10/01 09:45:01,0,3997.68,99.46,272.07
5344,2026/10/01 09:45:01,500,3996.28,99.6,271.7
5345,2026/10/01 09:45:02,0,3998.33,99.24,271.69
5346,2026/10/01 09:45:02,500,3998.92,98.99,270.97
5347,2026/10/01 09:45:03,0,3998.64,99.25,271.97
5348,2026/10/01 09:45:03,500,3997.26,102.49,270.88
5349,2026/10/01 09:45:04,0,3998.85,101.07,271.63
5350,2026/10/01 09:45:04,500,3999.75,99.48,271.32
5351,2026/10/01 09:45:05,0,3999.05,101.47,271.29
5352,2026/10/01 09:45:05,500,4000.81,97.62,271.9
5353,2026/10/01 09:45:06,0,4000.99,102.06,271.61
5354,2026/10/01 09:45:06,500,4000.84,101.94,270.42
5355,2026/10/01 09:45:07,0,4001.08,103.35,271.53
5356,2026/10/01 09:45:07,500,4001.55,101.52,271.44
5357,2026/10/01 09:45:08,0,4001.73,100.66,272.27
5358,2026/10/01 09:45:08,500,4001.03,101.94,271.03
5359,2026/10/01 09:45:09,0,4002.05,99.06,272.61
5360,2026/10/01 09:45:09,500,4002.78,99.41,272.09
5361,2026/10/01 09:45:10,0,4004.18,99.9,271.53
5362,2026/10/01 09:45:10,500,4003.93,102.05,271.47
5363,2026/10/01 09:45:11,0,4004.88,98.72,271.36
5364,2026/10/01 09:45:11,500,4002.91,98.56,271.85
5365,2026/10/01 09:45:12,0,4004.07,100.35,271.3
5366,2026/10/01 09:45:12,500,4006.34,101.08,271.64
5367,2026/10/01 09:45:13,0,4004.41,98.95,271.17
5368,2026/10/01 09:45:13,500,4004.72,101.01,272.07
5369,2026/10/01 09:45:14,0,4005.44,102.05,271.81
5370,2026/10/01 09:45:14,500,4007.59,101.8,271.5
5371,2026/10/01 09:45:15,0,4005.77,100.53,271.62
5372,2026/10/01 09:45:15,500,4007.07,99.86,271.4
5373,2026/10/01 09:45:16,0,4007.26,102.6,271.91
5374,2026/10/01 09:45:16,500,4005.73,100.02,271.13
5375,2026/10/01 09:45:17,0,4007.58,101.41,272.22
5376,2026/10/01 09:45:17,500,4007.47,102.94,271.86
5377,2026/10/01 09:45:18,0,4008.77,101.25,271.55
5378,2026/10/01 09:45:18,500,4009.94,98.5,272.08
5379,2026/10/01 09:45:19,0,4008.59,98.14,271.99
5380,2026/10/01 09:45:19,500,4008.91,99.55,271.28
5381,2026/10/01 09:45:20,0,4011.52,101.06,272.46
5382,2026/10/01 09:45:20,500,4009.25,100.67,270.56
5383,2026/10/01 09:45:21,0,4009.06,103.31,272.36
5384,2026/10/01 09:45:21,500,4011.56,100.65,271.74
5385,2026/10/01 09:45:22,0,4010.73,99.51,272.33
5386,2026/10/01 09:45:22,500,4011.31,98.3,272.56
5387,2026/10/01 09:45:23,0,4013.19,101.77,271.63
5388,2026/10/01 09:45:23,500,4010.59,99.99,271.66
5389,2026/10/01 09:45:24,0,4011.87,97.74,272.02
5390,2026/10/01 09:45:24,500,4011.35,100.03,271.3
5391,2026/10/01 09:45:25,0,4012.92,98.51,271.71
5392,2026/10/01 09:45:25,500,4012.52,99.36,271.67
5393,2026/10/01 09:45:26,0,4012.34,100.01,271.29
5394,2026/10/01 09:45:26,500,4014.17,98.64,271.66
5395,2026/10/01 09:45:27,0,4013.91,99.27,272.28
5396,2026/10/01 09:45:27,500,4013.21,98.88,272.25
5397,2026/10/01 09:45:28,0,4013.57,98.92,271.83
5398,2026/10/01 09:45:28,500,4014.99,98.49,271.95
5399,2026/10/01 09:45:29,0,4013.8,99.28,271.78
5400,2026/10/01 09:45:29,500,4015.62,98.66,271.05
5401,2026/10/01 09:45:30,0,4016.82,100.88,271.43
5402,2026/10/01 09:45:30,500,4016.59,100.3,272.43
5403,2026/10/01 09:45:31,0,4015.86,101.79,272.55
5404,2026/10/01 09:45:31,500,4016.89,102.83,271.53
5405,2026/10/01 09:45:32,0,4015.97,101.02,272.53
5406,2026/10/01 09:45:32,500,4017.39,100.67,271.37
5407,2026/10/01 09:45:33,0,4017.32,101.11,271.72
5408,2026/10/01 09:45:33,500,4017.06,100.7,271.93
5409,2026/10/01 09:45:34,0,4018.69,100.08,271.86
5410,2026/10/01 09:45:34,500,4016.91,99.96,271.66
5411,2026/10/01 09:45:35,0,4017.85,98.47,272.07
5412,2026/10/01 09:45:35,500,4018.24,101.26,272.4
5413,2026/10/01 09:45:36,0,4018.99,99.95,271.29
5414,2026/10/01 09:45:36,500,4020.74,102.17,272.09
5415,2026/10/01 09:45:37,0,4020.6,101.37,272.52
5416,2026/10/01 09:45:37,500,4020.38,99.06,271.83
5417,2026/10/01 09:45:38,0,4020.65,101.87,271.77
5418,2026/10/01 09:45:38,500,4020.89,96.16,271.63
5419,2026/10/01 09:45:39,0,4022.29,102.9,273.06
5420,2026/10/01 09:45:39,500,4020.04,97.99,272.81
5421,2026/10/01 09:45:40,0,4022.41,100.74,271.93
5422,2026/10/01 09:45:40,500,4021.68,100.64,272.67
5423,2026/10/01 09:45:41,0,4022.79,101.69,271.82
5424,2026/10/01 09:45:41,500,4023.09,99.51,272.02
5425,2026/10/01 09:45:42,0,4023.56,96.78,271.57
5426,2026/10/01 09:45:42,500,4024.54,99.51,271.19
5427,2026/10/01 09:45:43,0,4022.47,99.67,271.82
5428,2026/10/01 09:45:43,500,4024.66,96.93,271.91
5429,2026/10/01 09:45:44,0,4024.1,100.07,272.34
5430,2026/10/01 09:45:44,500,4024.08,98.39,272.46
5431,2026/10/01 09:45:45,0,4026.36,100.97,272.08
5432,2026/10/01 09:45:45,500,4025.59,99.63,271.65
5433,2026/10/01 09:45:46,0,4024.99,102.94,271.82
5434,2026/10/01 09:45:46,500,4026.38,99.62,272.96
5435,2026/10/01 09:45:47,0,4025.86,100.65,272.48
5436,2026/10/01 09:45:47,500,4025.84,99.68,272.88
5437,2026/10/01 09:45:48,0,4026.0,97.57,273.07
5438,2026/10/01 09:45:48,500,4027.01,99.69,271.86
5439,2026/10/01 09:45:49,0,4026.57,101.13,272.6
5440,2026/10/01 09:45:49,500,4027.47,100.9,271.75
5441,2026/10/01 09:45:50,0,4028.34,99.56,272.72
5442,2026/10/01 09:45:50,500,4028.01,97.81,272.63
5443,2026/10/01 09:45:51,0,4029.79,100.97,271.16
5444,2026/10/01 09:45:51,500,4028.5,100.63,272.43
5445,2026/10/01 09:45:52,0,4029.86,101.27,271.8
5446,2026/10/01 09:45:52,500,4029.84,99.59,272.07
5447,2026/10/01 09:45:53,0,4030.57,97.47,271.91
5448,2026/10/01 09:45:53,500,4031.21,100.8,272.7
5449,2026/10/01 09:45:54,0,4028.51,99.99,271.92
5450,2026/10/01 09:45:54,500,4030.41,102.09,271.62
5451,2026/10/01 09:45:55,0,4030.39,100.04,271.87
5452,2026/10/01 09:45:55,500,4030.85,99.93,272.17
5453,2026/10/01 09:45:56,0,4030.73,100.63,272.49
5454,2026/10/01 09:45:56,500,4030.89,99.1,272.89
5455,2026/10/01 09:45:57,0,4030.73,99.03,272.55
5456,2026/10/01 09:45:57,500,4031.97,99.85,272.59
5457,2026/10/01 09:45:58,0,4032.92,98.62,272.68
5458,2026/10/01 09:45:58,500,4032.05,99.66,272.72
5459,2026/10/01 09:45:59,0,4032.46,102.91,272.84
5460,2026/10/01 09:45:59,500,4032.45,101.56,273.58
5461,2026/10/01 09:46:00,0,4032.49,100.46,272.73
5462,2026/10/01 09:46:00,500,4033.37,102.33,272.48
5463,2026/10/01 09:46:01,0,4034.11,98.76,272.11
5464,2026/10/01 09:46:01,500,4035.12,103.74,272.51
5465,2026/10/01 09:46:02,0,4033.44,99.31,272.94
5466,2026/10/01 09:46:02,500,4034.64,103.01,271.76
5467,2026/10/01 09:46:03,0,4035.89,103.0,273.0
5468,2026/10/01 09:46:03,500,4034.27,97.37,272.17
5469,2026/10/01 09:46:04,0,4036.51,102.2,272.27
5470,2026/10/01 09:46:04,500,4035.41,99.57,272.65
5471,2026/10/01 09:46:05,0,4036.61,99.15,272.13
5472,2026/10/01 09:46:05,500,4036.14,100.79,272.63
5473,2026/10/01 09:46:06,0,4036.95,98.49,271.83
5474,2026/10/01 09:46:06,500,4038.14,100.75,272.85
5475,2026/10/01 09:46:07,0,4037.03,98.59,272.52
5476,2026/10/01 09:46:07,500,4038.2,100.27,272.43
5477,2026/10/01 09:46:08,0,4037.89,102.0,272.57
5478,2026/10/01 09:46:08,500,4037.31,100.58,272.43
5479,2026/10/01 09:46:09,0,4038.09,99.46,272.67
5480,2026/10/01 09:46:09,500,4038.31,100.81,272.35
5481,2026/10/01 09:46:10,0,4037.62,97.89,272.32
5482,2026/10/01 09:46:10,500,4039.39,98.74,271.58
5483,2026/10/01 09:46:11,0,4039.81,99.35,273.16
5484,2026/10/01 09:46:11,500,4040.2,101.18,271.9
5485,2026/10/01 09:46:12,0,4040.96,100.61,273.29
5486,2026/10/01 09:46:12,500,4040.85,100.8,272.37
5487,2026/10/01 09:46:13,0,4039.87,99.96,273.11
5488,2026/10/01 09:46:13,500,4040.31,98.82,273.03
5489,2026/10/01 09:46:14,0,4041.56,102.23,272.99
5490,2026/10/01 09:46:14,500,4041.46,98.95,272.54
5491,2026/10/01 09:46:15,0,4041.4,100.63,271.93
5492,2026/10/01 09:46:15,500,4040.98,99.83,272.44
5493,2026/10/01 09:46:16,0,4041.52,100.84,272.38
5494,2026/10/01 09:46:16,500,4042.67,99.09,272.49
5495,2026/10/01 09:46:17,0,4040.91,101.58,271.93
5496,2026/10/01 09:46:17,500,4040.86,102.07,272.41
5497,2026/10/01 09:46:18,0,4043.55,101.49,271.1
5498,2026/10/01 09:46:18,500,4042.83,100.24,272.42
5499,2026/10/01 09:46:19,0,4043.89,99.35,272.64
5500,2026/10/01 09:46:19,500,4045.04,104.23,272.19
5501,2026/10/01 09:46:20,0,4043.23,98.51,272.45
5502,2026/10/01 09:46:20,500,4042.96,101.32,272.67
5503,2026/10/01 09:46:21,0,4044.33,100.5,273.1
5504,2026/10/01 09:46:21,500,4044.27,99.91,273.13
5505,2026/10/01 09:46:22,0,4045.05,100.28,272.76
5506,2026/10/01 09:46:22,500,4045.76,99.23,272.6
5507,2026/10/01 09:46:23,0,4045.85,100.64,272.8
5508,2026/10/01 09:46:23,500,4045.88,100.48,273.53
5509,2026/10/01 09:46:24,0,4046.95,104.02,272.89
5510,2026/10/01 09:46:24,500,4046.89,101.61,272.77
5511,2026/10/01 09:46:25,0,4046.47,100.77,273.18
5512,2026/10/01 09:46:25,500,4047.38,100.86,272.68
5513,2026/10/01 09:46:26,0,4045.89,102.76,272.23
5514,2026/10/01 09:46:26,500,4048.23,98.54,272.89
5515,2026/10/01 09:46:27,0,4047.65,99.73,272.76
5516,2026/10/01 09:46:27,500,4046.93,97.14,272.57
5517,2026/10/01 09:46:28,0,4047.81,100.84,272.96
5518,2026/10/01 09:46:28,500,4049.22,101.27,271.78
5519,2026/10/01 09:46:29,0,4048.03,98.51,272.43
5520,2026/10/01 09:46:29,500,4049.23,102.15,272.26
5521,2026/10/01 09:46:30,0,4049.85,98.92,272.32
5522,2026/10/01 09:46:30,500,4049.42,99.49,272.64
5523,2026/10/01 09:46:31,0,4048.96,100.18,272.27
5524,2026/10/01 09:46:31,500,4049.85,102.39,273.56
5525,2026/10/01 09:46:32,0,4049.02,98.71,272.96
5526,2026/10/01 09:46:32,500,4050.01,100.44,272.34
5527,2026/10/01 09:46:33,0,4049.76,101.16,271.87
5528,2026/10/01 09:46:33,500,4050.86,100.85,272.46
5529,2026/10/01 09:46:34,0,4050.13,100.91,272.59
5530,2026/10/01 09:46:34,500,4051.46,101.14,272.45
5531,2026/10/01 09:46:35,0,4052.55,99.17,274.04
5532,2026/10/01 09:46:35,500,4052.85,102.53,271.95
5533,2026/10/01 09:46:36,0,4051.14,99.83,272.81
5534,2026/10/01 09:46:36,500,4051.85,99.63,272.72
5535,2026/10/01 09:46:37,0,4053.31,102.02,272.67
5536,2026/10/01 09:46:37,500,4053.44,99.05,271.83
5537,2026/10/01 09:46:38,0,4052.63,100.48,272.78
5538,2026/10/01 09:46:38,500,4052.97,98.92,272.9
5539,2026/10/01 09:46:39,0,4053.67,103.78,273.17
5540,2026/10/01 09:46:39,500,4052.38,103.46,273.06
5541,2026/10/01 09:46:40,0,4054.51,99.83,273.44
5542,2026/10/01 09:46:40,500,4055.2,100.78,271.81
5543,2026/10/01 09:46:41,0,4054.27,100.01,272.72
5544,2026/10/01 09:46:41,500,4053.69,99.48,274.1
5545,2026/10/01 09:46:42,0,4056.19,100.18,273.38
5546,2026/10/01 09:46:42,500,4055.48,99.94,272.13
5547,2026/10/01 09:46:43,0,4056.11,97.72,272.91
5548,2026/10/01 09:46:43,500,4054.73,100.39,272.35
5549,2026/10/01 09:46:44,0,4054.97,99.94,272.66
5550,2026/10/01 09:46:44,500,4056.6,100.47,273.88
5551,2026/10/01 09:46:45,0,4057.33,99.88,273.37
5552,2026/10/01 09:46:45,500,4055.84,99.46,272.13
5553,2026/10/01 09:46:46,0,4056.9,101.31,272.52
5554,2026/10/01 09:46:46,500,4055.95,100.8,272.91
5555,2026/10/01 09:46:47,0,4056.9,102.09,272.78
5556,2026/10/01 09:46:47,500,4057.49,100.74,273.07
5557,2026/10/01 09:46:48,0,4058.32,99.7,272.54
5558,2026/10/01 09:46:48,500,4056.49,100.93,272.75
5559,2026/10/01 09:46:49,0,4059.46,97.03,272.54
5560,2026/10/01 09:46:49,500,4058.51,103.16,272.76
5561,2026/10/01 09:46:50,0,4059.91,100.41,273.3
5562,2026/10/01 09:46:50,500,4059.67,103.28,273.1
5563,2026/10/01 09:46:51,0,4060.03,98.7,272.61
5564,2026/10/01 09:46:51,500,4061.2,98.32,273.53
5565,2026/10/01 09:46:52,0,4059.19,100.55,273.5
5566,2026/10/01 09:46:52,500,4060.16,100.54,272.98
5567,2026/10/01 09:46:53,0,4059.49,100.51,272.85
5568,2026/10/01 09:46:53,500,4060.43,100.28,273.87
5569,2026/10/01 09:46:54,0,4061.32,99.06,273.8
5570,2026/10/01 09:46:54,500,4061.88,97.77,272.24
5571,2026/10/01 09:46:55,0,4060.9,100.42,273.6
5572,2026/10/01 09:46:55,500,4060.48,98.08,273.87
5573,2026/10/01 09:46:56,0,4061.73,97.93,273.35
5574,2026/10/01 09:46:56,500,4061.22,99.43,272.79
5575,2026/10/01 09:46:57,0,4061.67,100.65,272.86
5576,2026/10/01 09:46:57,500,4062.9,102.98,273.89
5577,2026/10/01 09:46:58,0,4062.98,101.47,273.46
5578,2026/10/01 09:46:58,500,4063.49,102.15,273.32
5579,2026/10/01 09:46:59,0,4062.78,100.98,274.22
5580,2026/10/01 09:46:59,500,4064.08,100.55,272.55
5581,2026/10/01 09:47:00,0,4063.52,103.76,273.02
5582,2026/10/01 09:47:00,500,4063.5,98.02,273.16
5583,2026/10/01 09:47:01,0,4063.08,99.38,272.97
5584,2026/10/01 09:47:01,500,4062.51,99.5,272.16
5585,2026/10/01 09:47:02,0,4063.16,101.34,273.59
5586,2026/10/01 09:47:02,500,4064.81,98.53,272.72
5587,2026/10/01 09:47:03,0,4064.14,101.15,272.71
5588,2026/10/01 09:47:03,500,4063.77,100.87,272.92
5589,2026/10/01 09:47:04,0,4064.98,101.22,272.99
5590,2026/10/01 09:47:04,500,4065.76,101.19,273.05
5591,2026/10/01 09:47:05,0,4066.09,102.31,273.6
5592,2026/10/01 09:47:05,500,4065.96,99.93,273.71
5593,2026/10/01 09:47:06,0,4066.16,100.8,273.0
5594,2026/10/01 09:47:06,500,4066.0,98.9,272.84
5595,2026/10/01 09:47:07,0,4067.16,98.55,273.08
5596,2026/10/01 09:47:07,500,4066.73,102.65,272.7
5597,2026/10/01 09:47:08,0,4067.04,98.78,273.14
5598,2026/10/01 09:47:08,500,4068.15,100.96,272.69
5599,2026/10/01 09:47:09,0,4068.17,100.8,274.23
5600,2026/10/01 09:47:09,500,4067.61,101.76,273.24
5601,2026/10/01 09:47:10,0,4067.72,97.51,272.91
5602,2026/10/01 09:47:10,500,4067.93,101.34,273.54
5603,2026/10/01 09:47:11,0,4066.8,99.91,272.57
5604,2026/10/01 09:47:11,500,4069.52,99.1,272.84
5605,2026/10/01 09:47:12,0,4068.31,99.62,273.41
5606,2026/10/01 09:47:12,500,4069.76,101.56,273.27
5607,2026/10/01 09:47:13,0,4069.33,101.1,273.74
5608,2026/10/01 09:47:13,500,4070.62,99.81,271.85
5609,2026/10/01 09:47:14,0,4070.15,98.29,273.63
5610,2026/10/01 09:47:14,500,4070.67,98.4,272.96
5611,2026/10/01 09:47:15,0,4069.69,101.13,272.65
5612,2026/10/01 09:47:15,500,4069.35,98.08,272.38
5613,2026/10/01 09:47:16,0,4070.71,99.82,272.97
5614,2026/10/01 09:47:16,500,4069.28,104.02,274.05
5615,2026/10/01 09:47:17,0,4070.65,100.69,273.74
5616,2026/10/01 09:47:17,500,4070.29,101.11,274.08
5617,2026/10/01 09:47:18,0,4070.78,98.41,273.21
5618,2026/10/01 09:47:18,500,4072.14,98.16,273.33
5619,2026/10/01 09:47:19,0,4072.31,101.19,272.49
5620,2026/10/01 09:47:19,500,4071.96,99.58,272.5
5621,2026/10/01 09:47:20,0,4072.56,101.76,273.22
5622,2026/10/01 09:47:20,500,4072.09,100.21,272.61
5623,2026/10/01 09:47:21,0,4074.67,105.33,272.87
5624,2026/10/01 09:47:21,500,4073.18,99.29,273.33
5625,2026/10/01 09:47:22,0,4072.68,100.58,273.95
5626,2026/10/01 09:47:22,500,4074.07,98.81,273.32
5627,2026/10/01 09:47:23,0,4074.57,101.7,272.64
5628,2026/10/01 09:47:23,500,4073.17,100.81,272.42
5629,2026/10/01 09:47:24,0,4072.86,98.71,273.4
5630,2026/10/01 09:47:24,500,4073.23,99.67,273.03
5631,2026/10/01 09:47:25,0,4073.88,102.21,273.4
5632,2026/10/01 09:47:25,500,4074.58,102.03,273.25
5633,2026/10/01 09:47:26,0,4073.53,98.03,273.32
5634,2026/10/01 09:47:26,500,4074.71,99.45,273.96
5635,2026/10/01 09:47:27,0,4075.09,102.88,273.9
5636,2026/10/01 09:47:27,500,4075.72,99.9,273.56
5637,2026/10/01 09:47:28,0,4076.16,100.43,272.93
5638,2026/10/01 09:47:28,500,4076.2,101.69,273.11
5639,2026/10/01 09:47:29,0,4077.52,98.15,273.77
5640,2026/10/01 09:47:29,500,4077.16,98.74,274.05
5641,2026/10/01 09:47:30,0,4076.67,99.66,272.77
5642,2026/10/01 09:47:30,500,4075.92,101.96,274.17
5643,2026/10/01 09:47:31,0,4076.36,101.68,273.02
5644,2026/10/01 09:47:31,500,4075.97,101.23,273.75
5645,2026/10/01 09:47:32,0,4077.44,99.94,274.82
5646,2026/10/01 09:47:32,500,4077.78,101.84,272.63
5647,2026/10/01 09:47:33,0,4078.44,99.92,273.69
5648,2026/10/01 09:47:33,500,4078.14,101.02,273.28
5649,2026/10/01 09:47:34,0,4078.97,101.52,273.67
5650,2026/10/01 09:47:34,500,4079.19,102.7,273.14
5651,2026/10/01 09:47:35,0,4077.71,100.07,272.22
5652,2026/10/01 09:47:35,500,4078.32,99.61,273.09
5653,2026/10/01 09:47:36,0,4078.93,102.09,273.64
5654,2026/10/01 09:47:36,500,4078.58,102.21,274.15
5655,2026/10/01 09:47:37,0,4079.15,99.33,273.68
5656,2026/10/01 09:47:37,500,4079.78,98.49,274.22
5657,2026/10/01 09:47:38,0,4079.65,101.98,273.24
5658,2026/10/01 09:47:38,500,4079.94,97.69,273.21
5659,2026/10/01 09:47:39,0,4079.39,97.61,273.67
5660,2026/10/01 09:47:39,500,4080.75,99.75,273.32
5661,2026/10/01 09:47:40,0,4080.89,100.15,274.07
5662,2026/10/01 09:47:40,500,4080.13,98.41,272.81
5663,2026/10/01 09:47:41,0,4079.91,100.33,273.95
5664,2026/10/01 09:47:41,500,4082.12,100.4,274.13
5665,2026/10/01 09:47:42,0,4082.73,99.28,273.72
5666,2026/10/01 09:47:42,500,4081.72,103.05,273.99
5667,2026/10/01 09:47:43,0,4081.44,100.64,273.22
5668,2026/10/01 09:47:43,500,4082.77,101.69,273.13
5669,2026/10/01 09:47:44,0,4082.5,97.82,273.73
5670,2026/10/01 09:47:44,500,4082.15,97.8,273.2
5671,2026/10/01 09:47:45,0,4083.29,100.69,273.72
5672,2026/10/01 09:47:45,500,4082.07,102.78,273.72
5673,2026/10/01 09:47:46,0,4082.36,98.49,273.54
5674,2026/10/01 09:47:46,500,4083.39,100.22,273.72
5675,2026/10/01 09:47:47,0,4083.39,98.15,273.9
5676,2026/10/01 09:47:47,500,4084.0,98.92,273.54
5677,2026/10/01 09:47:48,0,4084.64,100.29,273.36
5678,2026/10/01 09:47:48,500,4082.64,99.26,274.01
5679,2026/10/01 09:47:49,0,4084.1,98.04,273.74
5680,2026/10/01 09:47:49,500,4085.79,98.01,273.84
5681,2026/10/01 09:47:50,0,4083.98,97.17,273.91
5682,2026/10/01 09:47:50,500,4084.08,100.71,273.7
5683,2026/10/01 09:47:51,0,4083.05,100.9,273.46
5684,2026/10/01 09:47:51,500,4085.12,100.89,273.33
5685,2026/10/01 09:47:52,0,4085.69,98.64,273.6
5686,2026/10/01 09:47:52,500,4085.88,101.51,273.89
5687,2026/10/01 09:47:53,0,4084.78,101.06,273.91
5688,2026/10/01 09:47:53,500,4085.79,100.01,273.73
5689,2026/10/01 09:47:54,0,4086.17,99.76,273.84
5690,2026/10/01 09:47:54,500,4086.22,99.03,273.11
5691,2026/10/01 09:47:55,0,4085.49,100.29,273.44
5692,2026/10/01 09:47:55,500,4086.62,102.43,274.01
5693,2026/10/01 09:47:56,0,4086.1,101.71,273.27
5694,2026/10/01 09:47:56,500,4085.44,99.62,273.76
5695,2026/10/01 09:47:57,0,4087.67,100.81,273.72
5696,2026/10/01 09:47:57,500,4087.42,98.35,273.64
5697,2026/10/01 09:47:58,0,4087.97,101.1,274.04
5698,2026/10/01 09:47:58,500,4087.26,98.75,273.82
5699,2026/10/01 09:47:59,0,4088.37,101.04,273.11
5700,2026/10/01 09:47:59,500,4088.88,104.45,273.98
5701,2026/10/01 09:48:00,0,4089.65,99.14,273.47
5702,2026/10/01 09:48:00,500,4089.08,104.38,273.05
5703,2026/10/01 09:48:01,0,4088.93,100.74,274.11
5704,2026/10/01 09:48:01,500,4087.7,98.88,273.15
5705,2026/10/01 09:48:02,0,4088.9,98.81,273.57
5706,2026/10/01 09:48:02,500,4088.04,103.55,273.9
5707,2026/10/01 09:48:03,0,4088.7,100.74,273.72
5708,2026/10/01 09:48:03,500,4091.11,99.15,273.45
5709,2026/10/01 09:48:04,0,4088.91,99.69,273.27
5710,2026/10/01 09:48:04,500,4088.04,100.65,273.39
5711,2026/10/01 09:48:05,0,4090.74,99.99,273.24
5712,2026/10/01 09:48:05,500,4089.74,100.52,273.72
5713,2026/10/01 09:48:06,0,4091.07,102.66,273.51
5714,2026/10/01 09:48:06,500,4089.71,98.31,273.1
5715,2026/10/01 09:48:07,0,4090.48,100.97,273.65
5716,2026/10/01 09:48:07,500,4091.96,99.89,273.48
5717,2026/10/01 09:48:08,0,4090.13,99.25,273.94
5718,2026/10/01 09:48:08,500,4091.23,101.61,273.99
5719,2026/10/01 09:48:09,0,4091.78,97.81,274.49
5720,2026/10/01 09:48:09,500,4091.15,96.45,274.15
5721,2026/10/01 09:48:10,0,4092.1,100.34,273.28
5722,2026/10/01 09:48:10,500,4092.1,99.79,272.75
5723,2026/10/01 09:48:11,0,4092.7,97.97,273.08
5724,2026/10/01 09:48:11,500,4093.92,97.43,273.59
5725,2026/10/01 09:48:12,0,4094.77,102.9,273.04
5726,2026/10/01 09:48:12,500,4093.18,100.69,273.55
5727,2026/10/01 09:48:13,0,4092.9,100.03,273.87
5728,2026/10/01 09:48:13,500,4093.52,103.29,273.58
5729,2026/10/01 09:48:14,0,4093.16,101.53,274.01
5730,2026/10/01 09:48:14,500,4092.25,102.65,273.57
5731,2026/10/01 09:48:15,0,4093.66,98.23,273.5
5732,2026/10/01 09:48:15,500,4094.74,98.17,274.74
5733,2026/10/01 09:48:16,0,4092.88,100.93,273.87
5734,2026/10/01 09:48:16,500,4093.44,100.62,273.95
5735,2026/10/01 09:48:17,0,4093.94,101.87,274.32
5736,2026/10/01 09:48:17,500,4094.88,97.55,274.34
5737,2026/10/01 09:48:18,0,4096.66,101.06,273.73
5738,2026/10/01 09:48:18,500,4094.28,101.48,274.44
5739,2026/10/01 09:48:19,0,4095.18,101.4,273.69
5740,2026/10/01 09:48:19,500,4095.28,99.39,274.43
5741,2026/10/01 09:48:20,0,4095.21,100.78,273.31
5742,2026/10/01 09:48:20,500,4095.59,98.84,273.78
5743,2026/10/01 09:48:21,0,4095.43,99.56,274.05
5744,2026/10/01 09:48:21,500,4098.17,98.44,274.13
5745,2026/10/01 09:48:22,0,4096.75,98.86,273.53
5746,2026/10/01 09:48:22,500,4095.96,99.64,273.13
5747,2026/10/01 09:48:23,0,4097.44,99.26,274.19
5748,2026/10/01 09:48:23,500,4096.87,98.86,273.86
5749,2026/10/01 09:48:24,0,4096.89,98.05,273.77
5750,2026/10/01 09:48:24,500,4096.87,102.94,274.8
5751,2026/10/01 09:48:25,0,4096.98,99.25,273.83
5752,2026/10/01 09:48:25,500,4096.38,100.49,273.73
5753,2026/10/01 09:48:26,0,4096.19,97.36,273.09
5754,2026/10/01 09:48:26,500,4097.99,102.04,273.45
5755,2026/10/01 09:48:27,0,4097.71,100.25,274.44
5756,2026/10/01 09:48:27,500,4098.74,99.33,273.64
5757,2026/10/01 09:48:28,0,4097.49,99.35,274.32
5758,2026/10/01 09:48:28,500,4097.5,101.3,273.37
5759,2026/10/01 09:48:29,0,4099.16,95.57,273.59
5760,2026/10/01 09:48:29,500,4098.48,98.76,273.58
5761,2026/10/01 09:48:30,0,4099.57,99.82,274.27
5762,2026/10/01 09:48:30,500,4099.08,99.8,273.93
5763,2026/10/01 09:48:31,0,4100.72,103.76,273.48
5764,2026/10/01 09:48:31,500,4099.99,99.49,274.4
5765,2026/10/01 09:48:32,0,4099.88,101.49,274.3
5766,2026/10/01 09:48:32,500,4100.36,102.72,274.22
5767,2026/10/01 09:48:33,0,4099.67,101.01,274.21
5768,2026/10/01 09:48:33,500,4098.74,98.99,273.64
5769,2026/10/01 09:48:34,0,4100.51,98.07,274.7
5770,2026/10/01 09:48:34,500,4101.94,101.12,274.02
5771,2026/10/01 09:48:35,0,4098.72,102.47,274.21
5772,2026/10/01 09:48:35,500,4101.09,100.82,274.28
5773,2026/10/01 09:48:36,0,4099.66,101.85,273.62
5774,2026/10/01 09:48:36,500,4101.03,103.89,275.04
5775,2026/10/01 09:48:37,0,4101.28,101.26,274.09
5776,2026/10/01 09:48:37,500,4101.98,98.35,274.12
5777,2026/10/01 09:48:38,0,4101.71,100.08,273.9
5778,2026/10/01 09:48:38,500,4102.81,102.06,274.69
5779,2026/10/01 09:48:39,0,4102.8,99.63,274.71
5780,2026/10/01 09:48:39,500,4101.88,102.26,274.2
5781,2026/10/01 09:48:40,0,4103.07,99.9,273.4
5782,2026/10/01 09:48:40,500,4102.11,100.5,274.05
5783,2026/10/01 09:48:41,0,4102.13,99.47,274.11
5784,2026/10/01 09:48:41,500,4101.72,100.24,273.92
5785,2026/10/01 09:48:42,0,4103.9,100.32,273.66
5786,2026/10/01 09:48:42,500,4102.77,97.59,273.38
5787,2026/10/01 09:48:43,0,4101.23,99.34,274.89
5788,2026/10/01 09:48:43,500,4103.76,98.15,274.53
5789,2026/10/01 09:48:44,0,4103.14,99.39,274.18
5790,2026/10/01 09:48:44,500,4103.41,98.81,273.85
5791,2026/10/01 09:48:45,0,4103.63,101.52,274.36
5792,2026/10/01 09:48:45,500,4103.7,101.54,274.28
5793,2026/10/01 09:48:46,0,4106.32,100.84,273.99
5794,2026/10/01 09:48:46,500,4105.62,98.1,274.39
5795,2026/10/01 09:48:47,0,4105.01,99.85,274.45
5796,2026/10/01 09:48:47,500,4104.8,97.98,274.55
5797,2026/10/01 09:48:48,0,4105.67,99.78,273.76
5798,2026/10/01 09:48:48,500,4105.12,100.97,274.43
5799,2026/10/01 09:48:49,0,4105.74,101.49,274.8
5800,2026/10/01 09:48:49,500,4105.69,100.71,274.37
5801,2026/10/01 09:48:50,0,4105.51,101.89,275.33
5802,2026/10/01 09:48:50,500,4106.31,100.39,274.14
5803,2026/10/01 09:48:51,0,4105.38,99.65,273.38
5804,2026/10/01 09:48:51,500,4105.92,101.31,273.82
5805,2026/10/01 09:48:52,0,4105.25,101.36,273.91
5806,2026/10/01 09:48:52,500,4105.5,99.21,274.53
5807,2026/10/01 09:48:53,0,4104.32,100.57,274.67
5808,2026/10/01 09:48:53,500,4106.87,99.56,274.33
5809,2026/10/01 09:48:54,0,4107.24,96.99,274.41
5810,2026/10/01 09:48:54,500,4107.68,100.66,275.23
5811,2026/10/01 09:48:55,0,4106.08,98.06,273.86
5812,2026/10/01 09:48:55,500,4107.47,100.49,274.24
5813,2026/10/01 09:48:56,0,4107.28,97.7,274.06
5814,2026/10/01 09:48:56,500,4108.02,98.92,273.7
5815,2026/10/01 09:48:57,0,4107.06,99.35,273.28
5816,2026/10/01 09:48:57,500,4107.47,101.8,274.95
5817,2026/10/01 09:48:58,0,4106.65,99.2,273.92
5818,2026/10/01 09:48:58,500,4107.47,98.39,274.18
5819,2026/10/01 09:48:59,0,4108.2,100.55,274.53
5820,2026/10/01 09:48:59,500,4108.49,99.67,273.72
5821,2026/10/01 09:49:00,0,4107.16,101.19,273.9
5822,2026/10/01 09:49:00,500,4108.25,98.48,274.31
5823,2026/10/01 09:49:01,0,4108.94,100.32,274.11
5824,2026/10/01 09:49:01,500,4110.09,103.7,273.7
5825,2026/10/01 09:49:02,0,4108.44,99.64,274.64
5826,2026/10/01 09:49:02,500,4109.66,990.21,274.11
5827,2026/10/01 09:49:03,0,4108.97,97.51,274.42
5828,2026/10/01 09:49:03,500,4109.21,98.72,274.38
5829,2026/10/01 09:49:04,0,4109.01,100.69,274.84
5830,2026/10/01 09:49:04,500,4109.03,99.51,274.54
5831,2026/10/01 09:49:05,0,4109.64,100.92,273.94
5832,2026/10/01 09:49:05,500,4111.0,100.64,274.95
5833,2026/10/01 09:49:06,0,4109.71,98.02,274.14
5834,2026/10/01 09:49:06,500,4109.74,101.52,273.98
5835,2026/10/01 09:49:07,0,4110.78,98.14,273.91
5836,2026/10/01 09:49:07,500,4110.77,98.85,273.22
5837,2026/10/01 09:49:08,0,4110.86,100.34,274.09
5838,2026/10/01 09:49:08,500,4111.26,102.35,274.6
5839,2026/10/01 09:49:09,0,4110.4,98.49,273.72
5840,2026/10/01 09:49:09,500,4110.64,100.22,275.26
5841,2026/10/01 09:49:10,0,4112.29,100.23,273.29
5842,2026/10/01 09:49:10,500,4111.53,100.99,274.03
5843,2026/10/01 09:49:11,0,4112.28,101.78,273.68
5844,2026/10/01 09:49:11,500,4112.92,99.39,274.89
5845,2026/10/01 09:49:12,0,4112.77,101.52,274.76
5846,2026/10/01 09:49:12,500,4111.14,102.0,274.31
5847,2026/10/01 09:49:13,0,4112.29,102.68,273.73
5848,2026/10/01 09:49:13,500,4113.36,100.75,273.85
5849,2026/10/01 09:49:14,0,4113.09,100.24,274.58
5850,2026/10/01 09:49:14,500,4112.97,99.29,274.12
5851,2026/10/01 09:49:15,0,4111.65,97.81,274.18
5852,2026/10/01 09:49:15,500,4112.62,99.58,274.43
5853,2026/10/01 09:49:16,0,4113.31,100.17,274.26
5854,2026/10/01 09:49:16,500,4112.26,99.84,273.6
5855,2026/10/01 09:49:17,0,4114.18,100.9,273.81
5856,2026/10/01 09:49:17,500,4113.59,97.82,273.83
5857,2026/10/01 09:49:18,0,4112.25,99.73,274.13
5858,2026/10/01 09:49:18,500,4113.52,102.99,274.54
5859,2026/10/01 09:49:19,0,4113.89,101.49,274.52
5860,2026/10/01 09:49:19,500,4114.16,100.92,275.1
5861,2026/10/01 09:49:20,0,4115.54,100.59,273.8
5862,2026/10/01 09:49:20,500,4115.01,99.45,274.66
5863,2026/10/01 09:49:21,0,4113.6,97.37,274.12
5864,2026/10/01 09:49:21,500,4113.64,100.69,275.51
5865,2026/10/01 09:49:22,0,4114.76,96.33,274.47
5866,2026/10/01 09:49:22,500,4115.22,99.51,274.25
5867,2026/10/01 09:49:23,0,4116.05,99.99,274.67
5868,2026/10/01 09:49:23,500,4116.78,99.33,274.64
5869,2026/10/01 09:49:24,0,4116.97,103.26,274.35
5870,2026/10/01 09:49:24,500,4115.33,102.74,274.85
5871,2026/10/01 09:49:25,0,4116.57,101.55,275.31
5872,2026/10/01 09:49:25,500,4116.3,98.61,275.02
5873,2026/10/01 09:49:26,0,4115.23,102.88,274.49
5874,2026/10/01 09:49:26,500,4114.73,100.93,275.45
5875,2026/10/01 09:49:27,0,4116.49,98.59,274.81
5876,2026/10/01 09:49:27,500,4115.32,100.05,274.03
5877,2026/10/01 09:49:28,0,4115.98,101.44,274.61
5878,2026/10/01 09:49:28,500,4116.25,99.1,274.48
5879,2026/10/01 09:49:29,0,4117.11,100.21,274.32
5880,2026/10/01 09:49:29,500,4118.1,100.47,274.75
5881,2026/10/01 09:49:30,0,4117.22,98.35,273.66
5882,2026/10/01 09:49:30,500,4116.92,99.59,275.4
5883,2026/10/01 09:49:31,0,4115.83,-994.63,274.91
5884,2026/10/01 09:49:31,500,4117.99,101.3,273.69
5885,2026/10/01 09:49:32,0,4117.78,98.64,274.92
5886,2026/10/01 09:49:32,500,4117.46,100.44,274.84
5887,2026/10/01 09:49:33,0,4118.97,97.91,275.36
5888,2026/10/01 09:49:33,500,4117.22,98.3,275.49
5889,2026/10/01 09:49:34,0,4117.76,98.23,275.58
5890,2026/10/01 09:49:34,500,4118.25,99.57,274.5
5891,2026/10/01 09:49:35,0,4118.13,100.27,274.91
5892,2026/10/01 09:49:35,500,4119.16,100.55,274.41
5893,2026/10/01 09:49:36,0,4119.22,97.34,275.14
5894,2026/10/01 09:49:36,500,4119.83,99.75,273.58
5895,2026/10/01 09:49:37,0,4119.52,98.87,274.02
5896,2026/10/01 09:49:37,500,4119.16,100.8,274.45
5897,2026/10/01 09:49:38,0,4119.12,99.6,274.64
5898,2026/10/01 09:49:38,500,4119.89,99.88,274.76
5899,2026/10/01 09:49:39,0,4119.51,98.88,275.32
5900,2026/10/01 09:49:39,500,4119.83,102.59,274.36
5901,2026/10/01 09:49:40,0,4120.33,98.07,274.04
5902,2026/10/01 09:49:40,500,4120.17,99.4,274.5
5903,2026/10/01 09:49:41,0,4120.44,100.16,274.39
5904,2026/10/01 09:49:41,500,4119.69,99.62,274.98
5905,2026/10/01 09:49:42,0,4121.54,98.85,275.47
5906,2026/10/01 09:49:42,500,4119.7,97.28,275.43
5907,2026/10/01 09:49:43,0,4121.07,98.96,275.26
5908,2026/10/01 09:49:43,500,4120.47,98.56,274.43
5909,2026/10/01 09:49:44,0,4121.85,102.52,274.64
5910,2026/10/01 09:49:44,500,4121.82,103.4,274.94
5911,2026/10/01 09:49:45,0,4121.25,99.92,274.35
5912,2026/10/01 09:49:45,500,4122.62,97.89,274.4
5913,2026/10/01 09:49:46,0,4121.36,101.11,274.93
5914,2026/10/01 09:49:46,500,4122.35,98.53,274.06
5915,2026/10/01 09:49:47,0,4121.19,99.18,275.3
5916,2026/10/01 09:49:47,500,4122.23,99.06,274.55
5917,2026/10/01 09:49:48,0,4121.29,99.25,275.03
5918,2026/10/01 09:49:48,500,4122.18,99.47,274.87
5919,2026/10/01 09:49:49,0,4122.25,98.03,275.39
5920,2026/10/01 09:49:49,500,4123.12,98.95,273.71
5921,2026/10/01 09:49:50,0,4122.01,101.53,275.41
5922,2026/10/01 09:49:50,500,4125.14,99.95,275.4
5923,2026/10/01 09:49:51,0,4121.7,100.19,274.92
5924,2026/10/01 09:49:51,500,4123.12,96.65,275.05
5925,2026/10/01 09:49:52,0,4123.3,101.42,275.09
5926,2026/10/01 09:49:52,500,4123.62,98.97,274.35
5927,2026/10/01 09:49:53,0,4122.91,101.69,274.83
5928,2026/10/01 09:49:53,500,4123.64,100.23,275.25
5929,2026/10/01 09:49:54,0,4123.12,99.16,273.92
5930,2026/10/01 09:49:54,500,4125.2,97.48,275.05
5931,2026/10/01 09:49:55,0,4123.32,103.26,274.86
5932,2026/10/01 09:49:55,500,4123.84,101.2,275.14
5933,2026/10/01 09:49:56,0,4123.55,101.29,274.19
5934,2026/10/01 09:49:56,500,4123.57,102.73,274.46
5935,2026/10/01 09:49:57,0,4123.22,100.34,274.14
5936,2026/10/01 09:49:57,500,4125.0,102.03,274.14
5937,2026/10/01 09:49:58,0,4124.05,99.28,275.26
5938,2026/10/01 09:49:58,500,4124.08,101.11,274.55
5939,2026/10/01 09:49:59,0,4124.07,99.05,274.52
5940,2026/10/01 09:49:59,500,4125.21,99.24,275.4
5941,2026/10/01 09:50:00,0,4125.11,100.15,274.69
5942,2026/10/01 09:50:00,500,4125.24,98.1,275.35
5943,2026/10/01 09:50:01,0,4124.73,100.49,274.35
5944,2026/10/01 09:50:01,500,4125.81,99.53,274.7
5945,2026/10/01 09:50:02,0,4125.06,97.02,274.43
5946,2026/10/01 09:50:02,500,4125.77,99.31,275.16
5947,2026/10/01 09:50:03,0,4125.72,99.48,274.78
5948,2026/10/01 09:50:03,500,4124.61,101.28,275.26
5949,2026/10/01 09:50:04,0,4127.7,100.43,274.97
5950,2026/10/01 09:50:04,500,4126.66,102.17,273.93
5951,2026/10/01 09:50:05,0,4126.47,100.78,274.77
5952,2026/10/01 09:50:05,500,4126.72,99.17,274.14
5953,2026/10/01 09:50:06,0,4128.21,99.91,275.09
5954,2026/10/01 09:50:06,500,4127.6,99.48,275.19
5955,2026/10/01 09:50:07,0,4127.1,100.73,275.25
5956,2026/10/01 09:50:07,500,4126.37,100.09,274.86
5957,2026/10/01 09:50:08,0,4126.62,99.06,274.11
5958,2026/10/01 09:50:08,500,4125.74,100.01,275.04
5959,2026/10/01 09:50:09,0,4127.01,100.69,275.14
5960,2026/10/01 09:50:09,500,4127.95,98.49,274.85
5961,2026/10/01 09:50:10,0,4128.05,100.48,274.99
5962,2026/10/01 09:50:10,500,4128.16,97.63,274.01
5963,2026/10/01 09:50:11,0,4127.37,101.66,274.99
5964,2026/10/01 09:50:11,500,4128.35,100.79,274.9
5965,2026/10/01 09:50:12,0,4128.69,102.44,274.36
5966,2026/10/01 09:50:12,500,4126.37,98.33,275.23
5967,2026/10/01 09:50:13,0,4128.51,101.7,274.72
5968,2026/10/01 09:50:13,500,4130.05,101.4,275.09
5969,2026/10/01 09:50:14,0,4128.27,99.73,275.22
5970,2026/10/01 09:50:14,500,4126.61,99.44,275.15
5971,2026/10/01 09:50:15,0,4128.09,98.37,274.32
5972,2026/10/01 09:50:15,500,4127.41,97.98,274.8
5973,2026/10/01 09:50:16,0,4128.47,98.87,276.06
5974,2026/10/01 09:50:16,500,4128.12,98.12,275.7
5975,2026/10/01 09:50:17,0,4129.96,102.39,275.42
5976,2026/10/01 09:50:17,500,4129.96,97.75,275.15
5977,2026/10/01 09:50:18,0,4129.73,100.22,274.52
5978,2026/10/01 09:50:18,500,4130.55,100.65,274.94
5979,2026/10/01 09:50:19,0,4129.23,100.54,274.81
5980,2026/10/01 09:50:19,500,4129.86,100.67,274.98
5981,2026/10/01 09:50:20,0,4131.68,101.42,274.31
5982,2026/10/01 09:50:20,500,4130.51,99.33,275.51
5983,2026/10/01 09:50:21,0,4130.62,100.13,273.69
5984,2026/10/01 09:50:21,500,4129.66,99.56,275.47
5985,2026/10/01 09:50:22,0,4130.05,101.95,275.48
5986,2026/10/01 09:50:22,500,4129.7,103.15,276.21
5987,2026/10/01 09:50:23,0,4131.96,98.21,274.93
5988,2026/10/01 09:50:23,500,4129.49,96.95,274.8
5989,2026/10/01 09:50:24,0,4131.58,100.85,275.12
5990,2026/10/01 09:50:24,500,4131.43,101.61,275.35
5991,2026/10/01 09:50:25,0,4129.8,102.94,275.03
5992,2026/10/01 09:50:25,500,4132.11,101.11,274.48
5993,2026/10/01 09:50:26,0,4131.1,102.09,275.36
5994,2026/10/01 09:50:26,500,4130.37,102.49,275.08
5995,2026/10/01 09:50:27,0,4131.83,102.2,274.58
5996,2026/10/01 09:50:27,500,4130.99,101.32,274.28
5997,2026/10/01 09:50:28,0,4131.6,98.08,276.33
5998,2026/10/01 09:50:28,500,4131.47,99.99,275.52
5999,2026/10/01 09:50:29,0,4131.29,100.45,275.38
6000,2026/10/01 09:50:29,500,4131.15,99.85,275.05
6001,2026/10/01 09:50:30,0,4132.86,99.94,275.46
6002,2026/10/01 09:50:30,500,4132.59,102.35,274.59
6003,2026/10/01 09:50:31,0,4132.65,98.86,275.22
6004,2026/10/01 09:50:31,500,4132.26,101.2,275.25
6005,2026/10/01 09:50:32,0,4132.71,100.47,274.61
6006,2026/10/01 09:50:32,500,4132.19,98.71,275.08
6007,2026/10/01 09:50:33,0,4132.29,98.39,274.93
6008,2026/10/01 09:50:33,500,4134.37,97.45,274.76
6009,2026/10/01 09:50:34,0,4133.82,100.73,274.88
6010,2026/10/01 09:50:34,500,4132.78,99.91,274.3
6011,2026/10/01 09:50:35,0,4132.14,98.76,275.68
6012,2026/10/01 09:50:35,500,4132.09,97.19,275.94
6013,2026/10/01 09:50:36,0,4133.05,100.65,274.7
6014,2026/10/01 09:50:36,500,4133.76,99.74,275.72
6015,2026/10/01 09:50:37,0,4133.88,98.93,275.15
6016,2026/10/01 09:50:37,500,4134.01,98.55,275.17
6017,2026/10/01 09:50:38,0,4134.27,99.64,274.53
6018,2026/10/01 09:50:38,500,4133.28,100.7,274.9
6019,2026/10/01 09:50:39,0,4135.43,99.51,275.45
6020,2026/10/01 09:50:39,500,4134.17,98.22,274.7
6021,2026/10/01 09:50:40,0,4134.68,99.91,274.82
6022,2026/10/01 09:50:40,500,4134.02,101.57,274.94
6023,2026/10/01 09:50:41,0,4134.91,100.06,273.5
6024,2026/10/01 09:50:41,500,4136.43,100.1,275.37
6025,2026/10/01 09:50:42,0,4134.08,99.51,275.53
6026,2026/10/01 09:50:42,500,4134.09,98.67,275.4
6027,2026/10/01 09:50:43,0,4134.4,98.62,275.69
6028,2026/10/01 09:50:43,500,4134.93,97.51,275.0
6029,2026/10/01 09:50:44,0,4134.89,101.77,276.13
6030,2026/10/01 09:50:44,500,4134.58,100.69,274.81
6031,2026/10/01 09:50:45,0,4135.48,100.12,275.12
6032,2026/10/01 09:50:45,500,4136.88,100.44,275.08
6033,2026/10/01 09:50:46,0,4135.62,100.51,275.33
6034,2026/10/01 09:50:46,500,4135.77,98.9,275.12
6035,2026/10/01 09:50:47,0,4136.23,99.51,275.2
6036,2026/10/01 09:50:47,500,4136.58,99.29,274.91
6037,2026/10/01 09:50:48,0,4137.26,103.77,275.04
6038,2026/10/01 09:50:48,500,4136.46,101.53,274.14
6039,2026/10/01 09:50:49,0,4136.38,100.25,275.67
6040,2026/10/01 09:50:49,500,4135.69,102.05,274.76
6041,2026/10/01 09:50:50,0,4137.18,101.86,275.03
6042,2026/10/01 09:50:50,500,4136.02,97.93,274.75
6043,2026/10/01 09:50:51,0,4136.1,99.67,275.57
6044,2026/10/01 09:50:51,500,4137.06,99.98,275.01
6045,2026/10/01 09:50:52,0,4138.24,100.92,274.07
6046,2026/10/01 09:50:52,500,4137.7,99.66,275.43
6047,2026/10/01 09:50:53,0,4137.19,99.85,274.92
6048,2026/10/01 09:50:53,500,4136.54,99.31,275.29
6049,2026/10/01 09:50:54,0,4138.65,101.57,275.72
6050,2026/10/01 09:50:54,500,4137.49,97.83,274.81
6051,2026/10/01 09:50:55,0,4137.41,99.36,275.29
6052,2026/10/01 09:50:55,500,4138.19,97.23,274.93
6053,2026/10/01 09:50:56,0,4137.49,98.46,275.81
6054,2026/10/01 09:50:56,500,4137.35,100.48,275.36
6055,2026/10/01 09:50:57,0,4137.53,100.5,275.32
6056,2026/10/01 09:50:57,500,4137.63,99.53,274.71
6057,2026/10/01 09:50:58,0,4137.36,101.69,275.71
6058,2026/10/01 09:50:58,500,4137.37,102.03,275.78
6059,2026/10/01 09:50:59,0,4139.24,99.9,274.96
6060,2026/10/01 09:50:59,500,4139.1,100.38,275.42
6061,2026/10/01 09:51:00,0,4138.01,99.32,275.64
6062,2026/10/01 09:51:00,500,4139.48,100.94,276.46
6063,2026/10/01 09:51:01,0,4139.12,98.21,275.55
6064,2026/10/01 09:51:01,500,4138.72,102.69,275.36
6065,2026/10/01 09:51:02,0,4138.1,101.71,275.29
6066,2026/10/01 09:51:02,500,4139.45,98.2,275.32
6067,2026/10/01 09:51:03,0,4140.77,98.82,275.76
6068,2026/10/01 09:51:03,500,4139.39,100.63,274.94
6069,2026/10/01 09:51:04,0,4140.28,99.49,275.85
6070,2026/10/01 09:51:04,500,4139.41,100.82,274.61
6071,2026/10/01 09:51:05,0,4140.42,99.46,275.72
6072,2026/10/01 09:51:05,500,4139.66,102.29,275.87
6073,2026/10/01 09:51:06,0,4137.96,100.01,275.8
6074,2026/10/01 09:51:06,500,4139.41,103.63,275.54
6075,2026/10/01 09:51:07,0,4140.19,100.9,275.6
6076,2026/10/01 09:51:07,500,4141.05,97.98,275.21
6077,2026/10/01 09:51:08,0,4140.16,103.13,274.85
6078,2026/10/01 09:51:08,500,4140.41,101.65,275.54
6079,2026/10/01 09:51:09,0,4140.01,100.57,275.45
6080,2026/10/01 09:51:09,500,4141.83,100.97,275.89
6081,2026/10/01 09:51:10,0,4141.88,98.22,275.36
6082,2026/10/01 09:51:10,500,4140.24,97.29,275.51
6083,2026/10/01 09:51:11,0,4139.66,99.94,275.58
6084,2026/10/01 09:51:11,500,4139.53,102.07,275.72
6085,2026/10/01 09:51:12,0,4141.56,100.59,275.92
6086,2026/10/01 09:51:12,500,4141.28,102.56,274.97
6087,2026/10/01 09:51:13,0,4140.64,101.98,275.8
6088,2026/10/01 09:51:13,500,4141.58,100.03,275.36
6089,2026/10/01 09:51:14,0,4140.48,101.78,275.78
6090,2026/10/01 09:51:14,500,4142.2,102.28,276.2
6091,2026/10/01 09:51:15,0,4141.35,99.88,274.41
6092,2026/10/01 09:51:15,500,4140.89,99.68,276.08
6093,2026/10/01 09:51:16,0,4141.56,100.21,275.41
6094,2026/10/01 09:51:16,500,4141.63,96.38,275.05
6095,2026/10/01 09:51:17,0,4142.34,100.42,275.26
6096,2026/10/01 09:51:17,500,4143.08,101.08,274.97
6097,2026/10/01 09:51:18,0,4143.13,100.22,275.74
6098,2026/10/01 09:51:18,500,4142.46,100.52,274.97
6099,2026/10/01 09:51:19,0,4142.28,99.93,276.1
6100,2026/10/01 09:51:19,500,4142.07,97.0,275.85
6101,2026/10/01 09:51:20,0,4141.21,102.49,275.62
6102,2026/10/01 09:51:20,500,4142.7,99.45,274.49
6103,2026/10/01 09:51:21,0,4142.13,99.07,274.85
6104,2026/10/01 09:51:21,500,4143.88,102.04,275.47
6105,2026/10/01 09:51:22,0,4142.84,101.47,275.5
6106,2026/10/01 09:51:22,500,4143.7,100.41,275.99
6107,2026/10/01 09:51:23,0,4142.81,101.15,274.07
6108,2026/10/01 09:51:23,500,4142.75,98.27,275.15
6109,2026/10/01 09:51:24,0,4143.87,99.88,275.95
6110,2026/10/01 09:51:24,500,4143.7,101.94,275.37
6111,2026/10/01 09:51:25,0,4143.83,98.98,275.31
6112,2026/10/01 09:51:25,500,4143.59,98.5,274.74
6113,2026/10/01 09:51:26,0,4144.39,100.12,276.08
6114,2026/10/01 09:51:26,500,4144.37,100.15,275.31
6115,2026/10/01 09:51:27,0,4142.21,100.97,276.1
6116,2026/10/01 09:51:27,500,4143.83,97.93,276.29
6117,2026/10/01 09:51:28,0,4144.95,96.18,276.22
6118,2026/10/01 09:51:28,500,4143.41,101.38,275.55
6119,2026/10/01 09:51:29,0,4142.97,98.38,275.33
6120,2026/10/01 09:51:29,500,4144.3,99.09,275.3
6121,2026/10/01 09:51:30,0,4144.92,96.73,276.56
6122,2026/10/01 09:51:30,500,4144.23,101.53,275.47
6123,2026/10/01 09:51:31,0,4145.72,100.53,276.11
6124,2026/10/01 09:51:31,500,4146.26,100.47,275.83
6125,2026/10/01 09:51:32,0,4143.33,100.46,275.39
6126,2026/10/01 09:51:32,500,4144.66,96.91,275.47
6127,2026/10/01 09:51:33,0,4143.23,98.52,276.19
6128,2026/10/01 09:51:33,500,4145.68,99.32,275.62
6129,2026/10/01 09:51:34,0,4144.7,98.88,275.38
6130,2026/10/01 09:51:34,500,4144.95,99.59,275.21
6131,2026/10/01 09:51:35,0,4146.34,100.37,275.77
6132,2026/10/01 09:51:35,500,4144.45,101.51,275.36
6133,2026/10/01 09:51:36,0,4144.34,97.78,275.92
6134,2026/10/01 09:51:36,500,4143.87,99.99,276.9
6135,2026/10/01 09:51:37,0,4146.8,101.07,275.89
6136,2026/10/01 09:51:37,500,4146.71,98.61,276.53
6137,2026/10/01 09:51:38,0,4145.73,99.71,275.28
6138,2026/10/01 09:51:38,500,4145.04,100.7,275.98
6139,2026/10/01 09:51:39,0,4146.81,100.02,276.27
6140,2026/10/01 09:51:39,500,4148.44,101.01,276.34
6141,2026/10/01 09:51:40,0,4146.14,100.14,276.29
6142,2026/10/01 09:51:40,500,4145.45,99.53,275.66
6143,2026/10/01 09:51:41,0,4147.5,98.24,276.1
6144,2026/10/01 09:51:41,500,4145.69,100.37,275.15
6145,2026/10/01 09:51:42,0,4146.39,100.15,276.47
6146,2026/10/01 09:51:42,500,4144.66,98.51,275.19
6147,2026/10/01 09:51:43,0,4146.62,100.87,276.3
6148,2026/10/01 09:51:43,500,4145.92,101.9,276.2
6149,2026/10/01 09:51:44,0,4148.04,99.01,276.2
6150,2026/10/01 09:51:44,500,4146.34,98.91,276.72
6151,2026/10/01 09:51:45,0,4147.84,98.85,276.21
6152,2026/10/01 09:51:45,500,4147.22,97.48,275.03
6153,2026/10/01 09:51:46,0,4147.49,103.01,275.99
6154,2026/10/01 09:51:46,500,4147.89,99.33,274.75
6155,2026/10/01 09:51:47,0,4147.52,98.71,275.66
6156,2026/10/01 09:51:47,500,4147.13,98.31,275.49
6157,2026/10/01 09:51:48,0,4147.09,99.42,276.03
6158,2026/10/01 09:51:48,500,4148.23,98.96,275.3
6159,2026/10/01 09:51:49,0,4146.39,102.16,275.32
6160,2026/10/01 09:51:49,500,4149.34,98.13,275.97
6161,2026/10/01 09:51:50,0,4148.19,97.69,276.31
6162,2026/10/01 09:51:50,500,4147.9,100.83,275.73
6163,2026/10/01 09:51:51,0,4148.47,99.84,276.89
6164,2026/10/01 09:51:51,500,4147.87,99.67,275.56
6165,2026/10/01 09:51:52,0,4148.29,100.84,276.08
6166,2026/10/01 09:51:52,500,4147.61,100.21,275.91
6167,2026/10/01 09:51:53,0,4148.9,99.93,275.57
6168,2026/10/01 09:51:53,500,4148.62,97.89,276.4
6169,2026/10/01 09:51:54,0,4148.92,97.5,275.31
6170,2026/10/01 09:51:54,500,4150.04,995.54,274.72
6171,2026/10/01 09:51:55,0,4148.3,993.03,275.69
6172,2026/10/01 09:51:55,500,4148.92,998.09,275.63
6173,2026/10/01 09:51:56,0,4147.79,97.3,276.3
6174,2026/10/01 09:51:56,500,4149.64,99.33,275.14
6175,2026/10/01 09:51:57,0,4149.27,99.74,276.03
6176,2026/10/01 09:51:57,500,4149.38,99.94,275.98
6177,2026/10/01 09:51:58,0,4149.32,100.6,275.94
6178,2026/10/01 09:51:58,500,4149.07,99.51,276.3
6179,2026/10/01 09:51:59,0,4151.62,99.0,275.77
6180,2026/10/01 09:51:59,500,4149.73,101.87,275.82
6181,2026/10/01 09:52:00,0,4150.02,99.52,276.02
6182,2026/10/01 09:52:00,500,4148.96,102.13,275.75
6183,2026/10/01 09:52:01,0,4150.66,99.51,275.12
6184,2026/10/01 09:52:01,500,4149.94,99.98,275.6
6185,2026/10/01 09:52:02,0,4150.48,99.79,275.68
6186,2026/10/01 09:52:02,500,4150.92,100.35,275.53
6187,2026/10/01 09:52:03,0,4150.2,99.37,275.66
6188,2026/10/01 09:52:03,500,4149.83,100.14,275.91
6189,2026/10/01 09:52:04,0,4148.59,102.3,275.68
6190,2026/10/01 09:52:04,500,4150.22,101.57,276.25
6191,2026/10/01 09:52:05,0,4150.07,101.58,276.26
6192,2026/10/01 09:52:05,500,4149.78,97.99,274.64
6193,2026/10/01 09:52:06,0,4151.94,98.23,275.12
6194,2026/10/01 09:52:06,500,4151.65,100.33,274.64
6195,2026/10/01 09:52:07,0,4149.48,101.16,275.7
6196,2026/10/01 09:52:07,500,4151.15,99.22,275.68
6197,2026/10/01 09:52:08,0,4150.45,98.95,275.92
6198,2026/10/01 09:52:08,500,4151.48,102.09,276.27
6199,2026/10/01 09:52:09,0,4150.63,101.03,275.83
6200,2026/10/01 09:52:09,500,4150.92,101.59,275.56
6201,2026/10/01 09:52:10,0,4152.2,99.34,275.86
6202,2026/10/01 09:52:10,500,4152.17,99.22,275.62
6203,2026/10/01 09:52:11,0,4152.8,101.42,275.13
6204,2026/10/01 09:52:11,500,4151.5,99.61,276.35
6205,2026/10/01 09:52:12,0,4150.59,99.08,276.09
6206,2026/10/01 09:52:12,500,4152.57,98.63,276.6
6207,2026/10/01 09:52:13,0,4152.66,99.23,275.26
6208,2026/10/01 09:52:13,500,4152.5,101.31,275.08
6209,2026/10/01 09:52:14,0,4151.48,97.74,275.42
6210,2026/10/01 09:52:14,500,4151.3,100.94,276.09
6211,2026/10/01 09:52:15,0,4152.66,98.94,276.33
6212,2026/10/01 09:52:15,500,4151.61,99.68,276.04
6213,2026/10/01 09:52:16,0,4152.15,99.78,275.98
6214,2026/10/01 09:52:16,500,4154.8,99.67,276.33
6215,2026/10/01 09:52:17,0,4154.26,99.57,275.68
6216,2026/10/01 09:52:17,500,4153.27,99.33,276.44
6217,2026/10/01 09:52:18,0,4152.18,99.14,276.91
6218,2026/10/01 09:52:18,500,4152.21,101.98,275.39
6219,2026/10/01 09:52:19,0,4153.44,100.04,275.8
6220,2026/10/01 09:52:19,500,4154.14,99.81,275.23
6221,2026/10/01 09:52:20,0,4152.62,99.03,275.45
6222,2026/10/01 09:52:20,500,4152.74,99.39,276.13
6223,2026/10/01 09:52:21,0,4153.25,99.04,275.09
6224,2026/10/01 09:52:21,500,4152.15,101.15,275.55
6225,2026/10/01 09:52:22,0,4152.25,98.87,276.47
6226,2026/10/01 09:52:22,500,4152.47,96.63,276.06
6227,2026/10/01 09:52:23,0,4153.93,100.09,276.34
6228,2026/10/01 09:52:23,500,4153.79,99.58,275.31
6229,2026/10/01 09:52:24,0,4154.56,99.12,275.99
6230,2026/10/01 09:52:24,500,4152.33,101.37,276.9
6231,2026/10/01 09:52:25,0,4152.59,95.9,275.63
6232,2026/10/01 09:52:25,500,4154.24,102.36,275.72
6233,2026/10/01 09:52:26,0,4153.26,101.58,276.26
6234,2026/10/01 09:52:26,500,4153.39,99.06,275.52
6235,2026/10/01 09:52:27,0,4154.92,99.32,276.34
6236,2026/10/01 09:52:27,500,4153.74,100.76,275.08
6237,2026/10/01 09:52:28,0,4153.91,100.8,274.77
6238,2026/10/01 09:52:28,500,4154.14,99.05,276.15
6239,2026/10/01 09:52:29,0,4154.26,97.57,275.5
6240,2026/10/01 09:52:29,500,4155.04,103.17,275.71
6241,2026/10/01 09:52:30,0,4153.6,101.43,276.44
6242,2026/10/01 09:52:30,500,4154.49,100.24,276.31
6243,2026/10/01 09:52:31,0,4155.65,100.26,275.39
6244,2026/10/01 09:52:31,500,4156.5,100.93,276.27
6245,2026/10/01 09:52:32,0,4153.78,101.11,275.86
6246,2026/10/01 09:52:32,500,4155.21,96.87,276.22
6247,2026/10/01 09:52:33,0,4154.86,99.47,276.01
6248,2026/10/01 09:52:33,500,4155.01,99.32,275.27
6249,2026/10/01 09:52:34,0,4154.53,99.76,275.67
6250,2026/10/01 09:52:34,500,4155.85,101.16,274.82
6251,2026/10/01 09:52:35,0,4155.88,97.31,276.12
6252,2026/10/01 09:52:35,500,4157.41,97.98,276.23
6253,2026/10/01 09:52:36,0,4154.41,98.98,275.69
6254,2026/10/01 09:52:36,500,4154.14,100.23,275.98
6255,2026/10/01 09:52:37,0,4157.26,101.25,275.56
6256,2026/10/01 09:52:37,500,4155.64,102.45,276.68
6257,2026/10/01 09:52:38,0,4155.39,99.57,275.41
6258,2026/10/01 09:52:38,500,4155.98,101.25,275.9
6259,2026/10/01 09:52:39,0,4154.79,101.07,275.41
6260,2026/10/01 09:52:39,500,4156.28,100.81,276.18
6261,2026/10/01 09:52:40,0,4155.99,99.96,276.58
6262,2026/10/01 09:52:40,500,4156.99,99.4,275.03
6263,2026/10/01 09:52:41,0,4156.89,98.4,276.4
6264,2026/10/01 09:52:41,500,4157.03,98.3,276.89
6265,2026/10/01 09:52:42,0,4156.5,100.52,276.14
6266,2026/10/01 09:52:42,500,4157.7,99.92,275.74
6267,2026/10/01 09:52:43,0,4156.95,99.38,276.06
6268,2026/10/01 09:52:43,500,4156.14,101.0,275.81
6269,2026/10/01 09:52:44,0,4155.99,99.7,277.07
6270,2026/10/01 09:52:44,500,4156.15,98.63,276.51
6271,2026/10/01 09:52:45,0,4157.25,99.6,276.55
6272,2026/10/01 09:52:45,500,4155.79,101.23,277.18
6273,2026/10/01 09:52:46,0,4157.05,98.46,276.78
6274,2026/10/01 09:52:46,500,4156.33,100.31,276.05
6275,2026/10/01 09:52:47,0,4156.07,99.92,276.12
6276,2026/10/01 09:52:47,500,4156.27,98.86,277.29
6277,2026/10/01 09:52:48,0,4157.19,99.56,275.75
6278,2026/10/01 09:52:48,500,4157.89,97.64,276.03
6279,2026/10/01 09:52:49,0,4156.81,100.16,275.62
6280,2026/10/01 09:52:49,500,4155.76,97.95,275.22
6281,2026/10/01 09:52:50,0,4160.02,101.61,275.69
6282,2026/10/01 09:52:50,500,4158.46,99.86,275.7
6283,2026/10/01 09:52:51,0,4158.38,99.14,275.82
6284,2026/10/01 09:52:51,500,4159.01,101.74,276.45
6285,2026/10/01 09:52:52,0,4157.85,98.45,276.14
6286,2026/10/01 09:52:52,500,4157.74,98.88,276.65
6287,2026/10/01 09:52:53,0,4159.0,97.26,276.22
6288,2026/10/01 09:52:53,500,4159.07,101.96,276.24
6289,2026/10/01 09:52:54,0,4158.55,102.81,276.01
6290,2026/10/01 09:52:54,500,4158.83,97.49,277.13
6291,2026/10/01 09:52:55,0,4157.21,98.78,275.95
6292,2026/10/01 09:52:55,500,4158.06,100.1,276.62
6293,2026/10/01 09:52:56,0,4159.7,99.23,275.58
6294,2026/10/01 09:52:56,500,4159.05,99.95,276.05
6295,2026/10/01 09:52:57,0,4157.31,99.82,277.18
6296,2026/10/01 09:52:57,500,4158.12,100.61,276.52
6297,2026/10/01 09:52:58,0,4159.85,98.56,275.48
6298,2026/10/01 09:52:58,500,4159.05,100.29,275.67
6299,2026/10/01 09:52:59,0,4158.9,98.33,276.99
6300,2026/10/01 09:52:59,500,4158.99,99.38,276.23
6301,2026/10/01 09:53:00,0,4158.82,97.39,276.06
6302,2026/10/01 09:53:00,500,4158.54,99.39,275.81
6303,2026/10/01 09:53:01,0,4158.36,99.14,276.04
6304,2026/10/01 09:53:01,500,4159.9,101.42,276.91
6305,2026/10/01 09:53:02,0,4159.35,99.91,275.86
6306,2026/10/01 09:53:02,500,4159.8,100.18,275.91
6307,2026/10/01 09:53:03,0,4159.73,99.97,276.51
6308,2026/10/01 09:53:03,500,4160.49,96.81,275.7
6309,2026/10/01 09:53:04,0,4159.8,97.0,275.75
6310,2026/10/01 09:53:04,500,4160.16,99.52,276.22
6311,2026/10/01 09:53:05,0,4159.7,100.42,276.24
6312,2026/10/01 09:53:05,500,4158.88,99.65,275.82
6313,2026/10/01 09:53:06,0,4159.52,98.7,276.47
6314,2026/10/01 09:53:06,500,4160.24,99.64,276.34
6315,2026/10/01 09:53:07,0,4160.38,99.51,275.25
6316,2026/10/01 09:53:07,500,4161.06,101.17,276.63
6317,2026/10/01 09:53:08,0,4159.6,101.08,275.96
6318,2026/10/01 09:53:08,500,4160.22,99.17,276.65
6319,2026/10/01 09:53:09,0,4160.0,99.93,277.29
6320,2026/10/01 09:53:09,500,4161.47,100.41,276.22
6321,2026/10/01 09:53:10,0,4160.54,100.64,275.93
6322,2026/10/01 09:53:10,500,4160.62,102.48,276.95
6323,2026/10/01 09:53:11,0,4160.34,99.96,275.84
6324,2026/10/01 09:53:11,500,4160.25,101.75,277.21
6325,2026/10/01 09:53:12,0,4159.34,98.26,276.04
6326,2026/10/01 09:53:12,500,4159.56,99.04,275.96
6327,2026/10/01 09:53:13,0,4160.77,96.8,277.46
6328,2026/10/01 09:53:13,500,4160.74,100.23,276.46
6329,2026/10/01 09:53:14,0,4160.91,100.97,277.09
6330,2026/10/01 09:53:14,500,4161.58,96.17,276.27
6331,2026/10/01 09:53:15,0,4160.97,100.28,276.24
6332,2026/10/01 09:53:15,500,4160.68,100.91,274.83
6333,2026/10/01 09:53:16,0,4160.86,100.82,276.8
6334,2026/10/01 09:53:16,500,4161.28,98.21,276.49
6335,2026/10/01 09:53:17,0,4160.85,101.16,276.24
6336,2026/10/01 09:53:17,500,4162.07,100.01,276.6
6337,2026/10/01 09:53:18,0,4161.27,100.89,276.32
6338,2026/10/01 09:53:18,500,4161.55,99.81,275.84
6339,2026/10/01 09:53:19,0,4160.76,100.57,276.49
6340,2026/10/01 09:53:19,500,4162.33,101.66,276.22
6341,2026/10/01 09:53:20,0,4162.69,99.69,276.69
6342,2026/10/01 09:53:20,500,4160.51,100.43,276.18
6343,2026/10/01 09:53:21,0,4161.99,101.87,276.09
6344,2026/10/01 09:53:21,500,4161.65,99.8,276.06
6345,2026/10/01 09:53:22,0,4162.02,98.31,275.89
6346,2026/10/01 09:53:22,500,4162.22,101.01,276.07
6347,2026/10/01 09:53:23,0,4160.13,102.15,276.55
6348,2026/10/01 09:53:23,500,4162.59,101.93,275.96
6349,2026/10/01 09:53:24,0,4162.94,101.07,275.75
6350,2026/10/01 09:53:24,500,4163.09,96.48,276.74
6351,2026/10/01 09:53:25,0,4161.42,99.05,276.28
6352,2026/10/01 09:53:25,500,4162.21,99.12,276.74
6353,2026/10/01 09:53:26,0,4161.87,100.07,276.24
6354,2026/10/01 09:53:26,500,4160.83,102.53,276.07
6355,2026/10/01 09:53:27,0,4161.93,98.38,275.49
6356,2026/10/01 09:53:27,500,4161.62,103.36,275.8
6357,2026/10/01 09:53:28,0,4162.82,99.43,275.93
6358,2026/10/01 09:53:28,500,4161.31,98.85,276.51
6359,2026/10/01 09:53:29,0,4161.89,101.27,276.32
6360,2026/10/01 09:53:29,500,4162.32,101.39,275.86
6361,2026/10/01 09:53:30,0,4163.42,100.97,274.99
6362,2026/10/01 09:53:30,500,4165.08,98.85,276.61
6363,2026/10/01 09:53:31,0,4163.17,100.75,276.82
6364,2026/10/01 09:53:31,500,4162.16,98.45,276.87
6365,2026/10/01 09:53:32,0,4162.5,98.8,275.91
6366,2026/10/01 09:53:32,500,4163.64,99.86,276.91
6367,2026/10/01 09:53:33,0,4162.09,98.77,276.68
6368,2026/10/01 09:53:33,500,4164.11,101.58,276.68
6369,2026/10/01 09:53:34,0,4163.51,99.13,276.1
6370,2026/10/01 09:53:34,500,4163.25,99.67,276.34
6371,2026/10/01 09:53:35,0,4162.07,98.68,277.32
6372,2026/10/01 09:53:35,500,4164.21,101.56,277.25
6373,2026/10/01 09:53:36,0,4162.93,99.0,276.39
6374,2026/10/01 09:53:36,500,4163.72,101.71,276.51
6375,2026/10/01 09:53:37,0,4163.53,101.6,275.32
6376,2026/10/01 09:53:37,500,4162.45,99.33,277.03
6377,2026/10/01 09:53:38,0,4163.59,100.04,276.8
6378,2026/10/01 09:53:38,500,4162.87,99.29,276.6
6379,2026/10/01 09:53:39,0,4163.38,100.82,276.13
6380,2026/10/01 09:53:39,500,4164.31,99.71,276.47
6381,2026/10/01 09:53:40,0,4164.58,99.37,277.17
6382,2026/10/01 09:53:40,500,4164.07,100.07,276.62
6383,2026/10/01 09:53:41,0,4163.43,97.63,277.76
6384,2026/10/01 09:53:41,500,4163.68,99.89,276.85
6385,2026/10/01 09:53:42,0,4163.73,100.97,275.99
6386,2026/10/01 09:53:42,500,4162.61,100.21,276.25
6387,2026/10/01 09:53:43,0,4164.44,101.43,276.1
6388,2026/10/01 09:53:43,500,4163.1,99.43,276.89
6389,2026/10/01 09:53:44,0,4164.56,99.31,277.04
6390,2026/10/01 09:53:44,500,4163.39,98.32,277.32
6391,2026/10/01 09:53:45,0,4163.65,99.39,276.3
6392,2026/10/01 09:53:45,500,4165.21,102.95,276.71
6393,2026/10/01 09:53:46,0,4164.75,100.41,277.11
6394,2026/10/01 09:53:46,500,4163.28,99.12,277.25
6395,2026/10/01 09:53:47,0,4164.4,98.49,275.86
6396,2026/10/01 09:53:47,500,4165.12,97.6,276.79
6397,2026/10/01 09:53:48,0,4164.47,98.75,275.89
6398,2026/10/01 09:53:48,500,4164.75,101.14,276.19
6399,2026/10/01 09:53:49,0,4165.28,99.36,275.84
6400,2026/10/01 09:53:49,500,4165.18,98.56,276.18
6401,2026/10/01 09:53:50,0,4164.41,98.73,275.77
6402,2026/10/01 09:53:50,500,4165.28,100.97,275.91
6403,2026/10/01 09:53:51,0,4165.09,99.88,276.05
6404,2026/10/01 09:53:51,500,4166.75,99.06,276.66
6405,2026/10/01 09:53:52,0,4165.35,99.54,276.53
6406,2026/10/01 09:53:52,500,4165.6,103.31,275.69
6407,2026/10/01 09:53:53,0,4165.75,101.83,277.89
6408,2026/10/01 09:53:53,500,4165.35,102.2,276.27
6409,2026/10/01 09:53:54,0,4165.08,97.37,275.86
6410,2026/10/01 09:53:54,500,4166.09,99.77,276.82
6411,2026/10/01 09:53:55,0,4166.15,99.03,276.52
6412,2026/10/01 09:53:55,500,4167.5,100.82,276.12
6413,2026/10/01 09:53:56,0,4166.48,101.59,276.73
6414,2026/10/01 09:53:56,500,4166.55,100.49,276.2
6415,2026/10/01 09:53:57,0,4166.58,98.69,276.39
6416,2026/10/01 09:53:57,500,4165.51,99.01,277.27
6417,2026/10/01 09:53:58,0,4165.11,100.93,276.61
6418,2026/10/01 09:53:58,500,4165.37,101.08,276.85
6419,2026/10/01 09:53:59,0,4166.78,100.21,276.29
6420,2026/10/01 09:53:59,500,4167.42,100.19,276.63
6421,2026/10/01 09:54:00,0,4166.93,100.08,276.17
6422,2026/10/01 09:54:00,500,4166.26,100.4,276.15
6423,2026/10/01 09:54:01,0,4167.79,101.07,276.36
6424,2026/10/01 09:54:01,500,4166.15,100.95,276.22
6425,2026/10/01 09:54:02,0,4165.65,100.04,277.09
6426,2026/10/01 09:54:02,500,4166.82,99.93,276.86
6427,2026/10/01 09:54:03,0,4167.71,99.87,275.43
6428,2026/10/01 09:54:03,500,4166.06,98.83,277.44
6429,2026/10/01 09:54:04,0,4165.42,98.81,276.9
6430,2026/10/01 09:54:04,500,4166.87,100.82,277.15
6431,2026/10/01 09:54:05,0,4167.51,98.93,276.5
6432,2026/10/01 09:54:05,500,4164.58,101.22,275.84
6433,2026/10/01 09:54:06,0,4167.79,99.92,275.93
6434,2026/10/01 09:54:06,500,4165.97,101.23,277.45
6435,2026/10/01 09:54:07,0,4167.7,100.96,275.78
6436,2026/10/01 09:54:07,500,4165.57,101.26,275.88
6437,2026/10/01 09:54:08,0,4166.05,99.29,276.38
6438,2026/10/01 09:54:08,500,4167.78,994.54,275.91
6439,2026/10/01 09:54:09,0,4168.31,998.22,276.87
6440,2026/10/01 09:54:09,500,4167.38,999.89,276.92
6441,2026/10/01 09:54:10,0,4169.36,102.55,276.82
6442,2026/10/01 09:54:10,500,4166.68,103.4,276.31
6443,2026/10/01 09:54:11,0,4166.72,101.42,276.76
6444,2026/10/01 09:54:11,500,4167.36,101.21,277.51
6445,2026/10/01 09:54:12,0,4167.38,100.88,275.91
6446,2026/10/01 09:54:12,500,4167.94,99.51,277.18
6447,2026/10/01 09:54:13,0,4167.17,99.83,277.03
6448,2026/10/01 09:54:13,500,4168.28,101.45,276.58
6449,2026/10/01 09:54:14,0,4168.31,98.54,276.72
6450,2026/10/01 09:54:14,500,4169.22,98.41,276.82
6451,2026/10/01 09:54:15,0,4167.59,99.4,276.15
6452,2026/10/01 09:54:15,500,4168.31,100.98,275.83
6453,2026/10/01 09:54:16,0,4168.57,98.7,277.1
6454,2026/10/01 09:54:16,500,4168.14,99.66,276.03
6455,2026/10/01 09:54:17,0,4168.03,99.84,276.11
6456,2026/10/01 09:54:17,500,4166.6,98.48,276.4
6457,2026/10/01 09:54:18,0,4168.37,96.34,276.8
6458,2026/10/01 09:54:18,500,4168.83,98.46,276.41
6459,2026/10/01 09:54:19,0,4168.36,100.39,276.3
6460,2026/10/01 09:54:19,500,4167.83,100.73,277.14
6461,2026/10/01 09:54:20,0,4167.17,100.74,276.5
6462,2026/10/01 09:54:20,500,4168.93,100.91,276.27
6463,2026/10/01 09:54:21,0,4168.64,99.06,276.87
6464,2026/10/01 09:54:21,500,4169.78,98.74,276.71
6465,2026/10/01 09:54:22,0,4167.56,100.56,276.69
6466,2026/10/01 09:54:22,500,4168.4,99.68,276.9
6467,2026/10/01 09:54:23,0,4167.77,101.36,276.62
6468,2026/10/01 09:54:23,500,4169.7,100.57,277.11
6469,2026/10/01 09:54:24,0,4169.92,101.93,275.98
6470,2026/10/01 09:54:24,500,4170.52,99.3,277.31
6471,2026/10/01 09:54:25,0,4169.45,101.6,276.24
6472,2026/10/01 09:54:25,500,4169.71,103.05,275.88
6473,2026/10/01 09:54:26,0,4169.48,100.08,276.31
6474,2026/10/01 09:54:26,500,4169.64,100.75,276.53
6475,2026/10/01 09:54:27,0,4169.28,98.6,276.34
6476,2026/10/01 09:54:27,500,4169.78,101.34,276.23
6477,2026/10/01 09:54:28,0,4171.05,101.69,277.22
6478,2026/10/01 09:54:28,500,4169.57,99.26,276.28
6479,2026/10/01 09:54:29,0,4169.46,100.88,275.59
6480,2026/10/01 09:54:29,500,4169.65,100.42,276.55
6481,2026/10/01 09:54:30,0,4169.42,100.59,277.75
6482,2026/10/01 09:54:30,500,4169.79,101.22,276.19
6483,2026/10/01 09:54:31,0,4169.5,100.78,276.28
6484,2026/10/01 09:54:31,500,4170.61,99.79,276.53
6485,2026/10/01 09:54:32,0,4170.58,101.25,277.51
6486,2026/10/01 09:54:32,500,4171.53,101.67,276.56
6487,2026/10/01 09:54:33,0,4169.83,99.17,276.23
6488,2026/10/01 09:54:33,500,4170.13,100.0,276.92
6489,2026/10/01 09:54:34,0,4170.14,97.35,276.89
6490,2026/10/01 09:54:34,500,4170.16,100.88,276.99
6491,2026/10/01 09:54:35,0,4170.95,101.83,276.22
6492,2026/10/01 09:54:35,500,4168.8,99.61,276.47
6493,2026/10/01 09:54:36,0,4170.52,100.2,277.32
6494,2026/10/01 09:54:36,500,4171.79,99.67,276.96
6495,2026/10/01 09:54:37,0,4171.34,99.42,277.17
6496,2026/10/01 09:54:37,500,4171.29,100.35,276.74
6497,2026/10/01 09:54:38,0,4171.02,98.82,277.3
6498,2026/10/01 09:54:38,500,4169.92,99.65,276.92
6499,2026/10/01 09:54:39,0,4169.84,98.64,276.51
6500,2026/10/01 09:54:39,500,4169.9,100.88,277.15
6501,2026/10/01 09:54:40,0,4169.63,100.36,276.34
6502,2026/10/01 09:54:40,500,4171.35,99.35,277.55
6503,2026/10/01 09:54:41,0,4171.81,100.06,277.29
6504,2026/10/01 09:54:41,500,4171.04,99.67,276.64
6505,2026/10/01 09:54:42,0,4171.38,101.72,276.7
6506,2026/10/01 09:54:42,500,4171.02,99.34,276.86
6507,2026/10/01 09:54:43,0,4171.29,100.95,276.71
6508,2026/10/01 09:54:43,500,4169.19,98.94,277.46
6509,2026/10/01 09:54:44,0,4171.18,101.22,276.53
6510,2026/10/01 09:54:44,500,4170.64,101.56,276.05
6511,2026/10/01 09:54:45,0,4171.0,101.63,276.68
6512,2026/10/01 09:54:45,500,4171.26,102.21,277.18
6513,2026/10/01 09:54:46,0,4170.55,100.44,277.32
6514,2026/10/01 09:54:46,500,4170.31,101.86,276.87
6515,2026/10/01 09:54:47,0,4170.62,102.44,276.5
6516,2026/10/01 09:54:47,500,4170.11,98.32,276.8
6517,2026/10/01 09:54:48,0,4170.39,99.1,276.49
6518,2026/10/01 09:54:48,500,4170.55,97.76,275.67
6519,2026/10/01 09:54:49,0,4170.26,101.59,276.4
6520,2026/10/01 09:54:49,500,4171.88,97.74,277.08
6521,2026/10/01 09:54:50,0,4170.79,97.33,276.7
6522,2026/10/01 09:54:50,500,4170.06,98.35,276.68
6523,2026/10/01 09:54:51,0,4171.28,97.39,277.39
6524,2026/10/01 09:54:51,500,4170.76,100.41,276.36
6525,2026/10/01 09:54:52,0,4172.86,98.37,276.41
6526,2026/10/01 09:54:52,500,4171.85,97.46,277.01
6527,2026/10/01 09:54:53,0,4170.62,99.94,276.49
6528,2026/10/01 09:54:53,500,4172.29,100.03,276.49
6529,2026/10/01 09:54:54,0,4171.95,97.2,277.63
6530,2026/10/01 09:54:54,500,4171.74,98.93,276.32
6531,2026/10/01 09:54:55,0,4173.24,99.89,276.49
6532,2026/10/01 09:54:55,500,4171.25,99.46,277.08
6533,2026/10/01 09:54:56,0,4172.9,99.51,276.84
6534,2026/10/01 09:54:56,500,4171.79,101.77,276.18
6535,2026/10/01 09:54:57,0,4172.15,103.22,277.76
6536,2026/10/01 09:54:57,500,4171.61,99.53,276.47
6537,2026/10/01 09:54:58,0,4171.71,98.02,276.75
6538,2026/10/01 09:54:58,500,4171.96,99.65,277.09
6539,2026/10/01 09:54:59,0,4170.83,100.29,277.96
6540,2026/10/01 09:54:59,500,4172.67,99.92,276.68
6541,2026/10/01 09:55:00,0,4170.52,0.92,276.4
6542,2026/10/01 09:55:00,500,4167.28,3.32,277.08
6543,2026/10/01 09:55:01,0,4167.06,-2.57,277.86
6544,2026/10/01 09:55:01,500,4165.75,-0.76,276.86
6545,2026/10/01 09:55:02,0,4162.12,2.31,276.63
6546,2026/10/01 09:55:02,500,4160.1,-0.78,276.94
6547,2026/10/01 09:55:03,0,4159.71,1.18,275.69
6548,2026/10/01 09:55:03,500,4157.23,0.95,276.39
6549,2026/10/01 09:55:04,0,4154.9,1.86,275.77
6550,2026/10/01 09:55:04,500,4153.77,2.87,276.48
6551,2026/10/01 09:55:05,0,4151.45,0.5,276.38
6552,2026/10/01 09:55:05,500,4150.5,-2.62,275.29
6553,2026/10/01 09:55:06,0,4147.48,-1.05,276.68
6554,2026/10/01 09:55:06,500,4145.97,3.28,276.88
6555,2026/10/01 09:55:07,0,4144.65,-2.12,276.45
6556,2026/10/01 09:55:07,500,4139.97,0.75,275.76
6557,2026/10/01 09:55:08,0,4141.0,-3.77,277.14
6558,2026/10/01 09:55:08,500,4137.86,-2.03,277.43
6559,2026/10/01 09:55:09,0,4136.84,1.33,276.66
6560,2026/10/01 09:55:09,500,4135.96,0.05,276.26
6561,2026/10/01 09:55:10,0,4132.57,-0.56,276.24
6562,2026/10/01 09:55:10,500,4130.65,-1.22,276.61
6563,2026/10/01 09:55:11,0,4129.18,-2.99,276.42
6564,2026/10/01 09:55:11,500,4126.28,1.04,276.57
6565,2026/10/01 09:55:12,0,4127.42,-0.42,276.55
6566,2026/10/01 09:55:12,500,4123.86,-2.28,275.94
6567,2026/10/01 09:55:13,0,4123.45,0.05,275.87
6568,2026/10/01 09:55:13,500,4120.11,0.87,276.12
6569,2026/10/01 09:55:14,0,4118.66,-0.3,276.47
6570,2026/10/01 09:55:14,500,4117.64,0.17,275.44
6571,2026/10/01 09:55:15,0,4114.27,0.06,276.08
6572,2026/10/01 09:55:15,500,4113.35,-1.06,276.16
6573,2026/10/01 09:55:16,0,4112.43,0.08,275.91
6574,2026/10/01 09:55:16,500,4109.83,1.1,276.83
6575,2026/10/01 09:55:17,0,4107.91,1.55,276.72
6576,2026/10/01 09:55:17,500,4107.49,1.19,276.29
6577,2026/10/01 09:55:18,0,4106.03,-1.01,276.95
6578,2026/10/01 09:55:18,500,4104.47,0.95,276.48
6579,2026/10/01 09:55:19,0,4101.0,0.7,276.09
6580,2026/10/01 09:55:19,500,4099.41,-1.06,275.76
6581,2026/10/01 09:55:20,0,4097.83,-0.7,275.78
6582,2026/10/01 09:55:20,500,4097.13,1.02,276.15
6583,2026/10/01 09:55:21,0,4093.95,2.07,275.75
6584,2026/10/01 09:55:21,500,4092.35,-2.72,275.15
6585,2026/10/01 09:55:22,0,4091.06,2.46,275.7
6586,2026/10/01 09:55:22,500,4089.25,1.75,276.38
6587,2026/10/01 09:55:23,0,4089.09,0.3,274.56
6588,2026/10/01 09:55:23,500,4087.42,-0.36,276.53
6589,2026/10/01 09:55:24,0,4084.77,0.59,276.09
6590,2026/10/01 09:55:24,500,4083.4,-0.96,275.67
6591,2026/10/01 09:55:25,0,4079.93,-0.27,275.91
6592,2026/10/01 09:55:25,500,4080.01,-2.21,276.22
6593,2026/10/01 09:55:26,0,4079.79,-2.61,275.74
6594,2026/10/01 09:55:26,500,4076.81,3.5,276.17
6595,2026/10/01 09:55:27,0,4074.77,0.09,276.1
6596,2026/10/01 09:55:27,500,4075.19,0.31,275.74
6597,2026/10/01 09:55:28,0,4071.64,-0.05,275.08
6598,2026/10/01 09:55:28,500,4072.22,-1.24,275.56
6599,2026/10/01 09:55:29,0,4071.75,-0.46,274.57
6600,2026/10/01 09:55:29,500,4067.81,0.14,275.79
6601,2026/10/01 09:55:30,0,4067.37,-0.29,275.34
6602,2026/10/01 09:55:30,500,4063.51,-1.13,275.22
6603,2026/10/01 09:55:31,0,4061.96,0.72,275.83
6604,2026/10/01 09:55:31,500,4061.18,0.28,274.85
6605,2026/10/01 09:55:32,0,4060.97,0.59,275.52
6606,2026/10/01 09:55:32,500,4058.82,1.06,275.27
6607,2026/10/01 09:55:33,0,4057.18,-0.26,275.33
6608,2026/10/01 09:55:33,500,4054.81,-0.25,275.54
6609,2026/10/01 09:55:34,0,4054.26,2.22,276.29
6610,2026/10/01 09:55:34,500,4052.37,-1.42,275.56
6611,2026/10/01 09:55:35,0,4050.68,-2.81,276.02
6612,2026/10/01 09:55:35,500,4049.15,0.83,276.01
6613,2026/10/01 09:55:36,0,4048.66,-0.94,275.68
6614,2026/10/01 09:55:36,500,4046.48,-1.62,274.35
6615,2026/10/01 09:55:37,0,4045.61,1.33,275.13
6616,2026/10/01 09:55:37,500,4042.76,-0.22,274.69
6617,2026/10/01 09:55:38,0,4043.15,-1.9,276.64
6618,2026/10/01 09:55:38,500,4041.51,2.9,274.69
6619,2026/10/01 09:55:39,0,4039.71,-2.42,274.42
6620,2026/10/01 09:55:39,500,4038.62,-0.13,273.76
6621,2026/10/01 09:55:40,0,4037.83,-2.83,274.61
6622,2026/10/01 09:55:40,500,4034.52,0.41,275.17
6623,2026/10/01 09:55:41,0,4034.34,-0.96,275.63
6624,2026/10/01 09:55:41,500,4031.85,1.23,274.53
6625,2026/10/01 09:55:42,0,4031.58,-0.03,275.63
6626,2026/10/01 09:55:42,500,4029.92,2.03,274.99
6627,2026/10/01 09:55:43,0,4028.74,-0.64,274.76
6628,2026/10/01 09:55:43,500,4028.07,-2.41,275.07
6629,2026/10/01 09:55:44,0,4026.68,0.36,275.67
6630,2026/10/01 09:55:44,500,4025.54,-0.38,274.96
6631,2026/10/01 09:55:45,0,4023.01,-2.73,274.36
6632,2026/10/01 09:55:45,500,4022.54,-1.58,275.11
6633,2026/10/01 09:55:46,0,4021.04,-1.11,275.08
6634,2026/10/01 09:55:46,500,4019.01,2.33,274.76
6635,2026/10/01 09:55:47,0,4018.07,1.06,275.35
6636,2026/10/01 09:55:47,500,4016.55,-0.52,273.67
6637,2026/10/01 09:55:48,0,4016.46,0.71,274.97
6638,2026/10/01 09:55:48,500,4014.68,-3.06,275.16
6639,2026/10/01 09:55:49,0,4012.45,-0.85,274.03
6640,2026/10/01 09:55:49,500,4011.1,0.6,273.99
6641,2026/10/01 09:55:50,0,4010.89,0.25,275.21
6642,2026/10/01 09:55:50,500,4009.91,-0.81,275.28
6643,2026/10/01 09:55:51,0,4007.81,-0.06,275.35
6644,2026/10/01 09:55:51,500,4006.8,0.51,274.3
6645,2026/10/01 09:55:52,0,4006.04,-0.01,274.73
6646,2026/10/01 09:55:52,500,4003.59,1.29,274.77
6647,2026/10/01 09:55:53,0,4002.54,0.48,273.73
6648,2026/10/01 09:55:53,500,4001.6,0.77,274.65
6649,2026/10/01 09:55:54,0,3999.62,2.57,274.62
6650,2026/10/01 09:55:54,500,4000.07,1.24,274.9
6651,2026/10/01 09:55:55,0,3997.12,2.61,274.22
6652,2026/10/01 09:55:55,500,3996.28,-1.01,275.11
6653,2026/10/01 09:55:56,0,3996.54,-2.39,274.51
6654,2026/10/01 09:55:56,500,3992.29,-0.21,275.3
6655,2026/10/01 09:55:57,0,3992.73,-0.34,274.8
6656,2026/10/01 09:55:57,500,3990.81,2.19,274.54
6657,2026/10/01 09:55:58,0,3990.13,-1.7,273.79
6658,2026/10/01 09:55:58,500,3987.96,-0.12,273.7
6659,2026/10/01 09:55:59,0,3987.42,0.61,275.14
6660,2026/10/01 09:55:59,500,3986.54,0.15,274.76
6661,2026/10/01 09:56:00,0,3985.52,-0.26,274.16
6662,2026/10/01 09:56:00,500,3984.86,0.54,274.07
6663,2026/10/01 09:56:01,0,3981.1,1.62,274.37
6664,2026/10/01 09:56:01,500,3981.69,2.3,273.57
6665,2026/10/01 09:56:02,0,3980.48,0.05,273.99
6666,2026/10/01 09:56:02,500,3979.4,-1.22,274.51
6667,2026/10/01 09:56:03,0,3978.31,2.3,274.55
6668,2026/10/01 09:56:03,500,3976.47,-1.62,273.98
6669,2026/10/01 09:56:04,0,3974.74,2.69,274.94
6670,2026/10/01 09:56:04,500,3975.0,2.02,274.64
6671,2026/10/01 09:56:05,0,3972.89,2.23,273.72
6672,2026/10/01 09:56:05,500,3972.87,1.03,273.44
6673,2026/10/01 09:56:06,0,3970.67,-3.17,274.36
6674,2026/10/01 09:56:06,500,3970.84,-1.56,273.82
6675,2026/10/01 09:56:07,0,3969.12,0.46,273.7
6676,2026/10/01 09:56:07,500,3968.06,-1.01,274.11
6677,2026/10/01 09:56:08,0,3966.73,-0.47,274.34
6678,2026/10/01 09:56:08,500,3965.49,-994.34,274.36
6679,2026/10/01 09:56:09,0,3964.53,-994.2,273.97
6680,2026/10/01 09:56:09,500,3964.56,-994.86,272.77
6681,2026/10/01 09:56:10,0,3961.29,1.33,274.38
6682,2026/10/01 09:56:10,500,3960.91,0.77,273.48
6683,2026/10/01 09:56:11,0,3961.18,-0.37,274.02
6684,2026/10/01 09:56:11,500,3959.91,1.07,273.78
6685,2026/10/01 09:56:12,0,3959.25,0.14,274.94
6686,2026/10/01 09:56:12,500,3957.06,2.0,274.83
6687,2026/10/01 09:56:13,0,3954.98,0.23,273.55
6688,2026/10/01 09:56:13,500,3954.09,1.99,273.09
6689,2026/10/01 09:56:14,0,3953.67,-2.81,273.11
6690,2026/10/01 09:56:14,500,3953.46,0.69,273.86
6691,2026/10/01 09:56:15,0,3951.6,-0.6,273.43
6692,2026/10/01 09:56:15,500,3950.49,-1.29,273.13
6693,2026/10/01 09:56:16,0,3950.03,1.74,273.4
6694,2026/10/01 09:56:16,500,3948.7,1.33,273.87
6695,2026/10/01 09:56:17,0,3947.29,-3.01,273.58
6696,2026/10/01 09:56:17,500,3945.81,1.07,273.36
6697,2026/10/01 09:56:18,0,3946.34,0.89,273.41
6698,2026/10/01 09:56:18,500,3945.4,-1.08,273.48
6699,2026/10/01 09:56:19,0,3942.7,-1.25,273.66
6700,2026/10/01 09:56:19,500,3942.21,-2.39,273.67
6701,2026/10/01 09:56:20,0,3942.06,-0.51,272.68
6702,2026/10/01 09:56:20,500,3939.61,-0.27,273.57
6703,2026/10/01 09:56:21,0,3939.82,1.2,273.29
6704,2026/10/01 09:56:21,500,3938.27,0.4,272.94
6705,2026/10/01 09:56:22,0,3936.56,-1.59,273.24
6706,2026/10/01 09:56:22,500,3937.97,0.36,273.99
6707,2026/10/01 09:56:23,0,3935.29,-0.38,273.79
6708,2026/10/01 09:56:23,500,3935.0,-1.4,273.42
6709,2026/10/01 09:56:24,0,3932.71,-2.38,272.9
6710,2026/10/01 09:56:24,500,3933.88,0.94,272.65
6711,2026/10/01 09:56:25,0,3933.23,0.67,272.84
6712,2026/10/01 09:56:25,500,3929.51,0.84,273.3
6713,2026/10/01 09:56:26,0,3929.62,-1.09,273.29
6714,2026/10/01 09:56:26,500,3929.86,0.26,272.93
6715,2026/10/01 09:56:27,0,3927.47,-2.06,273.67
6716,2026/10/01 09:56:27,500,3927.22,-1.48,273.41
6717,2026/10/01 09:56:28,0,3924.61,0.05,271.87
6718,2026/10/01 09:56:28,500,3924.38,0.39,273.23
6719,2026/10/01 09:56:29,0,3924.32,-2.44,273.53
6720,2026/10/01 09:56:29,500,3922.67,-1.59,273.24
6721,2026/10/01 09:56:30,0,3921.93,-0.55,273.41
6722,2026/10/01 09:56:30,500,3920.08,1.44,272.97
6723,2026/10/01 09:56:31,0,3920.9,-1.22,273.05
6724,2026/10/01 09:56:31,500,3918.38,0.21,273.04
6725,2026/10/01 09:56:32,0,3919.78,0.37,273.13
6726,2026/10/01 09:56:32,500,3917.09,-0.37,272.73
6727,2026/10/01 09:56:33,0,3917.37,0.4,273.55
6728,2026/10/01 09:56:33,500,3916.39,-2.02,273.69
6729,2026/10/01 09:56:34,0,3914.14,-0.98,272.7
6730,2026/10/01 09:56:34,500,3913.58,2.15,272.36
6731,2026/10/01 09:56:35,0,3912.78,2.26,272.25
6732,2026/10/01 09:56:35,500,3911.95,1.26,273.11
6733,2026/10/01 09:56:36,0,3910.34,1.65,273.18
6734,2026/10/01 09:56:36,500,3910.93,-2.74,273.07
6735,2026/10/01 09:56:37,0,3909.07,-1.42,273.1
6736,2026/10/01 09:56:37,500,3908.66,-0.47,272.55
6737,2026/10/01 09:56:38,0,3908.69,3.62,271.82
6738,2026/10/01 09:56:38,500,3907.48,-0.47,272.54
6739,2026/10/01 09:56:39,0,3905.66,1.12,273.6
6740,2026/10/01 09:56:39,500,3906.14,0.57,272.89
6741,2026/10/01 09:56:40,0,3904.98,0.53,272.95
6742,2026/10/01 09:56:40,500,3903.03,-0.04,273.17
6743,2026/10/01 09:56:41,0,3902.34,-1.8,272.28
6744,2026/10/01 09:56:41,500,3902.71,-4.05,272.79
6745,2026/10/01 09:56:42,0,3901.69,1.92,272.92
6746,2026/10/01 09:56:42,500,3899.03,-0.92,272.17
6747,2026/10/01 09:56:43,0,3898.6,-2.8,272.8
6748,2026/10/01 09:56:43,500,3899.13,0.66,273.25
6749,2026/10/01 09:56:44,0,3896.81,0.63,272.38
6750,2026/10/01 09:56:44,500,3897.57,1.15,271.7
6751,2026/10/01 09:56:45,0,3897.65,1.67,272.63
6752,2026/10/01 09:56:45,500,3895.59,-1.38,272.2
6753,2026/10/01 09:56:46,0,3893.74,-1.31,272.6
6754,2026/10/01 09:56:46,500,3893.81,-0.48,272.07
6755,2026/10/01 09:56:47,0,3893.69,1.23,272.5
6756,2026/10/01 09:56:47,500,3892.14,-3.15,273.07
6757,2026/10/01 09:56:48,0,3891.65,0.19,272.42
6758,2026/10/01 09:56:48,500,3889.83,1.4,271.59
6759,2026/10/01 09:56:49,0,3889.1,1.34,272.58
6760,2026/10/01 09:56:49,500,3889.61,1.06,272.39
6761,2026/10/01 09:56:50,0,3887.53,1.59,272.47
6762,2026/10/01 09:56:50,500,3885.25,-4.12,272.83
6763,2026/10/01 09:56:51,0,3886.3,2.42,272.06
6764,2026/10/01 09:56:51,500,3886.02,0.5,272.16
6765,2026/10/01 09:56:52,0,3885.84,2.0,271.77
6766,2026/10/01 09:56:52,500,3885.54,-1.76,272.36
6767,2026/10/01 09:56:53,0,3883.53,-2.63,272.33
6768,2026/10/01 09:56:53,500,3883.22,2.68,272.1
6769,2026/10/01 09:56:54,0,3882.03,-1.39,272.58
6770,2026/10/01 09:56:54,500,3881.46,-0.47,271.67
6771,2026/10/01 09:56:55,0,3880.28,0.79,272.24
6772,2026/10/01 09:56:55,500,3879.98,1.16,272.46
6773,2026/10/01 09:56:56,0,3878.34,1.62,271.87
6774,2026/10/01 09:56:56,500,3879.77,0.34,271.43
6775,2026/10/01 09:56:57,0,3875.53,-1.58,271.25
6776,2026/10/01 09:56:57,500,3877.16,1.06,272.16
6777,2026/10/01 09:56:58,0,3876.23,1.08,272.91
6778,2026/10/01 09:56:58,500,3875.54,-2.72,271.74
6779,2026/10/01 09:56:59,0,3873.56,2.13,272.25
6780,2026/10/01 09:56:59,500,3872.44,-3.73,270.8
6781,2026/10/01 09:57:00,0,3873.55,1.55,272.18
6782,2026/10/01 09:57:00,500,3873.42,-0.95,271.43
6783,2026/10/01 09:57:01,0,3871.8,1.06,271.76
6784,2026/10/01 09:57:01,500,3871.56,0.77,271.97
6785,2026/10/01 09:57:02,0,3869.84,-0.06,271.09
6786,2026/10/01 09:57:02,500,3869.76,0.68,273.47
6787,2026/10/01 09:57:03,0,3869.77,-0.13,271.58
6788,2026/10/01 09:57:03,500,3867.84,1.07,272.17
6789,2026/10/01 09:57:04,0,3868.34,3.28,272.59
6790,2026/10/01 09:57:04,500,3865.38,-2.01,271.97
6791,2026/10/01 09:57:05,0,3865.51,-4.78,271.19
6792,2026/10/01 09:57:05,500,3865.75,-0.62,271.84
6793,2026/10/01 09:57:06,0,3866.14,-0.73,270.85
6794,2026/10/01 09:57:06,500,3863.95,-0.57,271.59
6795,2026/10/01 09:57:07,0,3862.43,-1.39,272.57
6796,2026/10/01 09:57:07,500,3864.08,1.31,271.01
6797,2026/10/01 09:57:08,0,3861.8,-2.07,271.29
6798,2026/10/01 09:57:08,500,3861.76,0.68,272.61
6799,2026/10/01 09:57:09,0,3860.29,0.96,271.58
6800,2026/10/01 09:57:09,500,3860.0,0.47,271.2
6801,2026/10/01 09:57:10,0,3858.78,0.73,271.82
6802,2026/10/01 09:57:10,500,3860.37,1.42,271.37
6803,2026/10/01 09:57:11,0,3858.86,0.08,270.23
6804,2026/10/01 09:57:11,500,3858.66,-0.52,270.89
6805,2026/10/01 09:57:12,0,3855.96,0.73,272.58
6806,2026/10/01 09:57:12,500,3854.48,0.9,271.7
6807,2026/10/01 09:57:13,0,3855.06,1.33,272.25
6808,2026/10/01 09:57:13,500,3856.66,-2.57,270.99
6809,2026/10/01 09:57:14,0,3853.75,-0.28,271.46
6810,2026/10/01 09:57:14,500,3854.21,-1.6,271.38
6811,2026/10/01 09:57:15,0,3851.91,0.84,271.17
6812,2026/10/01 09:57:15,500,3851.43,1.09,271.53
6813,2026/10/01 09:57:16,0,3851.4,-0.41,270.85
6814,2026/10/01 09:57:16,500,3852.52,-1.09,272.0
6815,2026/10/01 09:57:17,0,3851.08,0.9,271.61
6816,2026/10/01 09:57:17,500,3847.94,-0.2,271.27
6817,2026/10/01 09:57:18,0,3849.49,2.14,271.41
6818,2026/10/01 09:57:18,500,3847.42,2.66,271.17
6819,2026/10/01 09:57:19,0,3847.17,1.5,270.44
6820,2026/10/01 09:57:19,500,3847.51,0.35,270.79
6821,2026/10/01 09:57:20,0,3847.61,2.74,271.18
6822,2026/10/01 09:57:20,500,3846.96,0.36,271.07
6823,2026/10/01 09:57:21,0,3845.54,-0.72,271.56
6824,2026/10/01 09:57:21,500,3844.95,-1.01,271.5
6825,2026/10/01 09:57:22,0,3845.15,-1.06,270.92
6826,2026/10/01 09:57:22,500,3842.21,-0.01,270.7
6827,2026/10/01 09:57:23,0,3844.34,0.69,271.54
6828,2026/10/01 09:57:23,500,3841.69,-2.12,271.24
6829,2026/10/01 09:57:24,0,3841.9,-0.67,270.82
6830,2026/10/01 09:57:24,500,3840.71,0.32,270.54
6831,2026/10/01 09:57:25,0,3839.59,0.97,270.75
6832,2026/10/01 09:57:25,500,3840.3,-0.04,271.27
6833,2026/10/01 09:57:26,0,3839.54,0.37,271.9
6834,2026/10/01 09:57:26,500,3838.69,-1.86,270.93
6835,2026/10/01 09:57:27,0,3838.07,-1.37,270.61
6836,2026/10/01 09:57:27,500,3838.84,-0.09,272.08
6837,2026/10/01 09:57:28,0,3838.8,0.77,270.8
6838,2026/10/01 09:57:28,500,3837.48,0.35,270.57
6839,2026/10/01 09:57:29,0,3836.13,-1.27,270.75
6840,2026/10/01 09:57:29,500,3834.03,-0.35,270.71
6841,2026/10/01 09:57:30,0,3835.28,2.27,271.55
6842,2026/10/01 09:57:30,500,3834.76,0.82,270.06
6843,2026/10/01 09:57:31,0,3834.28,-0.24,271.18
6844,2026/10/01 09:57:31,500,3832.19,-1.54,270.86
6845,2026/10/01 09:57:32,0,3833.23,-1.07,270.57
6846,2026/10/01 09:57:32,500,3833.25,0.01,270.66
6847,2026/10/01 09:57:33,0,3830.67,0.41,270.69
6848,2026/10/01 09:57:33,500,3831.45,0.85,270.84
6849,2026/10/01 09:57:34,0,3829.71,0.58,270.55
6850,2026/10/01 09:57:34,500,3829.74,-0.56,270.73
6851,2026/10/01 09:57:35,0,3828.52,-0.77,270.36
6852,2026/10/01 09:57:35,500,3828.46,3.07,271.82
6853,2026/10/01 09:57:36,0,3827.93,-0.83,271.21
6854,2026/10/01 09:57:36,500,3828.0,-1.94,270.94
6855,2026/10/01 09:57:37,0,3827.86,-2.46,270.45
6856,2026/10/01 09:57:37,500,3827.59,-0.53,271.07
6857,2026/10/01 09:57:38,0,3825.57,1.41,270.79
6858,2026/10/01 09:57:38,500,3825.85,-0.86,270.68
6859,2026/10/01 09:57:39,0,3824.16,2.22,270.34
6860,2026/10/01 09:57:39,500,3824.43,-0.01,270.73
6861,2026/10/01 09:57:40,0,3824.04,1.66,271.41
6862,2026/10/01 09:57:40,500,3822.75,-1.14,270.59
6863,2026/10/01 09:57:41,0,3823.42,-1.11,270.41
6864,2026/10/01 09:57:41,500,3822.34,0.14,270.57
6865,2026/10/01 09:57:42,0,3822.08,0.72,270.52
6866,2026/10/01 09:57:42,500,3822.43,-0.27,270.21
6867,2026/10/01 09:57:43,0,3820.6,0.44,270.1
6868,2026/10/01 09:57:43,500,3821.12,0.88,270.85
6869,2026/10/01 09:57:44,0,3821.09,-2.13,271.04
6870,2026/10/01 09:57:44,500,3820.55,-0.51,271.55
6871,2026/10/01 09:57:45,0,3818.79,-0.78,270.63
6872,2026/10/01 09:57:45,500,3817.67,-0.71,270.44
6873,2026/10/01 09:57:46,0,3817.39,0.61,270.82
6874,2026/10/01 09:57:46,500,3816.2,-0.76,269.9
6875,2026/10/01 09:57:47,0,3817.53,-3.01,270.65
6876,2026/10/01 09:57:47,500,3817.09,-0.35,270.84
6877,2026/10/01 09:57:48,0,3816.1,996.02,270.81
6878,2026/10/01 09:57:48,500,3814.42,991.1,271.12
6879,2026/10/01 09:57:49,0,3814.75,995.13,269.97
6880,2026/10/01 09:57:49,500,3815.67,-3.26,270.0
6881,2026/10/01 09:57:50,0,3814.58,-1.16,270.12
6882,2026/10/01 09:57:50,500,3814.24,0.53,269.66
6883,2026/10/01 09:57:51,0,3815.79,-2.11,270.47
6884,2026/10/01 09:57:51,500,3812.93,1.17,270.52
6885,2026/10/01 09:57:52,0,3810.48,1.57,270.44
6886,2026/10/01 09:57:52,500,3810.86,-0.24,270.22
6887,2026/10/01 09:57:53,0,3811.52,-1.16,270.63
6888,2026/10/01 09:57:53,500,3810.83,-3.47,270.4
6889,2026/10/01 09:57:54,0,3810.21,1.22,269.8
6890,2026/10/01 09:57:54,500,3809.77,3.0,268.61
6891,2026/10/01 09:57:55,0,3808.81,2.69,269.9
6892,2026/10/01 09:57:55,500,3809.28,-0.29,270.07
6893,2026/10/01 09:57:56,0,3809.64,-1.64,270.05
6894,2026/10/01 09:57:56,500,3809.46,1.26,269.92
6895,2026/10/01 09:57:57,0,3808.99,-0.19,269.73
6896,2026/10/01 09:57:57,500,3806.41,0.72,269.56
6897,2026/10/01 09:57:58,0,3806.72,0.45,269.45
6898,2026/10/01 09:57:58,500,3806.04,0.14,270.16
6899,2026/10/01 09:57:59,0,3806.32,1.54,270.47
6900,2026/10/01 09:57:59,500,3805.34,1.6,269.29
6901,2026/10/01 09:58:00,0,3804.79,-0.78,269.87
6902,2026/10/01 09:58:00,500,3805.69,-1.38,270.27
6903,2026/10/01 09:58:01,0,3804.18,-3.75,269.77
6904,2026/10/01 09:58:01,500,3803.76,-0.52,270.21
6905,2026/10/01 09:58:02,0,3803.56,-1.64,270.37
6906,2026/10/01 09:58:02,500,3803.34,0.63,270.01
6907,2026/10/01 09:58:03,0,3802.92,-0.5,269.55
6908,2026/10/01 09:58:03,500,3803.19,-0.34,270.44
6909,2026/10/01 09:58:04,0,3800.5,1.22,269.63
6910,2026/10/01 09:58:04,500,3801.36,0.6,269.61
6911,2026/10/01 09:58:05,0,3800.6,-0.18,269.99
6912,2026/10/01 09:58:05,500,3800.02,2.53,269.56
6913,2026/10/01 09:58:06,0,3800.45,1.11,269.59
6914,2026/10/01 09:58:06,500,3800.47,-0.62,269.5
6915,2026/10/01 09:58:07,0,3798.55,-0.56,269.58
6916,2026/10/01 09:58:07,500,3799.96,1.18,269.75
6917,2026/10/01 09:58:08,0,3797.05,0.3,268.65
6918,2026/10/01 09:58:08,500,3798.26,-1.68,269.57
6919,2026/10/01 09:58:09,0,3796.67,1.34,268.72
6920,2026/10/01 09:58:09,500,3796.46,1.89,269.38
6921,2026/10/01 09:58:10,0,3796.62,1.77,269.74
6922,2026/10/01 09:58:10,500,3795.85,2.31,269.39
6923,2026/10/01 09:58:11,0,3793.48,3.1,269.89
6924,2026/10/01 09:58:11,500,3795.86,2.59,269.69
6925,2026/10/01 09:58:12,0,3795.6,0.51,268.43
6926,2026/10/01 09:58:12,500,3794.45,-0.31,270.09
6927,2026/10/01 09:58:13,0,3794.0,-2.74,269.6
6928,2026/10/01 09:58:13,500,3793.5,0.02,269.17
6929,2026/10/01 09:58:14,0,3792.04,0.78,269.2
6930,2026/10/01 09:58:14,500,3791.57,0.07,268.38
6931,2026/10/01 09:58:15,0,3793.28,-2.83,269.51
6932,2026/10/01 09:58:15,500,3793.1,-0.43,269.72
6933,2026/10/01 09:58:16,0,3792.34,0.97,269.03
6934,2026/10/01 09:58:16,500,3791.79,-1.54,268.9
6935,2026/10/01 09:58:17,0,3791.73,0.25,269.41
6936,2026/10/01 09:58:17,500,3791.3,0.65,269.92
6937,2026/10/01 09:58:18,0,3789.72,1.68,269.85
6938,2026/10/01 09:58:18,500,3790.15,2.57,269.71
6939,2026/10/01 09:58:19,0,3789.36,-0.57,270.29
6940,2026/10/01 09:58:19,500,3789.0,0.28,269.72
6941,2026/10/01 09:58:20,0,3789.77,0.32,269.82
6942,2026/10/01 09:58:20,500,3789.74,0.97,269.27
6943,2026/10/01 09:58:21,0,3786.24,0.81,269.04
6944,2026/10/01 09:58:21,500,3787.55,2.14,269.76
6945,2026/10/01 09:58:22,0,3787.14,-3.5,268.69
6946,2026/10/01 09:58:22,500,3787.95,0.63,269.38
6947,2026/10/01 09:58:23,0,3785.5,0.73,268.84
6948,2026/10/01 09:58:23,500,3783.91,-0.35,269.3
6949,2026/10/01 09:58:24,0,3786.6,-3.4,269.25
6950,2026/10/01 09:58:24,500,3786.35,-0.09,269.18
6951,2026/10/01 09:58:25,0,3783.8,-1.07,269.08
6952,2026/10/01 09:58:25,500,3784.77,2.52,269.34
6953,2026/10/01 09:58:26,0,3785.74,0.56,269.4
6954,2026/10/01 09:58:26,500,3783.31,-1.19,268.34
6955,2026/10/01 09:58:27,0,3783.9,-3.08,269.0
6956,2026/10/01 09:58:27,500,3783.88,0.89,268.8
6957,2026/10/01 09:58:28,0,3781.98,1.04,269.09
6958,2026/10/01 09:58:28,500,3782.33,-0.32,268.77
6959,2026/10/01 09:58:29,0,3781.08,0.91,269.6
6960,2026/10/01 09:58:29,500,3781.96,-0.52,268.91
6961,2026/10/01 09:58:30,0,3781.12,1.6,269.42
6962,2026/10/01 09:58:30,500,3781.58,1.49,268.43
6963,2026/10/01 09:58:31,0,3781.58,-2.46,268.75
6964,2026/10/01 09:58:31,500,3781.84,-2.09,268.57
6965,2026/10/01 09:58:32,0,3782.26,3.05,269.06
6966,2026/10/01 09:58:32,500,3780.23,1.4,268.26
6967,2026/10/01 09:58:33,0,3779.48,-1.89,267.98
6968,2026/10/01 09:58:33,500,3779.1,-2.36,268.5
6969,2026/10/01 09:58:34,0,3778.3,0.31,269.08
6970,2026/10/01 09:58:34,500,3779.1,-1.71,268.38
6971,2026/10/01 09:58:35,0,3778.02,-0.48,268.9
6972,2026/10/01 09:58:35,500,3778.5,-0.07,268.43
6973,2026/10/01 09:58:36,0,3777.02,-0.14,267.86
6974,2026/10/01 09:58:36,500,3777.07,1.69,269.15
6975,2026/10/01 09:58:37,0,3777.46,2.75,269.03
6976,2026/10/01 09:58:37,500,3776.7,-0.72,268.67
6977,2026/10/01 09:58:38,0,3774.94,-1.7,268.7
6978,2026/10/01 09:58:38,500,3776.15,0.58,268.56
6979,2026/10/01 09:58:39,0,3775.2,2.45,268.13
6980,2026/10/01 09:58:39,500,3776.47,-0.6,269.28
6981,2026/10/01 09:58:40,0,3775.99,1.28,268.56
6982,2026/10/01 09:58:40,500,3773.07,-1.26,268.78
6983,2026/10/01 09:58:41,0,3775.23,0.03,268.33
6984,2026/10/01 09:58:41,500,3774.59,-1.74,268.79
6985,2026/10/01 09:58:42,0,3772.78,0.02,269.12
6986,2026/10/01 09:58:42,500,3774.36,-0.17,268.62
6987,2026/10/01 09:58:43,0,3772.33,0.91,268.7
6988,2026/10/01 09:58:43,500,3773.97,2.67,268.94
6989,2026/10/01 09:58:44,0,3772.23,-0.58,268.84
6990,2026/10/01 09:58:44,500,3771.23,-3.0,269.0
6991,2026/10/01 09:58:45,0,3773.84,-0.3,268.62
6992,2026/10/01 09:58:45,500,3770.61,0.45,268.6
6993,2026/10/01 09:58:46,0,3770.9,0.3,268.55
6994,2026/10/01 09:58:46,500,3770.76,-0.24,268.85
6995,2026/10/01 09:58:47,0,3770.59,2.23,268.18
6996,2026/10/01 09:58:47,500,3771.21,0.2,268.65
6997,2026/10/01 09:58:48,0,3770.41,-0.16,269.52
6998,2026/10/01 09:58:48,500,3770.87,-1.17,268.53
6999,2026/10/01 09:58:49,0,3770.08,-2.62,267.74
7000,2026/10/01 09:58:49,500,3768.15,0.49,268.18
7001,2026/10/01 09:58:50,0,3769.64,0.37,268.62
7002,2026/10/01 09:58:50,500,3769.1,-1.59,267.96
7003,2026/10/01 09:58:51,0,3768.12,-0.07,267.79
7004,2026/10/01 09:58:51,500,3770.0,-0.22,267.57
7005,2026/10/01 09:58:52,0,3768.54,-0.94,268.14
7006,2026/10/01 09:58:52,500,3768.53,-1.19,269.04
7007,2026/10/01 09:58:53,0,3768.27,0.61,267.95
7008,2026/10/01 09:58:53,500,3766.87,-0.34,268.64
7009,2026/10/01 09:58:54,0,3767.44,-0.89,268.05
7010,2026/10/01 09:58:54,500,3766.9,-1.29,267.98
7011,2026/10/01 09:58:55,0,3765.93,-0.19,268.41
7012,2026/10/01 09:58:55,500,3765.12,1.39,267.37
7013,2026/10/01 09:58:56,0,3765.84,0.31,268.96
7014,2026/10/01 09:58:56,500,3766.02,-0.36,268.38
7015,2026/10/01 09:58:57,0,3765.29,0.46,268.62
7016,2026/10/01 09:58:57,500,3764.86,2.05,267.95
7017,2026/10/01 09:58:58,0,3764.76,0.74,268.31
7018,2026/10/01 09:58:58,500,3764.24,0.39,268.52
7019,2026/10/01 09:58:59,0,3765.44,0.96,267.99
7020,2026/10/01 09:58:59,500,3764.15,-0.24,267.58
7021,2026/10/01 09:59:00,0,3763.28,0.28,267.53
7022,2026/10/01 09:59:00,500,3761.95,-0.73,267.78
7023,2026/10/01 09:59:01,0,3762.98,-2.33,268.09
7024,2026/10/01 09:59:01,500,3762.41,0.51,267.88
7025,2026/10/01 09:59:02,0,3762.12,0.52,267.7
7026,2026/10/01 09:59:02,500,3763.11,-0.43,268.27
7027,2026/10/01 09:59:03,0,3762.16,1.55,267.68
7028,2026/10/01 09:59:03,500,3760.49,-1.08,267.6
7029,2026/10/01 09:59:04,0,3762.07,-2.66,268.35
7030,2026/10/01 09:59:04,500,3760.06,-1.05,268.14
7031,2026/10/01 09:59:05,0,3761.62,-2.31,267.24
7032,2026/10/01 09:59:05,500,3760.43,0.51,267.17
7033,2026/10/01 09:59:06,0,3760.63,-1.13,267.27
7034,2026/10/01 09:59:06,500,3760.29,1.48,267.79
7035,2026/10/01 09:59:07,0,3759.94,1.45,268.38
7036,2026/10/01 09:59:07,500,3759.98,-1.39,268.5
7037,2026/10/01 09:59:08,0,3759.63,-1.21,268.14
7038,2026/10/01 09:59:08,500,3760.81,0.8,268.71
7039,2026/10/01 09:59:09,0,3759.24,1.47,267.84
7040,2026/10/01 09:59:09,500,3759.02,-3.02,268.28
7041,2026/10/01 09:59:10,0,3758.01,0.42,267.42
7042,2026/10/01 09:59:10,500,3758.64,-3.3,266.91
7043,2026/10/01 09:59:11,0,3757.27,-0.82,267.52
7044,2026/10/01 09:59:11,500,3758.77,1.64,267.6
7045,2026/10/01 09:59:12,0,3756.42,4.51,268.94
7046,2026/10/01 09:59:12,500,3756.69,-0.36,267.63
7047,2026/10/01 09:59:13,0,3755.83,-1.87,267.11
7048,2026/10/01 09:59:13,500,3757.23,-0.77,268.09
7049,2026/10/01 09:59:14,0,3756.32,0.1,267.21
7050,2026/10/01 09:59:14,500,3756.97,-1.01,267.65
7051,2026/10/01 09:59:15,0,3755.4,-1.39,268.0
7052,2026/10/01 09:59:15,500,3756.38,-0.64,267.08
7053,2026/10/01 09:59:16,0,3756.18,0.59,268.29
7054,2026/10/01 09:59:16,500,3755.66,-0.25,268.08
7055,2026/10/01 09:59:17,0,3755.28,-1.32,267.68
7056,2026/10/01 09:59:17,500,3755.14,-1.01,268.36
7057,2026/10/01 09:59:18,0,3754.07,-0.62,267.28
7058,2026/10/01 09:59:18,500,3753.71,-1.5,267.85
7059,2026/10/01 09:59:19,0,3754.78,-1.06,267.58
7060,2026/10/01 09:59:19,500,3753.82,0.97,267.11
7061,2026/10/01 09:59:20,0,3754.25,-0.35,267.11
7062,2026/10/01 09:59:20,500,3754.91,-2.63,268.41
7063,2026/10/01 09:59:21,0,3753.08,1.54,267.91
7064,2026/10/01 09:59:21,500,3752.74,0.63,267.81
7065,2026/10/01 09:59:22,0,3752.74,-2.07,267.04
7066,2026/10/01 09:59:22,500,3752.81,-0.55,267.7
7067,2026/10/01 09:59:23,0,3753.05,-1.19,267.14
7068,2026/10/01 09:59:23,500,3752.32,1.02,268.16
7069,2026/10/01 09:59:24,0,3753.79,-0.56,267.9
7070,2026/10/01 09:59:24,500,3752.25,-0.11,267.74
7071,2026/10/01 09:59:25,0,3752.32,-0.28,267.68
7072,2026/10/01 09:59:25,500,3751.45,-2.22,267.21
7073,2026/10/01 09:59:26,0,3752.07,2.11,267.48
7074,2026/10/01 09:59:26,500,3750.89,0.99,268.0
7075,2026/10/01 09:59:27,0,3750.32,-1.12,267.44
7076,2026/10/01 09:59:27,500,3751.35,0.29,266.78
7077,2026/10/01 09:59:28,0,3750.37,1.46,267.81
7078,2026/10/01 09:59:28,500,3750.4,0.08,266.83
7079,2026/10/01 09:59:29,0,3750.78,2.34,267.14
7080,2026/10/01 09:59:29,500,3749.9,4.38,266.9
7081,2026/10/01 09:59:30,0,3749.46,-0.19,265.82
7082,2026/10/01 09:59:30,500,3748.95,-0.87,267.2
7083,2026/10/01 09:59:31,0,3750.02,-1.48,268.18
7084,2026/10/01 09:59:31,500,3748.69,-3.32,267.24
7085,2026/10/01 09:59:32,0,3748.72,1.87,268.55
7086,2026/10/01 09:59:32,500,3748.79,-0.53,266.98
7087,2026/10/01 09:59:33,0,3748.59,1.31,267.15
7088,2026/10/01 09:59:33,500,3748.97,1.61,266.97
7089,2026/10/01 09:59:34,0,3747.9,-1.62,267.04
7090,2026/10/01 09:59:34,500,3748.86,-1.4,267.18
7091,2026/10/01 09:59:35,0,3747.36,2.62,267.74
7092,2026/10/01 09:59:35,500,3747.66,-0.11,266.55
7093,2026/10/01 09:59:36,0,3747.02,-0.99,266.96
7094,2026/10/01 09:59:36,500,3748.64,-1.57,267.25
7095,2026/10/01 09:59:37,0,3746.49,-0.21,267.57
7096,2026/10/01 09:59:37,500,3746.37,2.26,265.83
7097,2026/10/01 09:59:38,0,3746.48,1.03,266.2
7098,2026/10/01 09:59:38,500,3745.98,991.68,266.91
7099,2026/10/01 09:59:39,0,3746.25,2.38,267.43
7100,2026/10/01 09:59:39,500,3746.79,2.09,266.62
7101,2026/10/01 09:59:40,0,3745.74,0.5,267.18
7102,2026/10/01 09:59:40,500,3745.58,4.16,267.82
7103,2026/10/01 09:59:41,0,3745.06,-0.37,266.82
7104,2026/10/01 09:59:41,500,3744.65,1.65,266.69
7105,2026/10/01 09:59:42,0,3744.94,-0.59,267.02
7106,2026/10/01 09:59:42,500,3744.68,1.35,266.86
7107,2026/10/01 09:59:43,0,3745.43,-0.37,266.89
7108,2026/10/01 09:59:43,500,3743.54,0.69,266.65
7109,2026/10/01 09:59:44,0,3745.29,3.59,266.6
7110,2026/10/01 09:59:44,500,3743.82,1.43,266.21
7111,2026/10/01 09:59:45,0,3743.88,0.72,267.01
7112,2026/10/01 09:59:45,500,3742.72,-1.16,266.17
7113,2026/10/01 09:59:46,0,3743.84,0.28,266.27
7114,2026/10/01 09:59:46,500,3742.45,-1.51,266.06
7115,2026/10/01 09:59:47,0,3743.33,1.33,266.48
7116,2026/10/01 09:59:47,500,3743.08,1.29,266.65
7117,2026/10/01 09:59:48,0,3742.42,-0.27,266.07
7118,2026/10/01 09:59:48,500,3740.85,2.5,266.47
7119,2026/10/01 09:59:49,0,3744.05,2.28,266.67
7120,2026/10/01 09:59:49,500,3741.3,0.22,265.79
7121,2026/10/01 09:59:50,0,3742.19,0.85,266.18
7122,2026/10/01 09:59:50,500,3741.21,-0.88,267.45
7123,2026/10/01 09:59:51,0,3742.46,-0.41,266.18
7124,2026/10/01 09:59:51,500,3741.15,-1.62,266.88
7125,2026/10/01 09:59:52,0,3740.68,-0.72,266.26
7126,2026/10/01 09:59:52,500,3741.58,-0.16,266.6
7127,2026/10/01 09:59:53,0,3739.92,-2.49,266.08
7128,2026/10/01 09:59:53,500,3740.43,0.87,265.52
7129,2026/10/01 09:59:54,0,3741.15,1.53,266.23
7130,2026/10/01 09:59:54,500,3741.63,-0.01,266.66
7131,2026/10/01 09:59:55,0,3739.49,-4.05,266.77
7132,2026/10/01 09:59:55,500,3739.6,-0.38,266.48
7133,2026/10/01 09:59:56,0,3740.21,-2.09,266.01
7134,2026/10/01 09:59:56,500,3738.16,-0.91,266.85
7135,2026/10/01 09:59:57,0,3740.68,2.18,266.01
7136,2026/10/01 09:59:57,500,3738.63,-3.65,266.03
7137,2026/10/01 09:59:58,0,3738.91,-1.22,265.85
7138,2026/10/01 09:59:58,500,3739.31,1.24,266.12
7139,2026/10/01 09:59:59,0,3738.98,-1.05,266.17
7140,2026/10/01 09:59:59,500,3738.01,-1.17,266.45
7141,2026/10/01 10:00:00,0,3738.92,-96.95,265.64
7142,2026/10/01 10:00:00,500,3734.26,-99.43,266.1
7143,2026/10/01 10:00:01,0,3734.19,-98.6,265.94
7144,2026/10/01 10:00:01,500,3733.36,-99.26,266.56
7145,2026/10/01 10:00:02,0,3731.89,-99.76,266.51
7146,2026/10/01 10:00:02,500,3732.4,-98.1,265.86
7147,2026/10/01 10:00:03,0,3728.88,-97.14,266.63
7148,2026/10/01 10:00:03,500,3730.24,-102.53,266.37
7149,2026/10/01 10:00:04,0,3727.56,-100.05,266.8
7150,2026/10/01 10:00:04,500,3725.48,-100.06,266.09
7151,2026/10/01 10:00:05,0,3723.68,-100.64,266.72
7152,2026/10/01 10:00:05,500,3723.98,-98.53,266.87
7153,2026/10/01 10:00:06,0,3722.38,-99.61,266.49
7154,2026/10/01 10:00:06,500,3721.93,-97.11,267.51
7155,2026/10/01 10:00:07,0,3720.18,-98.35,266.72
7156,2026/10/01 10:00:07,500,3720.1,-97.95,267.37
7157,2026/10/01 10:00:08,0,3718.02,-101.8,267.76
7158,2026/10/01 10:00:08,500,3716.6,-101.21,265.67
7159,2026/10/01 10:00:09,0,3716.53,-101.09,267.09
7160,2026/10/01 10:00:09,500,3714.74,-98.02,266.79
7161,2026/10/01 10:00:10,0,3713.99,995.95,266.66
7162,2026/10/01 10:00:10,500,3713.1,994.71,266.22
7163,2026/10/01 10:00:11,0,3710.76,994.8,266.12
7164,2026/10/01 10:00:11,500,3709.84,-95.87,266.05
7165,2026/10/01 10:00:12,0,3709.3,-100.21,267.7
7166,2026/10/01 10:00:12,500,3705.49,-99.21,266.84
7167,2026/10/01 10:00:13,0,3706.19,-101.71,265.93
7168,2026/10/01 10:00:13,500,3704.91,-98.56,266.09
7169,2026/10/01 10:00:14,0,3704.22,-102.66,265.62
7170,2026/10/01 10:00:14,500,3702.11,-101.47,267.24
7171,2026/10/01 10:00:15,0,3702.45,-101.1,266.68
7172,2026/10/01 10:00:15,500,3699.82,-99.67,266.92
7173,2026/10/01 10:00:16,0,3698.87,-101.19,266.68
7174,2026/10/01 10:00:16,500,3697.55,-97.71,267.16
7175,2026/10/01 10:00:17,0,3697.9,-99.25,266.5
7176,2026/10/01 10:00:17,500,3694.09,-101.03,266.86
7177,2026/10/01 10:00:18,0,3696.02,-98.5,266.86
7178,2026/10/01 10:00:18,500,3694.62,-100.59,266.15
7179,2026/10/01 10:00:19,0,3691.83,-100.89,266.38
7180,2026/10/01 10:00:19,500,3691.95,-98.66,266.6
7181,2026/10/01 10:00:20,0,3690.08,-103.68,266.92
7182,2026/10/01 10:00:20,500,3690.15,-98.9,267.47
7183,2026/10/01 10:00:21,0,3688.44,-101.07,266.84
7184,2026/10/01 10:00:21,500,3688.29,-101.07,266.75
7185,2026/10/01 10:00:22,0,3684.15,-97.06,266.96
7186,2026/10/01 10:00:22,500,3684.41,-100.8,266.74
7187,2026/10/01 10:00:23,0,3681.74,-98.57,266.82
7188,2026/10/01 10:00:23,500,3681.56,-99.58,267.6
7189,2026/10/01 10:00:24,0,3682.64,-99.43,266.74
7190,2026/10/01 10:00:24,500,3680.08,-100.38,266.99
7191,2026/10/01 10:00:25,0,3679.36,-100.45,266.55
7192,2026/10/01 10:00:25,500,3677.86,-97.71,267.52
7193,2026/10/01 10:00:26,0,3676.68,-98.6,266.44
7194,2026/10/01 10:00:26,500,3674.77,-100.75,266.87
7195,2026/10/01 10:00:27,0,3673.5,-101.57,267.41
7196,2026/10/01 10:00:27,500,3672.5,-100.88,266.5
7197,2026/10/01 10:00:28,0,3669.64,-98.53,267.37
7198,2026/10/01 10:00:28,500,3670.64,-98.23,265.93
7199,2026/10/01 10:00:29,0,3669.78,-99.17,266.42
7200,2026/10/01 10:00:29,500,3667.98,-102.43,266.92
7201,2026/10/01 10:00:30,0,3667.25,-98.87,268.19
7202,2026/10/01 10:00:30,500,3666.67,-98.04,267.07
7203,2026/10/01 10:00:31,0,3665.85,-99.74,267.09
7204,2026/10/01 10:00:31,500,3663.07,-97.03,267.59
7205,2026/10/01 10:00:32,0,3662.29,-101.98,266.48
7206,2026/10/01 10:00:32,500,3662.42,-98.97,265.52
7207,2026/10/01 10:00:33,0,3661.19,-101.53,267.91
7208,2026/10/01 10:00:33,500,3660.69,-98.41,267.36
7209,2026/10/01 10:00:34,0,3659.56,-99.08,266.85
7210,2026/10/01 10:00:34,500,3659.36,-97.3,267.11
7211,2026/10/01 10:00:35,0,3656.09,-99.25,267.62
7212,2026/10/01 10:00:35,500,3656.5,-100.61,267.04
7213,2026/10/01 10:00:36,0,3653.41,-100.74,267.18
7214,2026/10/01 10:00:36,500,3654.97,-100.38,268.14
7215,2026/10/01 10:00:37,0,3652.33,-100.77,266.51
7216,2026/10/01 10:00:37,500,3651.32,-97.98,267.4
7217,2026/10/01 10:00:38,0,3650.59,-98.09,266.54
7218,2026/10/01 10:00:38,500,3647.63,-102.24,267.95
7219,2026/10/01 10:00:39,0,3646.78,-99.94,267.32
7220,2026/10/01 10:00:39,500,3646.65,-99.91,266.84
7221,2026/10/01 10:00:40,0,3645.76,-101.17,266.45
7222,2026/10/01 10:00:40,500,3646.07,-99.34,267.03
7223,2026/10/01 10:00:41,0,3642.57,-97.81,267.31
7224,2026/10/01 10:00:41,500,3643.49,-98.66,267.81
7225,2026/10/01 10:00:42,0,3640.98,-97.98,266.69
7226,2026/10/01 10:00:42,500,3639.9,-101.08,266.84
7227,2026/10/01 10:00:43,0,3638.93,-99.95,267.01
7228,2026/10/01 10:00:43,500,3637.75,-101.15,266.88
7229,2026/10/01 10:00:44,0,3637.32,-99.64,267.03
7230,2026/10/01 10:00:44,500,3635.55,-99.51,266.82
7231,2026/10/01 10:00:45,0,3633.68,-98.56,267.51
7232,2026/10/01 10:00:45,500,3633.54,-98.03,267.07
7233,2026/10/01 10:00:46,0,3633.06,-98.97,267.33
7234,2026/10/01 10:00:46,500,3630.52,-101.29,267.49
7235,2026/10/01 10:00:47,0,3631.06,-102.03,266.66
7236,2026/10/01 10:00:47,500,3630.49,-99.22,267.65
7237,2026/10/01 10:00:48,0,3629.68,-97.75,267.47
7238,2026/10/01 10:00:48,500,3627.72,-100.04,267.48
7239,2026/10/01 10:00:49,0,3624.96,-102.29,267.32
7240,2026/10/01 10:00:49,500,3625.88,-96.87,267.26
7241,2026/10/01 10:00:50,0,3625.09,-99.27,267.44
7242,2026/10/01 10:00:50,500,3622.72,-99.74,267.47
7243,2026/10/01 10:00:51,0,3622.18,-101.75,266.84
7244,2026/10/01 10:00:51,500,3621.59,-99.98,268.23
7245,2026/10/01 10:00:52,0,3621.6,-98.97,267.1
7246,2026/10/01 10:00:52,500,3618.93,-99.25,267.5
7247,2026/10/01 10:00:53,0,3618.82,-101.02,268.05
7248,2026/10/01 10:00:53,500,3617.33,-100.09,267.31
7249,2026/10/01 10:00:54,0,3616.21,-100.92,267.61
7250,2026/10/01 10:00:54,500,3616.09,-97.5,266.41
7251,2026/10/01 10:00:55,0,3613.34,-98.66,266.52
7252,2026/10/01 10:00:55,500,3613.16,-100.79,267.51
7253,2026/10/01 10:00:56,0,3611.98,-101.75,267.63
7254,2026/10/01 10:00:56,500,3609.73,-99.58,268.1
7255,2026/10/01 10:00:57,0,3610.91,-100.74,267.96
7256,2026/10/01 10:00:57,500,3609.57,-100.63,266.77
7257,2026/10/01 10:00:58,0,3607.92,-101.7,268.21
7258,2026/10/01 10:00:58,500,3606.67,-101.52,266.99
7259,2026/10/01 10:00:59,0,3605.87,-99.76,268.03
7260,2026/10/01 10:00:59,500,3605.43,-100.4,267.38
7261,2026/10/01 10:01:00,0,3603.89,-96.26,268.98
7262,2026/10/01 10:01:00,500,3602.31,-99.11,267.33
7263,2026/10/01 10:01:01,0,3601.43,-101.73,267.6
7264,2026/10/01 10:01:01,500,3600.83,-102.3,267.73
7265,2026/10/01 10:01:02,0,3599.09,-99.4,267.54
7266,2026/10/01 10:01:02,500,3599.11,-100.6,267.17
7267,2026/10/01 10:01:03,0,3597.21,-98.0,268.78
7268,2026/10/01 10:01:03,500,3596.08,-99.58,267.38
7269,2026/10/01 10:01:04,0,3598.41,-102.97,267.38
7270,2026/10/01 10:01:04,500,3596.41,-101.53,267.66
7271,2026/10/01 10:01:05,0,3593.99,-101.01,267.82
7272,2026/10/01 10:01:05,500,3593.56,-99.34,267.39
7273,2026/10/01 10:01:06,0,3592.71,-101.58,268.22
7274,2026/10/01 10:01:06,500,3590.85,-99.77,267.83
7275,2026/10/01 10:01:07,0,3590.15,-102.0,267.77
7276,2026/10/01 10:01:07,500,3588.73,-99.99,268.05
7277,2026/10/01 10:01:08,0,3588.97,-99.44,267.36
7278,2026/10/01 10:01:08,500,3588.0,-97.81,267.5
7279,2026/10/01 10:01:09,0,3587.25,-99.63,267.79
7280,2026/10/01 10:01:09,500,3585.24,-101.23,268.28
7281,2026/10/01 10:01:10,0,3585.79,-97.76,267.7
7282,2026/10/01 10:01:10,500,3583.02,-100.27,267.67
7283,2026/10/01 10:01:11,0,3583.75,-98.84,266.79
7284,2026/10/01 10:01:11,500,3580.77,-100.92,267.51
7285,2026/10/01 10:01:12,0,3579.14,-99.86,267.04
7286,2026/10/01 10:01:12,500,3580.83,-101.2,267.17
7287,2026/10/01 10:01:13,0,3578.77,-99.52,268.07
7288,2026/10/01 10:01:13,500,3577.7,-98.79,269.55
7289,2026/10/01 10:01:14,0,3576.03,-100.74,268.0
7290,2026/10/01 10:01:14,500,3574.68,-100.83,268.08
7291,2026/10/01 10:01:15,0,3573.8,-99.46,267.54
7292,2026/10/01 10:01:15,500,3573.56,-101.24,267.41
7293,2026/10/01 10:01:16,0,3572.37,-102.28,268.97
7294,2026/10/01 10:01:16,500,3569.98,-99.47,267.55
7295,2026/10/01 10:01:17,0,3571.94,-100.16,266.96
7296,2026/10/01 10:01:17,500,3569.3,-100.19,268.1
7297,2026/10/01 10:01:18,0,3569.68,-99.22,267.77
7298,2026/10/01 10:01:18,500,3567.17,-99.01,268.29
7299,2026/10/01 10:01:19,0,3566.92,-100.24,268.79
7300,2026/10/01 10:01:19,500,3566.63,-101.68,268.2
7301,2026/10/01 10:01:20,0,3565.58,-100.96,268.14
7302,2026/10/01 10:01:20,500,3563.75,-99.12,268.36
7303,2026/10/01 10:01:21,0,3563.44,-99.8,269.4
7304,2026/10/01 10:01:21,500,3562.63,-100.82,269.19
7305,2026/10/01 10:01:22,0,3561.04,-101.18,267.91
7306,2026/10/01 10:01:22,500,3559.33,-99.07,268.55
7307,2026/10/01 10:01:23,0,3558.79,-100.33,268.98
7308,2026/10/01 10:01:23,500,3558.05,-98.87,268.44
7309,2026/10/01 10:01:24,0,3557.45,-98.68,268.07
7310,2026/10/01 10:01:24,500,3557.77,-100.47,267.86
7311,2026/10/01 10:01:25,0,3556.3,-98.58,268.17
7312,2026/10/01 10:01:25,500,3553.99,-99.79,267.56
7313,2026/10/01 10:01:26,0,3555.19,-99.6,268.59
7314,2026/10/01 10:01:26,500,3552.74,-103.28,268.85
7315,2026/10/01 10:01:27,0,3552.42,-101.46,267.96
7316,2026/10/01 10:01:27,500,3550.21,-101.38,267.95
7317,2026/10/01 10:01:28,0,3549.68,-100.48,267.65
7318,2026/10/01 10:01:28,500,3549.96,-99.83,268.43
7319,2026/10/01 10:01:29,0,3547.51,-99.77,268.2
7320,2026/10/01 10:01:29,500,3547.34,-99.57,267.49
7321,2026/10/01 10:01:30,0,3546.76,-101.03,269.68
7322,2026/10/01 10:01:30,500,3544.66,-98.96,267.34
7323,2026/10/01 10:01:31,0,3543.15,-97.29,267.52
7324,2026/10/01 10:01:31,500,3544.39,-100.53,268.72
7325,2026/10/01 10:01:32,0,3545.05,-101.0,268.59
7326,2026/10/01 10:01:32,500,3542.22,-101.03,267.91
7327,2026/10/01 10:01:33,0,3541.47,-99.87,267.89
7328,2026/10/01 10:01:33,500,3539.34,-100.79,268.52
7329,2026/10/01 10:01:34,0,3540.33,-102.6,268.49
7330,2026/10/01 10:01:34,500,3537.95,-102.19,267.96
7331,2026/10/01 10:01:35,0,3538.29,-98.47,268.82
7332,2026/10/01 10:01:35,500,3536.95,-98.08,268.61
7333,2026/10/01 10:01:36,0,3536.07,-97.6,269.01
7334,2026/10/01 10:01:36,500,3535.15,-99.66,268.32
7335,2026/10/01 10:01:37,0,3534.24,-101.49,268.76
7336,2026/10/01 10:01:37,500,3533.12,-100.66,268.25
7337,2026/10/01 10:01:38,0,3532.79,-102.24,268.65
7338,2026/10/01 10:01:38,500,3530.54,-102.29,268.57
7339,2026/10/01 10:01:39,0,3530.05,-99.62,268.82
7340,2026/10/01 10:01:39,500,3530.53,-99.19,268.67
7341,2026/10/01 10:01:40,0,3528.61,-97.06,267.47
7342,2026/10/01 10:01:40,500,3527.33,-100.12,268.11
7343,2026/10/01 10:01:41,0,3527.54,-102.04,268.48
7344,2026/10/01 10:01:41,500,3526.51,-100.18,268.68
7345,2026/10/01 10:01:42,0,3523.92,-100.42,268.87
7346,2026/10/01 10:01:42,500,3524.67,-100.74,268.74
7347,2026/10/01 10:01:43,0,3523.33,-99.48,268.12
7348,2026/10/01 10:01:43,500,3522.91,-101.82,268.94
7349,2026/10/01 10:01:44,0,3521.48,-99.8,268.09
7350,2026/10/01 10:01:44,500,3520.98,-99.02,269.13
7351,2026/10/01 10:01:45,0,3518.28,-97.87,269.18
7352,2026/10/01 10:01:45,500,3518.16,-99.53,268.52
7353,2026/10/01 10:01:46,0,3518.6,-98.44,268.21
7354,2026/10/01 10:01:46,500,3519.25,-100.67,268.19
7355,2026/10/01 10:01:47,0,3516.58,-100.46,268.0
7356,2026/10/01 10:01:47,500,3514.87,-97.98,268.1
7357,2026/10/01 10:01:48,0,3514.68,-102.06,268.48
7358,2026/10/01 10:01:48,500,3513.0,-100.6,268.3
7359,2026/10/01 10:01:49,0,3513.86,995.6,267.78
7360,2026/10/01 10:01:49,500,3512.04,-100.32,268.36
7361,2026/10/01 10:01:50,0,3511.99,-100.43,268.65
7362,2026/10/01 10:01:50,500,3510.18,-100.4,268.45
7363,2026/10/01 10:01:51,0,3510.36,-99.82,268.18
7364,2026/10/01 10:01:51,500,3507.3,-98.37,267.44
7365,2026/10/01 10:01:52,0,3507.77,-98.61,269.22
7366,2026/10/01 10:01:52,500,3507.34,-99.98,268.64
7367,2026/10/01 10:01:53,0,3505.85,-98.36,268.82
7368,2026/10/01 10:01:53,500,3505.51,-99.49,268.76
7369,2026/10/01 10:01:54,0,3504.65,-98.71,268.93
7370,2026/10/01 10:01:54,500,3504.38,-101.54,268.81
7371,2026/10/01 10:01:55,0,3503.2,990.47,268.75
7372,2026/10/01 10:01:55,500,3502.18,-99.67,269.09
7373,2026/10/01 10:01:56,0,3501.73,-104.12,269.21
7374,2026/10/01 10:01:56,500,3499.11,-97.51,269.42
7375,2026/10/01 10:01:57,0,3498.76,-99.99,268.32
7376,2026/10/01 10:01:57,500,3497.42,-100.59,268.87
7377,2026/10/01 10:01:58,0,3498.14,-100.91,267.96
7378,2026/10/01 10:01:58,500,3497.2,-99.34,268.53
7379,2026/10/01 10:01:59,0,3497.15,-101.33,268.68
7380,2026/10/01 10:01:59,500,3495.5,-100.87,269.16
7381,2026/10/01 10:02:00,0,3493.89,-100.83,268.74
7382,2026/10/01 10:02:00,500,3493.68,-100.44,269.14
7383,2026/10/01 10:02:01,0,3491.25,-100.77,268.64
7384,2026/10/01 10:02:01,500,3491.6,-98.72,268.54
7385,2026/10/01 10:02:02,0,3489.23,-99.59,268.43
7386,2026/10/01 10:02:02,500,3490.55,-99.41,269.19
7387,2026/10/01 10:02:03,0,3489.25,-99.08,268.66
7388,2026/10/01 10:02:03,500,3488.55,-100.14,267.65
7389,2026/10/01 10:02:04,0,3487.1,-101.53,269.19
7390,2026/10/01 10:02:04,500,3486.5,-97.29,268.42
7391,2026/10/01 10:02:05,0,3486.77,-98.61,268.99
7392,2026/10/01 10:02:05,500,3484.26,-97.58,268.33
7393,2026/10/01 10:02:06,0,3485.01,-98.45,268.91
7394,2026/10/01 10:02:06,500,3483.15,-100.69,267.48
7395,2026/10/01 10:02:07,0,3481.65,-103.52,268.91
7396,2026/10/01 10:02:07,500,3483.17,-101.84,268.5
7397,2026/10/01 10:02:08,0,3482.45,-99.05,268.31
7398,2026/10/01 10:02:08,500,3480.15,-100.15,269.34
7399,2026/10/01 10:02:09,0,3479.34,-100.63,268.9
7400,2026/10/01 10:02:09,500,3478.78,-103.74,268.85
7401,2026/10/01 10:02:10,0,3477.54,-100.02,268.62
7402,2026/10/01 10:02:10,500,3476.88,-101.62,269.44
7403,2026/10/01 10:02:11,0,3476.95,-101.09,268.78
7404,2026/10/01 10:02:11,500,3477.46,-98.72,269.75
7405,2026/10/01 10:02:12,0,3474.72,-101.54,269.63
7406,2026/10/01 10:02:12,500,3475.03,-101.4,269.74
7407,2026/10/01 10:02:13,0,3473.71,-99.72,269.52
7408,2026/10/01 10:02:13,500,3471.3,-98.69,268.74
7409,2026/10/01 10:02:14,0,3471.83,-100.6,269.08
7410,2026/10/01 10:02:14,500,3470.94,-97.8,268.96
7411,2026/10/01 10:02:15,0,3471.45,-101.92,269.49
7412,2026/10/01 10:02:15,500,3470.7,-102.18,269.08
7413,2026/10/01 10:02:16,0,3469.02,-102.31,268.97
7414,2026/10/01 10:02:16,500,3468.91,-102.48,269.93
7415,2026/10/01 10:02:17,0,3467.04,-99.5,268.95
7416,2026/10/01 10:02:17,500,3467.27,-101.47,268.81
7417,2026/10/01 10:02:18,0,3465.68,-102.12,268.93
7418,2026/10/01 10:02:18,500,3465.7,-99.43,269.67
7419,2026/10/01 10:02:19,0,3465.01,-98.76,269.24
7420,2026/10/01 10:02:19,500,3463.85,-98.42,269.38
7421,2026/10/01 10:02:20,0,3461.91,-98.69,269.28
7422,2026/10/01 10:02:20,500,3461.4,-101.38,268.08
7423,2026/10/01 10:02:21,0,3461.57,-99.59,268.65
7424,2026/10/01 10:02:21,500,3460.92,-99.25,269.05
7425,2026/10/01 10:02:22,0,3459.56,-100.71,269.36
7426,2026/10/01 10:02:22,500,3458.42,-99.75,268.72
7427,2026/10/01 10:02:23,0,3458.06,-101.88,268.71
7428,2026/10/01 10:02:23,500,3456.92,-100.94,269.07
7429,2026/10/01 10:02:24,0,3456.16,-99.44,269.9
7430,2026/10/01 10:02:24,500,3457.19,-97.74,268.17
7431,2026/10/01 10:02:25,0,3454.48,-98.27,267.93
7432,2026/10/01 10:02:25,500,3454.51,-99.01,270.13
7433,2026/10/01 10:02:26,0,3453.47,-99.88,268.51
7434,2026/10/01 10:02:26,500,3451.61,-100.11,269.08
7435,2026/10/01 10:02:27,0,3450.83,-102.17,268.54
7436,2026/10/01 10:02:27,500,3451.02,-101.25,269.15
7437,2026/10/01 10:02:28,0,3448.77,-101.2,269.24
7438,2026/10/01 10:02:28,500,3451.05,-99.14,270.12
7439,2026/10/01 10:02:29,0,3448.55,-98.58,269.68
7440,2026/10/01 10:02:29,500,3447.74,-98.9,268.69
7441,2026/10/01 10:02:30,0,3448.32,-98.23,268.39
7442,2026/10/01 10:02:30,500,3446.49,-99.89,269.6
7443,2026/10/01 10:02:31,0,3446.38,-101.47,269.1
7444,2026/10/01 10:02:31,500,3444.66,-100.07,269.01
7445,2026/10/01 10:02:32,0,3444.41,-101.09,269.97
7446,2026/10/01 10:02:32,500,3444.41,-99.01,268.51
7447,2026/10/01 10:02:33,0,3442.2,-100.54,269.21
7448,2026/10/01 10:02:33,500,3442.58,-100.15,269.72
7449,2026/10/01 10:02:34,0,3439.49,-98.96,268.82
7450,2026/10/01 10:02:34,500,3441.7,-101.11,270.07
7451,2026/10/01 10:02:35,0,3439.51,-98.55,268.93
7452,2026/10/01 10:02:35,500,3439.15,-102.02,269.4
7453,2026/10/01 10:02:36,0,3438.41,-99.54,269.1
7454,2026/10/01 10:02:36,500,3436.98,-100.14,268.09
7455,2026/10/01 10:02:37,0,3436.19,-98.76,269.26
7456,2026/10/01 10:02:37,500,3436.72,-102.06,269.87
7457,2026/10/01 10:02:38,0,3436.03,-102.3,268.97
7458,2026/10/01 10:02:38,500,3434.14,-98.87,269.18
7459,2026/10/01 10:02:39,0,3434.56,-100.59,269.24
7460,2026/10/01 10:02:39,500,3433.85,-100.14,269.78
7461,2026/10/01 10:02:40,0,3432.38,-100.99,269.34
7462,2026/10/01 10:02:40,500,3430.92,-98.63,269.54
7463,2026/10/01 10:02:41,0,3431.21,-99.55,269.55
7464,2026/10/01 10:02:41,500,3430.81,-99.64,269.28
7465,2026/10/01 10:02:42,0,3429.76,-101.75,270.4
7466,2026/10/01 10:02:42,500,3428.61,-99.25,269.05
7467,2026/10/01 10:02:43,0,3428.75,-101.49,269.92
7468,2026/10/01 10:02:43,500,3428.67,-100.99,270.22
7469,2026/10/01 10:02:44,0,3426.33,-102.05,269.52
7470,2026/10/01 10:02:44,500,3426.0,-100.23,269.63
7471,2026/10/01 10:02:45,0,3427.72,-98.4,269.87
7472,2026/10/01 10:02:45,500,3425.05,-99.66,269.43
7473,2026/10/01 10:02:46,0,3423.1,-100.66,268.67
7474,2026/10/01 10:02:46,500,3423.02,-99.84,269.51
7475,2026/10/01 10:02:47,0,3422.09,-99.84,270.46
7476,2026/10/01 10:02:47,500,3422.3,-99.9,269.93
7477,2026/10/01 10:02:48,0,3421.54,-99.73,269.7
7478,2026/10/01 10:02:48,500,3420.08,-101.56,270.04
7479,2026/10/01 10:02:49,0,3421.38,-99.84,269.6
7480,2026/10/01 10:02:49,500,3419.26,-102.63,269.7
7481,2026/10/01 10:02:50,0,3418.13,-99.14,269.48
7482,2026/10/01 10:02:50,500,3416.82,-101.65,269.94
7483,2026/10/01 10:02:51,0,3416.39,-98.23,269.44
7484,2026/10/01 10:02:51,500,3415.41,-103.67,269.56
7485,2026/10/01 10:02:52,0,3415.56,-97.49,270.17
7486,2026/10/01 10:02:52,500,3414.31,-102.46,269.64
7487,2026/10/01 10:02:53,0,3414.96,-101.8,270.03
7488,2026/10/01 10:02:53,500,3413.17,-99.55,270.08
7489,2026/10/01 10:02:54,0,3413.62,-99.07,269.72
7490,2026/10/01 10:02:54,500,3412.66,-100.43,269.59
7491,2026/10/01 10:02:55,0,3412.09,-98.66,269.12
7492,2026/10/01 10:02:55,500,3411.61,-101.19,269.24
7493,2026/10/01 10:02:56,0,3411.8,-100.6,270.1
7494,2026/10/01 10:02:56,500,3408.84,-100.45,270.1
7495,2026/10/01 10:02:57,0,3409.52,-100.81,269.32
7496,2026/10/01 10:02:57,500,3408.48,-102.9,270.02
7497,2026/10/01 10:02:58,0,3408.33,-100.04,269.94
7498,2026/10/01 10:02:58,500,3406.89,-100.17,270.3
7499,2026/10/01 10:02:59,0,3407.07,-98.38,270.93
7500,2026/10/01 10:02:59,500,3404.42,-101.93,270.14
7501,2026/10/01 10:03:00,0,3403.97,-100.96,269.52
7502,2026/10/01 10:03:00,500,3403.64,-98.19,270.24
7503,2026/10/01 10:03:01,0,3403.37,-99.56,269.36
7504,2026/10/01 10:03:01,500,3402.79,-99.18,271.0
7505,2026/10/01 10:03:02,0,3401.49,-99.32,269.28
7506,2026/10/01 10:03:02,500,3400.62,-99.31,270.12
7507,2026/10/01 10:03:03,0,3400.22,-97.27,269.91
7508,2026/10/01 10:03:03,500,3398.71,-99.86,269.71
7509,2026/10/01 10:03:04,0,3399.18,-101.52,269.69
7510,2026/10/01 10:03:04,500,3398.7,-99.04,270.62
7511,2026/10/01 10:03:05,0,3398.44,-100.85,270.23
7512,2026/10/01 10:03:05,500,3397.55,-100.16,269.88
7513,2026/10/01 10:03:06,0,3398.19,-99.44,270.83
7514,2026/10/01 10:03:06,500,3396.75,-101.23,269.91
7515,2026/10/01 10:03:07,0,3396.03,-100.77,270.35
7516,2026/10/01 10:03:07,500,3395.07,-99.29,269.32
7517,2026/10/01 10:03:08,0,3394.55,-100.82,269.35
7518,2026/10/01 10:03:08,500,3393.29,-98.54,270.36
7519,2026/10/01 10:03:09,0,3392.89,-101.48,270.17
7520,2026/10/01 10:03:09,500,3393.69,-101.48,271.09
7521,2026/10/01 10:03:10,0,3391.45,-97.14,269.68
7522,2026/10/01 10:03:10,500,3389.79,-102.3,270.38
7523,2026/10/01 10:03:11,0,3390.76,-100.04,269.92
7524,2026/10/01 10:03:11,500,3390.25,-97.22,270.48
7525,2026/10/01 10:03:12,0,3389.03,-100.04,270.45
7526,2026/10/01 10:03:12,500,3386.75,-97.98,270.06
7527,2026/10/01 10:03:13,0,3388.64,-99.02,269.71
7528,2026/10/01 10:03:13,500,3387.15,-100.01,269.92
7529,2026/10/01 10:03:14,0,3386.07,-100.2,269.54
7530,2026/10/01 10:03:14,500,3386.63,-103.18,270.29
7531,2026/10/01 10:03:15,0,3383.41,-100.48,268.71
7532,2026/10/01 10:03:15,500,3384.48,-99.65,269.83
7533,2026/10/01 10:03:16,0,3383.32,-99.65,270.58
7534,2026/10/01 10:03:16,500,3384.31,-96.3,270.58
7535,2026/10/01 10:03:17,0,3382.67,-99.58,269.34
7536,2026/10/01 10:03:17,500,3381.15,-99.05,270.45
7537,2026/10/01 10:03:18,0,3382.11,-98.25,269.59
7538,2026/10/01 10:03:18,500,3378.6,-99.19,269.98
7539,2026/10/01 10:03:19,0,3380.34,-100.13,270.56
7540,2026/10/01 10:03:19,500,3378.29,-100.12,269.7
7541,2026/10/01 10:03:20,0,3378.3,-100.53,270.91
7542,2026/10/01 10:03:20,500,3377.85,-99.33,270.33
7543,2026/10/01 10:03:21,0,3378.14,-100.26,270.44
7544,2026/10/01 10:03:21,500,3378.54,-99.06,270.76
7545,2026/10/01 10:03:22,0,3374.73,-101.51,270.67
7546,2026/10/01 10:03:22,500,3375.88,-99.78,270.64
7547,2026/10/01 10:03:23,0,3376.66,-97.67,269.91
7548,2026/10/01 10:03:23,500,3373.82,-100.34,269.7
7549,2026/10/01 10:03:24,0,3373.15,-97.24,270.12
7550,2026/10/01 10:03:24,500,3373.22,-99.75,270.51
7551,2026/10/01 10:03:25,0,3373.07,-100.08,269.63
7552,2026/10/01 10:03:25,500,3372.32,-99.83,270.58
7553,2026/10/01 10:03:26,0,3370.88,-100.47,270.48
7554,2026/10/01 10:03:26,500,3369.91,-102.97,270.21
7555,2026/10/01 10:03:27,0,3370.99,-98.68,270.34
7556,2026/10/01 10:03:27,500,3368.7,-96.71,270.35
7557,2026/10/01 10:03:28,0,3367.17,-99.28,270.55
7558,2026/10/01 10:03:28,500,3366.93,-99.19,270.71
7559,2026/10/01 10:03:29,0,3367.02,-100.27,271.78
7560,2026/10/01 10:03:29,500,3368.06,-98.26,270.43
7561,2026/10/01 10:03:30,0,3365.3,-100.06,270.03
7562,2026/10/01 10:03:30,500,3366.86,-99.6,269.41
7563,2026/10/01 10:03:31,0,3366.08,-102.35,269.67
7564,2026/10/01 10:03:31,500,3364.61,-100.79,270.0
7565,2026/10/01 10:03:32,0,3361.78,-99.45,270.73
7566,2026/10/01 10:03:32,500,3362.27,-98.64,270.2
7567,2026/10/01 10:03:33,0,3362.1,-98.6,270.61
7568,2026/10/01 10:03:33,500,3363.39,-102.37,270.05
7569,2026/10/01 10:03:34,0,3360.95,-102.22,270.65
7570,2026/10/01 10:03:34,500,3360.18,-99.12,270.86
7571,2026/10/01 10:03:35,0,3360.35,-101.12,270.24
7572,2026/10/01 10:03:35,500,3358.47,-98.66,270.66
7573,2026/10/01 10:03:36,0,3358.98,-102.45,270.23
7574,2026/10/01 10:03:36,500,3357.77,-100.15,269.84
7575,2026/10/01 10:03:37,0,3359.96,-100.05,270.75
7576,2026/10/01 10:03:37,500,3356.48,-99.28,270.68
7577,2026/10/01 10:03:38,0,3358.16,-101.55,270.78
7578,2026/10/01 10:03:38,500,3355.11,-102.95,270.97
7579,2026/10/01 10:03:39,0,3355.64,-99.74,270.38
7580,2026/10/01 10:03:39,500,3355.24,-99.21,270.42
7581,2026/10/01 10:03:40,0,3354.36,-98.49,270.37
7582,2026/10/01 10:03:40,500,3353.72,-100.54,270.7
7583,2026/10/01 10:03:41,0,3353.76,-98.84,270.46
7584,2026/10/01 10:03:41,500,3352.81,-99.27,270.6
7585,2026/10/01 10:03:42,0,3351.76,-98.02,270.19
7586,2026/10/01 10:03:42,500,3350.77,-100.08,270.04
7587,2026/10/01 10:03:43,0,3350.59,-102.59,270.11
7588,2026/10/01 10:03:43,500,3350.0,-100.1,270.78
7589,2026/10/01 10:03:44,0,3349.4,-99.87,270.56
7590,2026/10/01 10:03:44,500,3349.03,-99.22,270.34
7591,2026/10/01 10:03:45,0,3347.26,-102.3,270.93
7592,2026/10/01 10:03:45,500,3346.99,-100.47,271.33
7593,2026/10/01 10:03:46,0,3347.9,-98.7,270.36
7594,2026/10/01 10:03:46,500,3344.85,-100.16,270.08
7595,2026/10/01 10:03:47,0,3347.03,-100.46,271.1
7596,2026/10/01 10:03:47,500,3345.05,-97.14,270.64
7597,2026/10/01 10:03:48,0,3346.26,-101.61,270.55
7598,2026/10/01 10:03:48,500,3345.33,-98.15,271.16
7599,2026/10/01 10:03:49,0,3343.52,-98.47,270.53
7600,2026/10/01 10:03:49,500,3343.03,-100.34,270.86
7601,2026/10/01 10:03:50,0,3343.91,-100.05,270.75
7602,2026/10/01 10:03:50,500,3343.08,-100.05,272.3
7603,2026/10/01 10:03:51,0,3342.27,-99.73,270.62
7604,2026/10/01 10:03:51,500,3341.84,-100.89,271.16
7605,2026/10/01 10:03:52,0,3339.49,-100.64,270.58
7606,2026/10/01 10:03:52,500,3339.95,-100.53,270.94
7607,2026/10/01 10:03:53,0,3338.61,-100.48,270.62
7608,2026/10/01 10:03:53,500,3337.77,-100.47,271.12
7609,2026/10/01 10:03:54,0,3338.23,-103.36,270.69
7610,2026/10/01 10:03:54,500,3337.2,-99.85,270.99
7611,2026/10/01 10:03:55,0,3336.84,-100.79,270.37
7612,2026/10/01 10:03:55,500,3336.01,-102.8,270.36
7613,2026/10/01 10:03:56,0,3334.85,-100.53,269.82
7614,2026/10/01 10:03:56,500,3336.65,-100.57,270.96
7615,2026/10/01 10:03:57,0,3334.86,-98.09,270.46
7616,2026/10/01 10:03:57,500,3333.02,-100.81,271.89
7617,2026/10/01 10:03:58,0,3333.76,-99.0,270.56
7618,2026/10/01 10:03:58,500,3334.28,-97.93,271.43
7619,2026/10/01 10:03:59,0,3333.27,-100.94,271.38
7620,2026/10/01 10:03:59,500,3331.54,-100.07,270.7
7621,2026/10/01 10:04:00,0,3331.01,-97.41,270.46
7622,2026/10/01 10:04:00,500,3330.08,-99.66,270.77
7623,2026/10/01 10:04:01,0,3329.7,-99.44,271.41
7624,2026/10/01 10:04:01,500,3329.22,-100.61,271.99
7625,2026/10/01 10:04:02,0,3328.02,-98.97,270.24
7626,2026/10/01 10:04:02,500,3328.3,-100.06,270.87
7627,2026/10/01 10:04:03,0,3328.38,-102.75,270.57
7628,2026/10/01 10:04:03,500,3327.23,-100.53,270.7
7629,2026/10/01 10:04:04,0,3327.19,-101.77,271.74
7630,2026/10/01 10:04:04,500,3327.76,-99.83,270.51
7631,2026/10/01 10:04:05,0,3327.39,-101.38,270.1
7632,2026/10/01 10:04:05,500,3325.33,-99.28,271.01
7633,2026/10/01 10:04:06,0,3325.54,-99.93,271.11
7634,2026/10/01 10:04:06,500,3324.16,-101.87,270.72
7635,2026/10/01 10:04:07,0,3323.37,-100.74,270.59
7636,2026/10/01 10:04:07,500,3322.33,-99.07,271.02
7637,2026/10/01 10:04:08,0,3322.75,-98.28,270.27
7638,2026/10/01 10:04:08,500,3323.01,-101.35,271.17
7639,2026/10/01 10:04:09,0,3320.59,-101.65,270.79
7640,2026/10/01 10:04:09,500,3320.84,-97.07,271.66
7641,2026/10/01 10:04:10,0,3320.27,-100.01,271.14
7642,2026/10/01 10:04:10,500,3320.2,-99.86,270.91
7643,2026/10/01 10:04:11,0,3319.68,-101.11,270.88
7644,2026/10/01 10:04:11,500,3319.37,-99.68,270.03
7645,2026/10/01 10:04:12,0,3319.92,-97.43,270.95
7646,2026/10/01 10:04:12,500,3317.18,-99.62,270.91
7647,2026/10/01 10:04:13,0,3316.61,-98.4,271.05
7648,2026/10/01 10:04:13,500,3317.02,-99.96,270.94
7649,2026/10/01 10:04:14,0,3317.45,-101.54,271.75
7650,2026/10/01 10:04:14,500,3314.59,-101.02,270.91
7651,2026/10/01 10:04:15,0,3315.5,-101.68,270.63
7652,2026/10/01 10:04:15,500,3314.55,-99.67,270.23
7653,2026/10/01 10:04:16,0,3314.87,-98.16,270.85
7654,2026/10/01 10:04:16,500,3314.17,-99.76,270.55
7655,2026/10/01 10:04:17,0,3313.18,-100.46,270.43
7656,2026/10/01 10:04:17,500,3313.01,-101.18,270.93
7657,2026/10/01 10:04:18,0,3311.58,-99.47,271.67
7658,2026/10/01 10:04:18,500,3312.22,-101.86,271.57
7659,2026/10/01 10:04:19,0,3312.17,-101.7,270.47
7660,2026/10/01 10:04:19,500,3310.63,-98.65,271.14
7661,2026/10/01 10:04:20,0,3309.7,-100.42,271.34
7662,2026/10/01 10:04:20,500,3309.4,-100.45,271.43
7663,2026/10/01 10:04:21,0,3309.63,-100.25,271.94
7664,2026/10/01 10:04:21,500,3308.45,-98.91,270.56
7665,2026/10/01 10:04:22,0,3307.01,-99.75,270.71
7666,2026/10/01 10:04:22,500,3308.22,-101.11,270.83
7667,2026/10/01 10:04:23,0,3306.16,-101.06,271.36
7668,2026/10/01 10:04:23,500,3306.77,-100.29,269.82
7669,2026/10/01 10:04:24,0,3304.43,-99.55,271.07
7670,2026/10/01 10:04:24,500,3305.5,-100.05,270.3
7671,2026/10/01 10:04:25,0,3304.85,-100.19,271.2
7672,2026/10/01 10:04:25,500,3302.82,-99.93,272.24
7673,2026/10/01 10:04:26,0,3304.16,-100.05,271.67
7674,2026/10/01 10:04:26,500,3302.5,-101.17,270.61
7675,2026/10/01 10:04:27,0,3302.95,-98.34,271.02
7676,2026/10/01 10:04:27,500,3302.04,-100.72,270.79
7677,2026/10/01 10:04:28,0,3300.69,-99.81,271.89
7678,2026/10/01 10:04:28,500,3300.53,-103.09,270.15
7679,2026/10/01 10:04:29,0,3300.09,-100.32,271.04
7680,2026/10/01 10:04:29,500,3301.15,-101.65,270.92
7681,2026/10/01 10:04:30,0,3300.53,-101.47,270.69
7682,2026/10/01 10:04:30,500,3301.12,-96.37,272.11
7683,2026/10/01 10:04:31,0,3298.46,-99.63,270.51
7684,2026/10/01 10:04:31,500,3297.93,-98.16,270.7
7685,2026/10/01 10:04:32,0,3297.98,-98.72,272.1
7686,2026/10/01 10:04:32,500,3297.09,-98.53,271.26
7687,2026/10/01 10:04:33,0,3296.41,-100.3,271.23
7688,2026/10/01 10:04:33,500,3296.43,-97.59,271.01
7689,2026/10/01 10:04:34,0,3296.46,-98.73,271.33
7690,2026/10/01 10:04:34,500,3293.71,-99.94,271.12
7691,2026/10/01 10:04:35,0,3294.45,-99.61,270.98
7692,2026/10/01 10:04:35,500,3293.29,-100.21,270.65
7693,2026/10/01 10:04:36,0,3293.8,-99.92,271.38
7694,2026/10/01 10:04:36,500,3293.78,-100.07,271.07
7695,2026/10/01 10:04:37,0,3293.84,-99.43,271.14
7696,2026/10/01 10:04:37,500,3292.11,-97.39,271.71
7697,2026/10/01 10:04:38,0,3292.06,-101.81,271.14
7698,2026/10/01 10:04:38,500,3290.14,-98.29,271.34
7699,2026/10/01 10:04:39,0,3290.31,-100.55,272.24
7700,2026/10/01 10:04:39,500,3290.68,-98.1,271.6
7701,2026/10/01 10:04:40,0,3288.95,-100.5,271.15
7702,2026/10/01 10:04:40,500,3290.54,-99.38,270.88
7703,2026/10/01 10:04:41,0,3289.49,-100.24,271.37
7704,2026/10/01 10:04:41,500,3287.86,-102.6,271.83
7705,2026/10/01 10:04:42,0,3286.92,-97.39,271.15
7706,2026/10/01 10:04:42,500,3287.05,-101.41,271.43
7707,2026/10/01 10:04:43,0,3286.43,-99.87,271.15
7708,2026/10/01 10:04:43,500,3285.7,-101.58,271.26
7709,2026/10/01 10:04:44,0,3285.07,-102.01,270.84
7710,2026/10/01 10:04:44,500,3285.53,-100.31,271.59
7711,2026/10/01 10:04:45,0,3285.83,-100.89,271.53
7712,2026/10/01 10:04:45,500,3284.2,-101.75,272.2
7713,2026/10/01 10:04:46,0,3284.65,-100.05,271.53
7714,2026/10/01 10:04:46,500,3283.55,-102.22,271.12
7715,2026/10/01 10:04:47,0,3283.83,-99.81,272.21
7716,2026/10/01 10:04:47,500,3282.24,-100.19,271.67
7717,2026/10/01 10:04:48,0,3282.63,-103.72,271.59
7718,2026/10/01 10:04:48,500,3282.03,-100.78,271.5
7719,2026/10/01 10:04:49,0,3282.55,-99.3,271.59
7720,2026/10/01 10:04:49,500,3281.44,-101.6,271.09
7721,2026/10/01 10:04:50,0,3280.73,-99.23,271.48
7722,2026/10/01 10:04:50,500,3278.88,-99.35,271.42
7723,2026/10/01 10:04:51,0,3279.17,-101.53,271.72
7724,2026/10/01 10:04:51,500,3278.49,-100.02,272.1
7725,2026/10/01 10:04:52,0,3278.0,-98.76,272.04
7726,2026/10/01 10:04:52,500,3278.21,-101.31,271.82
7727,2026/10/01 10:04:53,0,3277.93,-100.31,270.71
7728,2026/10/01 10:04:53,500,3277.5,-98.27,271.36
7729,2026/10/01 10:04:54,0,3277.82,-101.29,270.67
7730,2026/10/01 10:04:54,500,3276.74,-99.31,272.13
7731,2026/10/01 10:04:55,0,3274.91,-101.62,271.53
7732,2026/10/01 10:04:55,500,3275.59,-100.24,271.53
7733,2026/10/01 10:04:56,0,3275.44,-99.33,271.27
7734,2026/10/01 10:04:56,500,3275.52,-103.61,272.25
7735,2026/10/01 10:04:57,0,3273.93,-100.8,271.67
7736,2026/10/01 10:04:57,500,3273.48,-99.36,271.57
7737,2026/10/01 10:04:58,0,3274.01,-99.66,271.7
7738,2026/10/01 10:04:58,500,3272.83,-100.78,271.74
7739,2026/10/01 10:04:59,0,3270.96,-101.66,271.58
7740,2026/10/01 10:04:59,500,3270.33,-99.06,272.29
7741,2026/10/01 10:05:00,0,3272.8,-100.48,272.29
7742,2026/10/01 10:05:00,500,3269.51,-99.18,271.72
7743,2026/10/01 10:05:01,0,3270.29,-99.43,271.29
7744,2026/10/01 10:05:01,500,3270.68,-100.67,271.85
7745,2026/10/01 10:05:02,0,3268.11,-98.39,271.39
7746,2026/10/01 10:05:02,500,3268.21,-100.89,272.41
7747,2026/10/01 10:05:03,0,3267.63,-98.21,272.49
7748,2026/10/01 10:05:03,500,3269.62,-98.02,272.07
7749,2026/10/01 10:05:04,0,3269.35,-98.42,271.14
7750,2026/10/01 10:05:04,500,3266.7,-100.27,271.49
7751,2026/10/01 10:05:05,0,3267.31,-96.18,271.63
7752,2026/10/01 10:05:05,500,3266.65,-99.77,271.32
7753,2026/10/01 10:05:06,0,3265.73,-99.64,271.6
7754,2026/10/01 10:05:06,500,3264.21,-100.03,271.87
7755,2026/10/01 10:05:07,0,3266.92,-101.69,272.02
7756,2026/10/01 10:05:07,500,3263.18,-98.06,272.41
7757,2026/10/01 10:05:08,0,3264.36,-100.86,271.76
7758,2026/10/01 10:05:08,500,3263.23,-98.62,271.63
7759,2026/10/01 10:05:09,0,3264.12,-98.26,271.14
7760,2026/10/01 10:05:09,500,3263.55,-99.1,271.97
7761,2026/10/01 10:05:10,0,3261.65,-101.04,271.58
7762,2026/10/01 10:05:10,500,3261.36,-100.51,271.71
7763,2026/10/01 10:05:11,0,3260.32,-104.02,271.53
7764,2026/10/01 10:05:11,500,3261.28,-100.17,271.55
7765,2026/10/01 10:05:12,0,3261.26,-98.8,272.19
7766,2026/10/01 10:05:12,500,3259.9,-100.36,271.81
7767,2026/10/01 10:05:13,0,3259.63,-100.89,272.62
7768,2026/10/01 10:05:13,500,3260.92,-100.45,271.29
7769,2026/10/01 10:05:14,0,3259.71,-98.18,272.48
7770,2026/10/01 10:05:14,500,3259.6,-100.08,271.62
7771,2026/10/01 10:05:15,0,3256.3,-97.21,271.84
7772,2026/10/01 10:05:15,500,3258.1,-100.86,272.13
7773,2026/10/01 10:05:16,0,3257.44,-99.67,272.4
7774,2026/10/01 10:05:16,500,3255.81,-100.65,272.42
7775,2026/10/01 10:05:17,0,3255.55,-96.89,272.42
7776,2026/10/01 10:05:17,500,3255.78,-99.73,271.8
7777,2026/10/01 10:05:18,0,3254.45,-96.81,272.82
7778,2026/10/01 10:05:18,500,3254.46,-100.63,272.23
7779,2026/10/01 10:05:19,0,3254.31,-97.71,270.45
7780,2026/10/01 10:05:19,500,3254.71,-99.82,271.96
7781,2026/10/01 10:05:20,0,3253.26,-98.75,271.76
7782,2026/10/01 10:05:20,500,3253.05,-101.83,271.8
7783,2026/10/01 10:05:21,0,3253.8,-99.48,272.28
7784,2026/10/01 10:05:21,500,3251.15,-101.6,272.13
7785,2026/10/01 10:05:22,0,3252.32,-99.61,271.64
7786,2026/10/01 10:05:22,500,3252.03,-102.28,272.74
7787,2026/10/01 10:05:23,0,3251.64,-100.14,271.35
7788,2026/10/01 10:05:23,500,3250.48,-98.36,271.32
7789,2026/10/01 10:05:24,0,3249.62,-99.18,271.46
7790,2026/10/01 10:05:24,500,3251.27,-101.85,272.23
7791,2026/10/01 10:05:25,0,3248.95,-102.85,272.2
7792,2026/10/01 10:05:25,500,3248.32,-99.25,271.62
7793,2026/10/01 10:05:26,0,3248.82,-97.63,271.73
7794,2026/10/01 10:05:26,500,3247.8,-101.45,272.04
7795,2026/10/01 10:05:27,0,3248.82,-96.85,271.51
7796,2026/10/01 10:05:27,500,3247.35,-100.01,272.45
7797,2026/10/01 10:05:28,0,3248.09,-102.94,272.84
7798,2026/10/01 10:05:28,500,3247.1,-102.34,271.98
7799,2026/10/01 10:05:29,0,3246.02,-98.85,272.24
7800,2026/10/01 10:05:29,500,3246.81,-99.81,272.13
7801,2026/10/01 10:05:30,0,3244.99,-97.78,272.77
7802,2026/10/01 10:05:30,500,3244.84,-101.8,273.06
7803,2026/10/01 10:05:31,0,3245.11,-99.82,271.92
7804,2026/10/01 10:05:31,500,3244.46,-99.99,272.12
7805,2026/10/01 10:05:32,0,3243.34,-100.21,272.54
7806,2026/10/01 10:05:32,500,3242.24,-100.57,272.29
7807,2026/10/01 10:05:33,0,3243.05,-100.54,271.67
7808,2026/10/01 10:05:33,500,3242.08,-99.74,271.23
7809,2026/10/01 10:05:34,0,3242.28,-99.55,271.84
7810,2026/10/01 10:05:34,500,3241.52,-99.62,272.31
7811,2026/10/01 10:05:35,0,3240.88,-98.19,271.95
7812,2026/10/01 10:05:35,500,3240.83,-101.8,271.63
7813,2026/10/01 10:05:36,0,3240.59,-102.72,271.87
7814,2026/10/01 10:05:36,500,3240.8,-98.47,273.09
7815,2026/10/01 10:05:37,0,3240.18,-101.42,271.61
7816,2026/10/01 10:05:37,500,3241.12,-100.57,272.03
7817,2026/10/01 10:05:38,0,3239.16,-100.92,271.93
7818,2026/10/01 10:05:38,500,3238.11,-100.95,273.17
7819,2026/10/01 10:05:39,0,3238.12,-102.19,271.47
7820,2026/10/01 10:05:39,500,3238.31,-100.85,271.82
7821,2026/10/01 10:05:40,0,3238.26,-99.03,272.25
7822,2026/10/01 10:05:40,500,3238.14,-100.01,272.31
7823,2026/10/01 10:05:41,0,3235.86,-99.24,272.79
7824,2026/10/01 10:05:41,500,3237.3,-100.74,272.74
7825,2026/10/01 10:05:42,0,3235.84,-98.65,271.89
7826,2026/10/01 10:05:42,500,3234.75,-100.76,272.41
7827,2026/10/01 10:05:43,0,3234.93,-103.16,272.17
7828,2026/10/01 10:05:43,500,3235.67,-99.53,272.03
7829,2026/10/01 10:05:44,0,3234.68,-98.85,272.78
7830,2026/10/01 10:05:44,500,3232.95,-100.84,272.4
7831,2026/10/01 10:05:45,0,3232.57,-98.2,273.08
7832,2026/10/01 10:05:45,500,3232.16,-101.28,272.52
7833,2026/10/01 10:05:46,0,3232.17,-98.99,272.76
7834,2026/10/01 10:05:46,500,3232.43,-97.38,270.94
7835,2026/10/01 10:05:47,0,3231.08,-99.94,272.35
7836,2026/10/01 10:05:47,500,3231.25,-100.34,272.53
7837,2026/10/01 10:05:48,0,3232.33,-100.16,272.58
7838,2026/10/01 10:05:48,500,3232.12,-97.56,273.1
7839,2026/10/01 10:05:49,0,3231.68,-99.4,272.64
7840,2026/10/01 10:05:49,500,3228.62,-96.78,271.73
7841,2026/10/01 10:05:50,0,3231.01,-99.58,272.62
7842,2026/10/01 10:05:50,500,3229.37,-100.98,272.77
7843,2026/10/01 10:05:51,0,3228.97,-100.88,272.05
7844,2026/10/01 10:05:51,500,3229.35,-99.91,272.16
7845,2026/10/01 10:05:52,0,3228.71,-103.06,272.77
7846,2026/10/01 10:05:52,500,3226.27,-100.71,272.38
7847,2026/10/01 10:05:53,0,3226.9,-100.68,272.93
7848,2026/10/01 10:05:53,500,3226.72,-99.64,272.49
7849,2026/10/01 10:05:54,0,3225.57,-97.09,271.31
7850,2026/10/01 10:05:54,500,3227.05,-99.92,272.44
7851,2026/10/01 10:05:55,0,3227.03,-102.88,272.21
7852,2026/10/01 10:05:55,500,3225.49,-101.37,272.73
7853,2026/10/01 10:05:56,0,3225.37,-99.61,272.64
7854,2026/10/01 10:05:56,500,3224.74,-99.86,271.96
7855,2026/10/01 10:05:57,0,3224.46,-97.56,272.54
7856,2026/10/01 10:05:57,500,3224.9,-98.56,272.71
7857,2026/10/01 10:05:58,0,3222.22,-98.6,272.67
7858,2026/10/01 10:05:58,500,3223.65,-100.33,272.95
7859,2026/10/01 10:05:59,0,3222.9,-98.35,271.95
7860,2026/10/01 10:05:59,500,3221.94,-101.34,272.39
7861,2026/10/01 10:06:00,0,3221.74,-98.55,271.36
7862,2026/10/01 10:06:00,500,3223.24,-100.42,273.07
7863,2026/10/01 10:06:01,0,3220.34,-102.17,272.55
7864,2026/10/01 10:06:01,500,3220.9,-99.11,272.45
7865,2026/10/01 10:06:02,0,3221.97,-97.9,272.45
7866,2026/10/01 10:06:02,500,3219.29,-100.61,272.76
7867,2026/10/01 10:06:03,0,3219.57,-97.66,273.05
7868,2026/10/01 10:06:03,500,3219.6,-102.48,272.39
7869,2026/10/01 10:06:04,0,3219.53,-101.8,272.74
7870,2026/10/01 10:06:04,500,3218.77,-100.22,272.74
7871,2026/10/01 10:06:05,0,3217.76,-100.56,271.45
7872,2026/10/01 10:06:05,500,3218.47,-101.0,272.2
7873,2026/10/01 10:06:06,0,3217.67,-99.8,272.78
7874,2026/10/01 10:06:06,500,3217.89,-100.79,273.19
7875,2026/10/01 10:06:07,0,3217.76,-100.54,273.26
7876,2026/10/01 10:06:07,500,3215.47,-99.58,271.97
7877,2026/10/01 10:06:08,0,3217.13,-101.0,273.09
7878,2026/10/01 10:06:08,500,3215.74,-100.16,273.11
7879,2026/10/01 10:06:09,0,3216.24,-100.97,272.81
7880,2026/10/01 10:06:09,500,3215.62,-101.81,271.6
7881,2026/10/01 10:06:10,0,3216.35,-98.85,272.35
7882,2026/10/01 10:06:10,500,3214.51,-97.44,272.67
7883,2026/10/01 10:06:11,0,3213.82,-98.4,272.51
7884,2026/10/01 10:06:11,500,3213.38,-99.5,271.55
7885,2026/10/01 10:06:12,0,3212.6,-100.96,272.51
7886,2026/10/01 10:06:12,500,3213.73,-100.43,272.18
7887,2026/10/01 10:06:13,0,3211.84,-98.41,272.95
7888,2026/10/01 10:06:13,500,3213.01,-103.42,272.9
7889,2026/10/01 10:06:14,0,3211.84,-100.54,272.92
7890,2026/10/01 10:06:14,500,3210.25,-98.9,272.48
7891,2026/10/01 10:06:15,0,3212.5,-101.71,272.69
7892,2026/10/01 10:06:15,500,3208.26,-99.36,272.64
7893,2026/10/01 10:06:16,0,3210.54,-99.43,273.14
7894,2026/10/01 10:06:16,500,3210.44,-102.18,272.43
7895,2026/10/01 10:06:17,0,3208.06,-99.87,272.32
7896,2026/10/01 10:06:17,500,3209.91,-100.93,273.19
7897,2026/10/01 10:06:18,0,3208.67,-99.38,273.12
7898,2026/10/01 10:06:18,500,3208.66,-99.0,272.95
7899,2026/10/01 10:06:19,0,3209.59,-99.4,273.51
7900,2026/10/01 10:06:19,500,3208.28,-99.89,273.77
7901,2026/10/01 10:06:20,0,3207.54,-99.57,273.35
7902,2026/10/01 10:06:20,500,3207.34,-101.76,272.37
7903,2026/10/01 10:06:21,0,3208.55,-100.05,273.16
7904,2026/10/01 10:06:21,500,3207.11,-101.19,272.81
7905,2026/10/01 10:06:22,0,3205.73,-98.45,272.48
7906,2026/10/01 10:06:22,500,3205.7,-98.98,272.4
7907,2026/10/01 10:06:23,0,3204.8,-98.98,272.91
7908,2026/10/01 10:06:23,500,3205.05,-97.43,273.19
7909,2026/10/01 10:06:24,0,3206.35,-100.49,273.47
7910,2026/10/01 10:06:24,500,3204.59,-100.82,273.13
7911,2026/10/01 10:06:25,0,3203.31,-100.53,273.08
7912,2026/10/01 10:06:25,500,3204.39,-102.4,272.7
7913,2026/10/01 10:06:26,0,3203.39,-102.29,272.92
7914,2026/10/01 10:06:26,500,3203.81,-99.07,272.07
7915,2026/10/01 10:06:27,0,3202.83,-102.09,273.1
7916,2026/10/01 10:06:27,500,3203.84,-101.61,273.04
7917,2026/10/01 10:06:28,0,3201.62,992.01,273.79
7918,2026/10/01 10:06:28,500,3201.08,-100.62,272.82
7919,2026/10/01 10:06:29,0,3202.43,-98.67,273.44
7920,2026/10/01 10:06:29,500,3199.74,-99.91,272.61
7921,2026/10/01 10:06:30,0,3200.87,-101.2,273.7
7922,2026/10/01 10:06:30,500,3201.31,-98.54,273.59
7923,2026/10/01 10:06:31,0,3198.58,-98.91,273.43
7924,2026/10/01 10:06:31,500,3200.05,-102.12,272.9
7925,2026/10/01 10:06:32,0,3198.47,-99.62,272.77
7926,2026/10/01 10:06:32,500,3197.86,-101.07,272.7
7927,2026/10/01 10:06:33,0,3198.15,-101.11,272.41
7928,2026/10/01 10:06:33,500,3198.53,-97.2,273.13
7929,2026/10/01 10:06:34,0,3197.78,-99.81,272.78
7930,2026/10/01 10:06:34,500,3198.9,-100.33,273.1
7931,2026/10/01 10:06:35,0,3197.75,-99.87,273.0
7932,2026/10/01 10:06:35,500,3196.96,-98.69,272.38
7933,2026/10/01 10:06:36,0,3195.98,-101.05,273.46
7934,2026/10/01 10:06:36,500,3196.88,-100.8,272.98
7935,2026/10/01 10:06:37,0,3198.02,-99.01,273.37
7936,2026/10/01 10:06:37,500,3195.48,-102.27,272.36
7937,2026/10/01 10:06:38,0,3195.25,-98.51,272.57
7938,2026/10/01 10:06:38,500,3194.54,-102.41,272.76
7939,2026/10/01 10:06:39,0,3196.01,-100.37,273.08
7940,2026/10/01 10:06:39,500,3195.48,-102.4,272.92
7941,2026/10/01 10:06:40,0,3194.06,-101.58,273.66
7942,2026/10/01 10:06:40,500,3193.61,-98.05,273.5
7943,2026/10/01 10:06:41,0,3193.01,-98.43,272.62
7944,2026/10/01 10:06:41,500,3193.21,-98.27,274.46
7945,2026/10/01 10:06:42,0,3193.94,-102.17,272.96
7946,2026/10/01 10:06:42,500,3192.83,-101.58,273.65
7947,2026/10/01 10:06:43,0,3193.51,-99.49,272.87
7948,2026/10/01 10:06:43,500,3191.58,-98.93,273.33
7949,2026/10/01 10:06:44,0,3189.99,-101.2,273.5
7950,2026/10/01 10:06:44,500,3193.6,-100.87,272.27
7951,2026/10/01 10:06:45,0,3191.37,-101.7,273.91
7952,2026/10/01 10:06:45,500,3191.51,-97.51,272.65
7953,2026/10/01 10:06:46,0,3189.94,-100.71,272.87
7954,2026/10/01 10:06:46,500,3189.16,-99.95,272.75
7955,2026/10/01 10:06:47,0,3190.06,-99.87,272.77
7956,2026/10/01 10:06:47,500,3188.02,-98.34,272.8
7957,2026/10/01 10:06:48,0,3189.09,-101.43,272.47
7958,2026/10/01 10:06:48,500,3189.8,-98.25,273.45
7959,2026/10/01 10:06:49,0,3189.03,-101.92,273.14
7960,2026/10/01 10:06:49,500,3188.56,-98.25,273.02
7961,2026/10/01 10:06:50,0,3189.44,-102.57,273.6
7962,2026/10/01 10:06:50,500,3188.03,-100.16,273.98
7963,2026/10/01 10:06:51,0,3185.89,-97.56,272.32
7964,2026/10/01 10:06:51,500,3186.98,-98.95,273.92
7965,2026/10/01 10:06:52,0,3188.33,-99.37,273.1
7966,2026/10/01 10:06:52,500,3186.23,-101.57,272.44
7967,2026/10/01 10:06:53,0,3187.66,-101.1,273.33
7968,2026/10/01 10:06:53,500,3186.68,-97.98,273.07
7969,2026/10/01 10:06:54,0,3185.22,-99.29,273.57
7970,2026/10/01 10:06:54,500,3184.38,-98.66,273.21
7971,2026/10/01 10:06:55,0,3185.21,-99.89,273.33
7972,2026/10/01 10:06:55,500,3185.64,-100.42,272.94
7973,2026/10/01 10:06:56,0,3183.06,-98.85,272.64
7974,2026/10/01 10:06:56,500,3184.11,-99.61,273.54
7975,2026/10/01 10:06:57,0,3182.07,-100.25,272.91
7976,2026/10/01 10:06:57,500,3183.13,-102.12,273.38
7977,2026/10/01 10:06:58,0,3181.77,-98.57,273.92
7978,2026/10/01 10:06:58,500,3183.24,-99.34,273.11
7979,2026/10/01 10:06:59,0,3181.93,-100.91,273.54
7980,2026/10/01 10:06:59,500,3183.11,-98.23,273.18
7981,2026/10/01 10:07:00,0,3181.44,-99.63,273.02
7982,2026/10/01 10:07:00,500,3181.07,-99.6,272.43
7983,2026/10/01 10:07:01,0,3179.98,-98.67,273.2
7984,2026/10/01 10:07:01,500,3181.28,-99.0,273.14
7985,2026/10/01 10:07:02,0,3181.06,-99.56,272.79
7986,2026/10/01 10:07:02,500,3181.12,-100.28,272.22
7987,2026/10/01 10:07:03,0,3180.59,-97.02,272.4
7988,2026/10/01 10:07:03,500,3180.09,-101.1,274.14
7989,2026/10/01 10:07:04,0,3179.94,-98.88,273.27
7990,2026/10/01 10:07:04,500,3179.73,-100.13,272.54
7991,2026/10/01 10:07:05,0,3179.6,-99.32,272.96
7992,2026/10/01 10:07:05,500,3177.35,-98.15,273.27
7993,2026/10/01 10:07:06,0,3177.91,-100.47,273.5
7994,2026/10/01 10:07:06,500,3176.68,-99.1,273.16
7995,2026/10/01 10:07:07,0,3177.95,-99.6,274.29
7996,2026/10/01 10:07:07,500,3178.69,-100.96,274.32
7997,2026/10/01 10:07:08,0,3177.81,-98.11,273.49
7998,2026/10/01 10:07:08,500,3176.31,-98.93,273.12
7999,2026/10/01 10:07:09,0,3176.91,-100.65,273.5
8000,2026/10/01 10:07:09,500,3176.49,-98.34,272.65
8001,2026/10/01 10:07:10,0,3176.1,-101.25,273.82
8002,2026/10/01 10:07:10,500,3174.58,-100.04,273.41
8003,2026/10/01 10:07:11,0,3176.38,-100.64,272.72
8004,2026/10/01 10:07:11,500,3174.09,-98.87,273.04
8005,2026/10/01 10:07:12,0,3174.45,-100.72,273.63
8006,2026/10/01 10:07:12,500,3175.22,-98.86,272.51
8007,2026/10/01 10:07:13,0,3173.86,-99.11,272.9
8008,2026/10/01 10:07:13,500,3173.94,-100.56,273.12
8009,2026/10/01 10:07:14,0,3173.68,-97.26,273.85
8010,2026/10/01 10:07:14,500,3173.35,-101.12,274.22
8011,2026/10/01 10:07:15,0,3173.1,-102.11,273.56
8012,2026/10/01 10:07:15,500,3172.89,-98.72,271.8
8013,2026/10/01 10:07:16,0,3172.49,-103.22,272.82
8014,2026/10/01 10:07:16,500,3171.43,-97.76,275.14
8015,2026/10/01 10:07:17,0,3170.62,-99.85,273.47
8016,2026/10/01 10:07:17,500,3172.37,-102.14,272.1
8017,2026/10/01 10:07:18,0,3172.12,-101.42,274.59
8018,2026/10/01 10:07:18,500,3171.27,-102.45,272.74
8019,2026/10/01 10:07:19,0,3170.98,-99.43,273.7
8020,2026/10/01 10:07:19,500,3169.7,-101.99,272.85
8021,2026/10/01 10:07:20,0,3168.2,-99.25,274.53
8022,2026/10/01 10:07:20,500,3169.66,-100.46,272.72
8023,2026/10/01 10:07:21,0,3168.06,-100.71,273.15
8024,2026/10/01 10:07:21,500,3169.45,-99.24,273.97
8025,2026/10/01 10:07:22,0,3170.06,-99.06,273.17
8026,2026/10/01 10:07:22,500,3168.24,-98.28,273.7
8027,2026/10/01 10:07:23,0,3168.01,-100.95,273.88
8028,2026/10/01 10:07:23,500,3167.37,-100.04,273.55
8029,2026/10/01 10:07:24,0,3167.93,-100.95,272.92
8030,2026/10/01 10:07:24,500,3167.59,-99.76,273.08
8031,2026/10/01 10:07:25,0,3166.52,-101.17,273.29
8032,2026/10/01 10:07:25,500,3167.79,-100.64,273.78
8033,2026/10/01 10:07:26,0,3168.94,-100.63,273.9
8034,2026/10/01 10:07:26,500,3167.45,-99.56,273.6
8035,2026/10/01 10:07:27,0,3166.13,-100.0,273.85
8036,2026/10/01 10:07:27,500,3165.85,-99.24,272.71
8037,2026/10/01 10:07:28,0,3165.26,-100.16,273.66
8038,2026/10/01 10:07:28,500,3164.97,-100.87,273.49
8039,2026/10/01 10:07:29,0,3165.88,-99.71,273.77
8040,2026/10/01 10:07:29,500,3165.64,-101.38,273.91
8041,2026/10/01 10:07:30,0,3163.63,-99.15,273.01
8042,2026/10/01 10:07:30,500,3164.59,-100.43,273.49
8043,2026/10/01 10:07:31,0,3164.91,-99.69,274.21
8044,2026/10/01 10:07:31,500,3163.47,-99.67,273.7
8045,2026/10/01 10:07:32,0,3163.31,-97.6,273.51
8046,2026/10/01 10:07:32,500,3163.76,-99.43,272.95
8047,2026/10/01 10:07:33,0,3163.51,-99.89,273.84
8048,2026/10/01 10:07:33,500,3163.0,-101.04,272.88
8049,2026/10/01 10:07:34,0,3162.59,-98.8,273.49
8050,2026/10/01 10:07:34,500,3162.43,-100.41,273.34
8051,2026/10/01 10:07:35,0,3161.63,-102.29,273.79
8052,2026/10/01 10:07:35,500,3160.69,-100.29,273.3
8053,2026/10/01 10:07:36,0,3160.06,-99.71,273.44
8054,2026/10/01 10:07:36,500,3161.52,-101.23,273.15
8055,2026/10/01 10:07:37,0,3160.86,-100.18,273.49
8056,2026/10/01 10:07:37,500,3160.87,-100.11,273.72
8057,2026/10/01 10:07:38,0,3159.58,-100.08,273.45
8058,2026/10/01 10:07:38,500,3160.05,-98.15,273.47
8059,2026/10/01 10:07:39,0,3159.77,-101.97,273.71
8060,2026/10/01 10:07:39,500,3160.46,-96.95,274.14
8061,2026/10/01 10:07:40,0,3159.86,-100.05,274.01
8062,2026/10/01 10:07:40,500,3158.32,-99.13,273.0
8063,2026/10/01 10:07:41,0,3159.05,-99.81,274.04
8064,2026/10/01 10:07:41,500,3157.78,-102.59,274.34
8065,2026/10/01 10:07:42,0,3156.03,-101.58,274.02
8066,2026/10/01 10:07:42,500,3159.23,-100.79,272.46
8067,2026/10/01 10:07:43,0,3157.29,-98.51,273.81
8068,2026/10/01 10:07:43,500,3158.16,-102.08,274.37
8069,2026/10/01 10:07:44,0,3156.54,-101.28,273.46
8070,2026/10/01 10:07:44,500,3156.16,-99.75,275.14
8071,2026/10/01 10:07:45,0,3156.11,-99.29,272.61
8072,2026/10/01 10:07:45,500,3156.48,-99.34,273.77
8073,2026/10/01 10:07:46,0,3156.16,-101.48,274.07
8074,2026/10/01 10:07:46,500,3156.16,-102.4,273.8
8075,2026/10/01 10:07:47,0,3155.11,-99.19,273.79
8076,2026/10/01 10:07:47,500,3155.28,-97.85,273.2
8077,2026/10/01 10:07:48,0,3154.31,-100.52,273.44
8078,2026/10/01 10:07:48,500,3155.9,-101.72,274.02
8079,2026/10/01 10:07:49,0,3153.42,-100.64,272.68
8080,2026/10/01 10:07:49,500,3153.55,-99.41,274.2
8081,2026/10/01 10:07:50,0,3153.62,-100.35,273.69
8082,2026/10/01 10:07:50,500,3155.61,-97.89,274.03
8083,2026/10/01 10:07:51,0,3154.06,-98.61,274.18
8084,2026/10/01 10:07:51,500,3152.5,-99.72,275.63
8085,2026/10/01 10:07:52,0,3153.59,-102.93,274.47
8086,2026/10/01 10:07:52,500,3153.09,-101.04,273.17
8087,2026/10/01 10:07:53,0,3152.64,-100.82,274.86
8088,2026/10/01 10:07:53,500,3152.73,-101.12,272.43
8089,2026/10/01 10:07:54,0,3151.96,-99.71,273.57
8090,2026/10/01 10:07:54,500,3151.8,-99.68,273.88
8091,2026/10/01 10:07:55,0,3150.17,-102.51,273.64
8092,2026/10/01 10:07:55,500,3152.31,-98.79,273.95
8093,2026/10/01 10:07:56,0,3150.55,-99.98,273.73
8094,2026/10/01 10:07:56,500,3149.67,-99.46,274.46
8095,2026/10/01 10:07:57,0,3150.0,-98.88,273.58
8096,2026/10/01 10:07:57,500,3149.78,-101.15,273.77
8097,2026/10/01 10:07:58,0,3149.26,-98.11,274.72
8098,2026/10/01 10:07:58,500,3150.28,-100.21,274.32
8099,2026/10/01 10:07:59,0,3150.18,-97.73,273.76
8100,2026/10/01 10:07:59,500,3147.59,-101.34,274.08
8101,2026/10/01 10:08:00,0,3148.5,-97.84,274.79
8102,2026/10/01 10:08:00,500,3148.31,-101.36,273.16
8103,2026/10/01 10:08:01,0,3148.27,-96.18,273.32
8104,2026/10/01 10:08:01,500,3149.53,-101.43,273.58
8105,2026/10/01 10:08:02,0,3147.27,-98.42,273.98
8106,2026/10/01 10:08:02,500,3148.92,-100.54,274.36
8107,2026/10/01 10:08:03,0,3147.31,-98.93,273.5
8108,2026/10/01 10:08:03,500,3148.44,-100.06,273.42
8109,2026/10/01 10:08:04,0,3146.69,-101.64,273.24
8110,2026/10/01 10:08:04,500,3146.35,-104.2,273.43
8111,2026/10/01 10:08:05,0,3146.43,-96.24,273.57
8112,2026/10/01 10:08:05,500,3147.24,-99.89,272.83
8113,2026/10/01 10:08:06,0,3146.09,-104.42,273.63
8114,2026/10/01 10:08:06,500,3145.88,-99.55,273.39
8115,2026/10/01 10:08:07,0,3145.98,-98.97,273.84
8116,2026/10/01 10:08:07,500,3144.53,-101.07,274.78
8117,2026/10/01 10:08:08,0,3145.26,-101.06,273.14
8118,2026/10/01 10:08:08,500,3144.25,-100.03,274.44
8119,2026/10/01 10:08:09,0,3145.68,-98.2,274.78
8120,2026/10/01 10:08:09,500,3144.6,-99.85,274.43
8121,2026/10/01 10:08:10,0,3144.58,-97.81,274.12
8122,2026/10/01 10:08:10,500,3142.15,-98.3,274.61
8123,2026/10/01 10:08:11,0,3144.11,-100.34,274.28
8124,2026/10/01 10:08:11,500,3143.17,-102.36,274.52
8125,2026/10/01 10:08:12,0,3141.92,-100.34,274.03
8126,2026/10/01 10:08:12,500,3142.91,-99.21,273.45
8127,2026/10/01 10:08:13,0,3141.38,-99.91,274.56
8128,2026/10/01 10:08:13,500,3142.84,-99.05,275.29
8129,2026/10/01 10:08:14,0,3143.27,-98.7,273.82
8130,2026/10/01 10:08:14,500,3140.45,-99.2,274.01
8131,2026/10/01 10:08:15,0,3141.62,-100.41,274.06
8132,2026/10/01 10:08:15,500,3141.28,-99.22,273.27
8133,2026/10/01 10:08:16,0,3139.58,-96.65,273.59
8134,2026/10/01 10:08:16,500,3141.67,-102.23,274.17
8135,2026/10/01 10:08:17,0,3141.21,-99.27,273.98
8136,2026/10/01 10:08:17,500,3142.09,-97.25,274.04
8137,2026/10/01 10:08:18,0,3140.63,-101.76,274.05
8138,2026/10/01 10:08:18,500,3139.3,-98.5,273.98
8139,2026/10/01 10:08:19,0,3140.18,-98.3,273.66
8140,2026/10/01 10:08:19,500,3140.56,-102.22,274.27
8141,2026/10/01 10:08:20,0,3138.93,-98.93,274.22
8142,2026/10/01 10:08:20,500,3139.75,-100.41,273.62
8143,2026/10/01 10:08:21,0,3136.96,-100.09,274.27
8144,2026/10/01 10:08:21,500,3139.79,-100.49,273.76
8145,2026/10/01 10:08:22,0,3139.02,-98.03,274.4
8146,2026/10/01 10:08:22,500,3136.11,-100.17,274.06
8147,2026/10/01 10:08:23,0,3138.22,-100.69,274.28
8148,2026/10/01 10:08:23,500,3136.1,-100.67,274.18
8149,2026/10/01 10:08:24,0,3136.97,-100.51,274.06
8150,2026/10/01 10:08:24,500,3137.77,-101.62,274.26
8151,2026/10/01 10:08:25,0,3136.89,-100.71,274.52
8152,2026/10/01 10:08:25,500,3137.78,-99.82,274.17
8153,2026/10/01 10:08:26,0,3136.6,-99.39,274.16
8154,2026/10/01 10:08:26,500,3136.29,-98.19,273.94
8155,2026/10/01 10:08:27,0,3136.97,-99.64,273.21
8156,2026/10/01 10:08:27,500,3135.59,-100.71,274.14
8157,2026/10/01 10:08:28,0,3135.62,-101.52,273.5
8158,2026/10/01 10:08:28,500,3135.5,-99.56,273.85
8159,2026/10/01 10:08:29,0,3135.13,-100.18,273.71
8160,2026/10/01 10:08:29,500,3135.89,-100.13,273.79
8161,2026/10/01 10:08:30,0,3134.2,-99.61,273.82
8162,2026/10/01 10:08:30,500,3133.85,-99.22,274.4
8163,2026/10/01 10:08:31,0,3133.44,-99.6,274.33
8164,2026/10/01 10:08:31,500,3132.35,-100.26,274.22
8165,2026/10/01 10:08:32,0,3135.03,-101.2,274.78
8166,2026/10/01 10:08:32,500,3132.9,-100.92,275.7
8167,2026/10/01 10:08:33,0,3133.21,-98.73,274.43
8168,2026/10/01 10:08:33,500,3134.42,-100.64,274.64
8169,2026/10/01 10:08:34,0,3132.84,-102.02,274.33
8170,2026/10/01 10:08:34,500,3133.14,-98.26,274.52
8171,2026/10/01 10:08:35,0,3131.37,-101.41,273.39
8172,2026/10/01 10:08:35,500,3133.41,-99.95,272.85
8173,2026/10/01 10:08:36,0,3131.97,-99.26,273.15
8174,2026/10/01 10:08:36,500,3131.04,-100.0,273.9
8175,2026/10/01 10:08:37,0,3130.81,-103.72,274.9
8176,2026/10/01 10:08:37,500,3132.76,999.6,274.35
8177,2026/10/01 10:08:38,0,3130.72,-98.01,274.03
8178,2026/10/01 10:08:38,500,3130.18,-98.82,274.52
8179,2026/10/01 10:08:39,0,3130.41,-103.19,274.41
8180,2026/10/01 10:08:39,500,3130.57,-96.81,273.57
8181,2026/10/01 10:08:40,0,3130.44,-101.99,274.48
8182,2026/10/01 10:08:40,500,3130.46,-101.62,274.67
8183,2026/10/01 10:08:41,0,3130.07,-98.83,275.31
8184,2026/10/01 10:08:41,500,3130.19,-99.32,274.22
8185,2026/10/01 10:08:42,0,3129.24,-99.88,275.11
8186,2026/10/01 10:08:42,500,3130.9,-100.85,274.07
8187,2026/10/01 10:08:43,0,3128.63,-98.0,275.44
8188,2026/10/01 10:08:43,500,3129.89,-100.06,273.98
8189,2026/10/01 10:08:44,0,3128.12,-102.35,274.61
8190,2026/10/01 10:08:44,500,3127.24,-98.15,274.43
8191,2026/10/01 10:08:45,0,3126.83,-99.67,275.04
8192,2026/10/01 10:08:45,500,3128.2,-98.33,274.98
8193,2026/10/01 10:08:46,0,3128.67,-99.14,273.78
8194,2026/10/01 10:08:46,500,3126.61,-96.41,274.14
8195,2026/10/01 10:08:47,0,3126.61,-100.46,275.38
8196,2026/10/01 10:08:47,500,3127.41,-99.98,274.37
8197,2026/10/01 10:08:48,0,3126.89,-98.92,274.73
8198,2026/10/01 10:08:48,500,3126.21,-100.46,273.79
8199,2026/10/01 10:08:49,0,3125.45,-98.8,274.21
8200,2026/10/01 10:08:49,500,3126.51,-104.42,273.98
8201,2026/10/01 10:08:50,0,3126.57,-100.11,274.81
8202,2026/10/01 10:08:50,500,3126.23,-100.15,274.72
8203,2026/10/01 10:08:51,0,3125.65,-100.21,274.96
8204,2026/10/01 10:08:51,500,3124.57,-101.32,273.81
8205,2026/10/01 10:08:52,0,3125.46,-98.64,274.64
8206,2026/10/01 10:08:52,500,3125.19,-100.76,274.38
8207,2026/10/01 10:08:53,0,3123.74,-99.7,273.15
8208,2026/10/01 10:08:53,500,3124.34,-100.06,274.61
8209,2026/10/01 10:08:54,0,3124.67,-99.25,275.03
8210,2026/10/01 10:08:54,500,3124.11,-97.85,275.17
8211,2026/10/01 10:08:55,0,3122.4,-99.71,274.37
8212,2026/10/01 10:08:55,500,3123.25,-98.74,274.81
8213,2026/10/01 10:08:56,0,3122.99,-99.78,274.67
8214,2026/10/01 10:08:56,500,3123.79,-100.76,274.02
8215,2026/10/01 10:08:57,0,3125.22,-100.21,273.96
8216,2026/10/01 10:08:57,500,3123.04,-100.43,274.39
8217,2026/10/01 10:08:58,0,3121.77,-99.15,274.3
8218,2026/10/01 10:08:58,500,3122.4,-99.84,274.47
8219,2026/10/01 10:08:59,0,3122.33,-101.19,274.22
8220,2026/10/01 10:08:59,500,3122.72,-100.33,274.54
8221,2026/10/01 10:09:00,0,3122.91,-102.29,273.9
8222,2026/10/01 10:09:00,500,3122.83,-100.28,275.2
8223,2026/10/01 10:09:01,0,3121.94,-100.0,273.54
8224,2026/10/01 10:09:01,500,3121.31,-97.29,274.41
8225,2026/10/01 10:09:02,0,3122.29,-97.98,274.35
8226,2026/10/01 10:09:02,500,3120.63,-101.55,274.39
8227,2026/10/01 10:09:03,0,3120.75,-99.7,274.04
8228,2026/10/01 10:09:03,500,3120.31,-99.67,273.71
8229,2026/10/01 10:09:04,0,3118.6,-100.35,274.59
8230,2026/10/01 10:09:04,500,3121.12,-100.25,274.38
8231,2026/10/01 10:09:05,0,3120.44,-100.53,274.67
8232,2026/10/01 10:09:05,500,3117.8,-97.19,273.66
8233,2026/10/01 10:09:06,0,3120.3,-100.62,275.35
8234,2026/10/01 10:09:06,500,3119.06,-99.49,274.46
8235,2026/10/01 10:09:07,0,3119.89,-103.79,272.98
8236,2026/10/01 10:09:07,500,3118.97,-98.76,274.6
8237,2026/10/01 10:09:08,0,3117.62,-98.22,274.27
8238,2026/10/01 10:09:08,500,3118.53,-101.58,273.95
8239,2026/10/01 10:09:09,0,3117.59,-100.77,275.14
8240,2026/10/01 10:09:09,500,3117.14,-99.32,274.99
8241,2026/10/01 10:09:10,0,3118.61,-99.97,274.7
8242,2026/10/01 10:09:10,500,3118.04,-99.3,274.57
8243,2026/10/01 10:09:11,0,3118.72,-100.43,274.79
8244,2026/10/01 10:09:11,500,3117.02,-97.21,273.75
8245,2026/10/01 10:09:12,0,3116.36,-101.0,274.64
8246,2026/10/01 10:09:12,500,3117.45,-95.96,275.17
8247,2026/10/01 10:09:13,0,3116.08,-98.14,275.08
8248,2026/10/01 10:09:13,500,3116.3,-98.75,274.03
8249,2026/10/01 10:09:14,0,3116.78,-101.56,274.66
8250,2026/10/01 10:09:14,500,3116.06,-98.64,274.01
8251,2026/10/01 10:09:15,0,3115.58,-99.09,274.65
8252,2026/10/01 10:09:15,500,3114.65,-103.18,274.2
8253,2026/10/01 10:09:16,0,3116.33,-102.11,274.15
8254,2026/10/01 10:09:16,500,3115.1,-99.46,274.77
8255,2026/10/01 10:09:17,0,3115.69,-100.2,274.23
8256,2026/10/01 10:09:17,500,3115.4,-100.77,274.2
8257,2026/10/01 10:09:18,0,3115.69,-98.38,274.78
8258,2026/10/01 10:09:18,500,3114.44,-101.33,273.86
8259,2026/10/01 10:09:19,0,3114.16,-100.68,274.45
8260,2026/10/01 10:09:19,500,3113.36,-100.97,273.85
8261,2026/10/01 10:09:20,0,3113.62,-99.23,273.94
8262,2026/10/01 10:09:20,500,3114.14,-102.58,275.21
8263,2026/10/01 10:09:21,0,3113.02,-100.75,274.42
8264,2026/10/01 10:09:21,500,3113.74,-102.58,274.27
8265,2026/10/01 10:09:22,0,3114.47,-100.47,275.06
8266,2026/10/01 10:09:22,500,3112.75,-98.92,275.45
8267,2026/10/01 10:09:23,0,3111.87,-98.89,274.77
8268,2026/10/01 10:09:23,500,3112.4,-101.09,275.16
8269,2026/10/01 10:09:24,0,3111.4,-99.2,274.38
8270,2026/10/01 10:09:24,500,3113.42,-100.28,274.69
8271,2026/10/01 10:09:25,0,3112.24,-97.96,274.67
8272,2026/10/01 10:09:25,500,3111.4,-100.19,274.83
8273,2026/10/01 10:09:26,0,3111.35,-104.46,275.15
8274,2026/10/01 10:09:26,500,3110.66,-98.66,273.94
8275,2026/10/01 10:09:27,0,3112.23,-100.69,274.24
8276,2026/10/01 10:09:27,500,3112.71,-100.41,274.44
8277,2026/10/01 10:09:28,0,3109.86,-99.5,274.2
8278,2026/10/01 10:09:28,500,3111.7,-102.14,274.81
8279,2026/10/01 10:09:29,0,3110.49,-99.89,274.81
8280,2026/10/01 10:09:29,500,3111.51,-99.2,274.73
8281,2026/10/01 10:09:30,0,3108.85,-99.45,274.51
8282,2026/10/01 10:09:30,500,3110.31,-100.9,275.39
8283,2026/10/01 10:09:31,0,3109.62,-98.51,274.82
8284,2026/10/01 10:09:31,500,3110.29,-101.5,274.65
8285,2026/10/01 10:09:32,0,3109.63,-100.94,274.76
8286,2026/10/01 10:09:32,500,3109.42,-100.2,275.1
8287,2026/10/01 10:09:33,0,3109.13,-99.56,274.84
8288,2026/10/01 10:09:33,500,3110.28,-100.49,274.31
8289,2026/10/01 10:09:34,0,3108.71,-98.16,275.62
8290,2026/10/01 10:09:34,500,3109.36,-99.56,274.98
8291,2026/10/01 10:09:35,0,3108.99,-99.89,274.18
8292,2026/10/01 10:09:35,500,3109.02,-99.61,273.85
8293,2026/10/01 10:09:36,0,3107.32,-98.9,275.1
8294,2026/10/01 10:09:36,500,3108.52,-99.64,275.41
8295,2026/10/01 10:09:37,0,3108.04,-102.71,274.99
8296,2026/10/01 10:09:37,500,3106.64,-98.37,275.08
8297,2026/10/01 10:09:38,0,3107.24,-99.82,275.1
8298,2026/10/01 10:09:38,500,3109.07,-98.97,274.78
8299,2026/10/01 10:09:39,0,3106.74,-100.61,273.95
8300,2026/10/01 10:09:39,500,3106.58,-102.74,274.44
8301,2026/10/01 10:09:40,0,3107.06,-103.42,275.19
8302,2026/10/01 10:09:40,500,3106.09,-101.42,275.09
8303,2026/10/01 10:09:41,0,3106.45,-99.22,274.71
8304,2026/10/01 10:09:41,500,3105.81,-98.05,274.53
8305,2026/10/01 10:09:42,0,3106.31,-99.55,274.9
8306,2026/10/01 10:09:42,500,3105.76,-101.58,274.65
8307,2026/10/01 10:09:43,0,3107.2,-101.18,274.78
8308,2026/10/01 10:09:43,500,3105.5,-97.96,274.89
8309,2026/10/01 10:09:44,0,3105.11,-101.97,274.44
8310,2026/10/01 10:09:44,500,3105.93,-96.85,275.23
8311,2026/10/01 10:09:45,0,3103.82,-97.19,274.76
8312,2026/10/01 10:09:45,500,3106.11,-96.8,275.09
8313,2026/10/01 10:09:46,0,3103.79,-99.43,274.88
8314,2026/10/01 10:09:46,500,3105.36,-100.51,275.62
8315,2026/10/01 10:09:47,0,3105.4,-99.47,275.13
8316,2026/10/01 10:09:47,500,3103.64,-98.64,275.06
8317,2026/10/01 10:09:48,0,3103.55,-100.98,275.05
8318,2026/10/01 10:09:48,500,3103.63,-101.65,275.91
8319,2026/10/01 10:09:49,0,3104.04,-100.43,274.85
8320,2026/10/01 10:09:49,500,3102.57,-101.16,274.96
8321,2026/10/01 10:09:50,0,3103.11,-98.14,274.93
8322,2026/10/01 10:09:50,500,3102.78,-100.92,273.9
8323,2026/10/01 10:09:51,0,3101.93,-99.86,274.94
8324,2026/10/01 10:09:51,500,3101.85,-98.53,275.4
8325,2026/10/01 10:09:52,0,3102.62,-98.08,275.16
8326,2026/10/01 10:09:52,500,3102.43,-99.69,275.66
8327,2026/10/01 10:09:53,0,3101.56,-99.42,275.3
8328,2026/10/01 10:09:53,500,3102.07,-101.53,275.16
8329,2026/10/01 10:09:54,0,3101.31,-98.47,275.36
8330,2026/10/01 10:09:54,500,3102.71,-98.1,275.1
8331,2026/10/01 10:09:55,0,3101.41,-102.81,274.78
8332,2026/10/01 10:09:55,500,3102.2,-97.36,274.86
8333,2026/10/01 10:09:56,0,3099.8,-101.05,273.74
8334,2026/10/01 10:09:56,500,3101.25,-99.11,275.73
8335,2026/10/01 10:09:57,0,3101.3,-99.88,274.84
8336,2026/10/01 10:09:57,500,3100.54,-100.09,274.42
8337,2026/10/01 10:09:58,0,3100.05,-100.31,274.77
8338,2026/10/01 10:09:58,500,3100.19,-101.49,275.83
8339,2026/10/01 10:09:59,0,3100.74,-99.21,274.99
8340,2026/10/01 10:09:59,500,3099.01,-100.43,275.09
8341,2026/10/01 10:10:00,0,3100.38,-101.96,276.01
8342,2026/10/01 10:10:00,500,3099.9,-101.55,275.39
8343,2026/10/01 10:10:01,0,3099.28,-101.94,274.83
8344,2026/10/01 10:10:01,500,3099.14,-100.79,274.13
8345,2026/10/01 10:10:02,0,3099.2,-99.27,275.3
8346,2026/10/01 10:10:02,500,3100.31,-101.07,274.65
8347,2026/10/01 10:10:03,0,3099.1,-98.54,275.32
8348,2026/10/01 10:10:03,500,3097.9,-100.18,274.97
8349,2026/10/01 10:10:04,0,3098.15,-100.43,275.2
8350,2026/10/01 10:10:04,500,3097.41,-99.97,275.45
8351,2026/10/01 10:10:05,0,3096.65,-97.91,274.14
8352,2026/10/01 10:10:05,500,3097.07,-102.06,275.08
8353,2026/10/01 10:10:06,0,3097.94,-97.52,275.01
8354,2026/10/01 10:10:06,500,3098.7,-98.56,275.16
8355,2026/10/01 10:10:07,0,3098.31,-100.03,275.28
8356,2026/10/01 10:10:07,500,3096.43,-98.23,275.1
8357,2026/10/01 10:10:08,0,3096.55,-100.48,274.71
8358,2026/10/01 10:10:08,500,3096.28,-99.57,274.47
8359,2026/10/01 10:10:09,0,3094.8,-100.81,274.25
8360,2026/10/01 10:10:09,500,3096.57,-98.55,275.1
8361,2026/10/01 10:10:10,0,3097.19,-101.06,275.31
8362,2026/10/01 10:10:10,500,3096.18,-100.08,274.88
8363,2026/10/01 10:10:11,0,3095.21,-98.98,275.47
8364,2026/10/01 10:10:11,500,3095.39,-98.43,275.0
8365,2026/10/01 10:10:12,0,3095.64,-101.23,275.02
8366,2026/10/01 10:10:12,500,3096.36,-98.87,274.35
8367,2026/10/01 10:10:13,0,3095.44,-101.47,274.85
8368,2026/10/01 10:10:13,500,3095.93,-103.23,275.54
8369,2026/10/01 10:10:14,0,3095.2,-101.12,275.78
8370,2026/10/01 10:10:14,500,3095.3,-98.75,274.99
8371,2026/10/01 10:10:15,0,3094.2,-100.02,275.52
8372,2026/10/01 10:10:15,500,3094.24,-100.8,275.8
8373,2026/10/01 10:10:16,0,3093.63,-99.92,274.63
8374,2026/10/01 10:10:16,500,3094.96,-99.97,275.26
8375,2026/10/01 10:10:17,0,3094.08,-99.07,275.2
8376,2026/10/01 10:10:17,500,3091.28,-102.42,275.65
8377,2026/10/01 10:10:18,0,3094.39,-100.15,274.7
8378,2026/10/01 10:10:18,500,3094.63,-99.81,275.28
8379,2026/10/01 10:10:19,0,3093.04,-102.05,274.99
8380,2026/10/01 10:10:19,500,3093.92,-102.07,275.34
8381,2026/10/01 10:10:20,0,3093.21,-100.55,275.74
8382,2026/10/01 10:10:20,500,3091.53,-99.99,275.87
8383,2026/10/01 10:10:21,0,3094.63,-99.98,275.75
8384,2026/10/01 10:10:21,500,3092.75,-100.83,274.65
8385,2026/10/01 10:10:22,0,3092.92,-100.9,274.91
8386,2026/10/01 10:10:22,500,3092.1,-100.59,275.65
8387,2026/10/01 10:10:23,0,3092.21,-99.55,275.46
8388,2026/10/01 10:10:23,500,3092.42,-98.13,275.03
8389,2026/10/01 10:10:24,0,3091.31,-103.33,274.7
8390,2026/10/01 10:10:24,500,3093.34,-99.07,273.21
8391,2026/10/01 10:10:25,0,3092.51,-100.17,274.37
8392,2026/10/01 10:10:25,500,3092.1,-99.21,275.02
8393,2026/10/01 10:10:26,0,3091.42,-98.22,275.03
8394,2026/10/01 10:10:26,500,3090.77,-101.13,275.39
8395,2026/10/01 10:10:27,0,3092.05,-98.58,275.49
8396,2026/10/01 10:10:27,500,3091.56,-101.88,276.32
8397,2026/10/01 10:10:28,0,3090.6,-99.81,274.81
8398,2026/10/01 10:10:28,500,3089.9,-100.36,274.22
8399,2026/10/01 10:10:29,0,3089.36,-99.93,274.74
8400,2026/10/01 10:10:29,500,3090.49,-101.48,276.05
8401,2026/10/01 10:10:30,0,3090.12,-99.34,275.22
8402,2026/10/01 10:10:30,500,3091.12,-97.62,275.72
8403,2026/10/01 10:10:31,0,3090.81,-101.46,274.94
8404,2026/10/01 10:10:31,500,3089.9,-99.72,274.97
8405,2026/10/01 10:10:32,0,3089.65,-98.72,274.37
8406,2026/10/01 10:10:32,500,3088.65,-100.45,275.07
8407,2026/10/01 10:10:33,0,3090.27,-97.96,275.24
8408,2026/10/01 10:10:33,500,3089.22,-100.64,275.67
8409,2026/10/01 10:10:34,0,3089.61,-100.17,275.52
8410,2026/10/01 10:10:34,500,3089.91,-101.49,276.24
8411,2026/10/01 10:10:35,0,3088.37,-99.81,275.17
8412,2026/10/01 10:10:35,500,3088.01,-100.0,275.38
8413,2026/10/01 10:10:36,0,3090.5,-99.05,275.25
8414,2026/10/01 10:10:36,500,3088.86,-100.95,274.92
8415,2026/10/01 10:10:37,0,3088.01,-101.02,275.47
8416,2026/10/01 10:10:37,500,3089.08,-99.31,275.13
8417,2026/10/01 10:10:38,0,3087.69,-97.9,276.11
8418,2026/10/01 10:10:38,500,3088.05,-99.06,274.88
8419,2026/10/01 10:10:39,0,3087.19,-97.23,275.11
8420,2026/10/01 10:10:39,500,3087.49,-99.17,274.66
8421,2026/10/01 10:10:40,0,3087.14,-99.22,275.46
8422,2026/10/01 10:10:40,500,3086.61,-98.98,274.63
8423,2026/10/01 10:10:41,0,3087.26,-97.77,275.29
8424,2026/10/01 10:10:41,500,3086.41,-98.14,274.72
8425,2026/10/01 10:10:42,0,3087.24,-101.63,274.81
8426,2026/10/01 10:10:42,500,3086.39,-98.8,274.93
8427,2026/10/01 10:10:43,0,3085.11,-99.6,275.68
8428,2026/10/01 10:10:43,500,3086.84,-100.29,275.27
8429,2026/10/01 10:10:44,0,3086.71,-102.66,275.26
8430,2026/10/01 10:10:44,500,3087.86,-102.31,275.61
8431,2026/10/01 10:10:45,0,3085.93,-100.55,275.0
8432,2026/10/01 10:10:45,500,3085.92,-102.2,274.35
8433,2026/10/01 10:10:46,0,3086.01,-100.52,274.79
8434,2026/10/01 10:10:46,500,3086.3,-98.93,275.2
8435,2026/10/01 10:10:47,0,3086.11,-100.87,275.32
8436,2026/10/01 10:10:47,500,3085.45,-99.87,275.63
8437,2026/10/01 10:10:48,0,3085.03,-101.6,275.28
8438,2026/10/01 10:10:48,500,3085.59,-99.55,275.87
8439,2026/10/01 10:10:49,0,3084.71,-99.24,275.54
8440,2026/10/01 10:10:49,500,3083.6,-102.13,274.66
8441,2026/10/01 10:10:50,0,3083.29,-101.13,274.09
8442,2026/10/01 10:10:50,500,3084.12,-101.9,274.87
8443,2026/10/01 10:10:51,0,3084.31,-99.24,275.44
8444,2026/10/01 10:10:51,500,3086.05,-99.75,275.57
8445,2026/10/01 10:10:52,0,3083.84,-100.07,275.33
8446,2026/10/01 10:10:52,500,3083.83,-100.19,275.45
8447,2026/10/01 10:10:53,0,3083.33,-99.52,276.05
8448,2026/10/01 10:10:53,500,3084.01,-99.49,275.4
8449,2026/10/01 10:10:54,0,3083.6,-100.74,275.57
8450,2026/10/01 10:10:54,500,3082.72,-100.95,276.2
8451,2026/10/01 10:10:55,0,3082.29,-100.09,274.5
8452,2026/10/01 10:10:55,500,3082.64,-100.28,276.27
8453,2026/10/01 10:10:56,0,3082.14,-96.91,274.13
8454,2026/10/01 10:10:56,500,3082.5,-100.58,275.01
8455,2026/10/01 10:10:57,0,3082.66,-99.57,275.14
8456,2026/10/01 10:10:57,500,3082.01,-99.3,274.61
8457,2026/10/01 10:10:58,0,3083.43,-97.9,275.35
8458,2026/10/01 10:10:58,500,3083.06,-101.22,275.41
8459,2026/10/01 10:10:59,0,3081.81,-97.99,275.81
8460,2026/10/01 10:10:59,500,3081.09,-100.22,275.79
8461,2026/10/01 10:11:00,0,3081.7,-96.25,275.53
8462,2026/10/01 10:11:00,500,3081.48,-99.46,276.01
8463,2026/10/01 10:11:01,0,3081.4,-101.84,275.77
8464,2026/10/01 10:11:01,500,3081.0,-100.3,275.29
8465,2026/10/01 10:11:02,0,3080.34,-98.0,275.52
8466,2026/10/01 10:11:02,500,3081.07,-99.88,275.15
8467,2026/10/01 10:11:03,0,3080.63,-100.09,274.85
8468,2026/10/01 10:11:03,500,3080.57,-98.92,275.69
8469,2026/10/01 10:11:04,0,3080.72,-100.52,274.73
8470,2026/10/01 10:11:04,500,3080.45,-100.32,275.39
8471,2026/10/01 10:11:05,0,3080.43,-101.42,274.33
8472,2026/10/01 10:11:05,500,3079.92,-97.41,275.52
8473,2026/10/01 10:11:06,0,3080.39,-101.83,275.13
8474,2026/10/01 10:11:06,500,3079.4,-99.75,275.78
8475,2026/10/01 10:11:07,0,3078.97,-99.28,275.39
8476,2026/10/01 10:11:07,500,3078.99,-100.02,275.44
8477,2026/10/01 10:11:08,0,3079.03,-101.88,275.53
8478,2026/10/01 10:11:08,500,3078.41,-101.5,275.2
8479,2026/10/01 10:11:09,0,3077.95,-99.22,275.23
8480,2026/10/01 10:11:09,500,3079.58,-101.17,275.23
8481,2026/10/01 10:11:10,0,3080.06,-103.11,275.46
8482,2026/10/01 10:11:10,500,3079.36,-99.42,275.25
8483,2026/10/01 10:11:11,0,3078.39,-101.31,275.75
8484,2026/10/01 10:11:11,500,3077.28,-99.05,274.65
8485,2026/10/01 10:11:12,0,3078.67,-100.3,274.79
8486,2026/10/01 10:11:12,500,3077.1,-100.37,276.48
8487,2026/10/01 10:11:13,0,3078.19,-99.92,275.33
8488,2026/10/01 10:11:13,500,3077.49,-101.71,275.04
8489,2026/10/01 10:11:14,0,3076.17,-101.24,275.54
8490,2026/10/01 10:11:14,500,3079.05,-100.39,275.94
8491,2026/10/01 10:11:15,0,3076.73,-101.72,275.88
8492,2026/10/01 10:11:15,500,3077.32,-98.93,275.19
8493,2026/10/01 10:11:16,0,3077.37,-100.46,275.31
8494,2026/10/01 10:11:16,500,3076.97,-102.17,275.4
8495,2026/10/01 10:11:17,0,3077.59,-100.84,275.73
8496,2026/10/01 10:11:17,500,3076.5,-99.85,275.6
8497,2026/10/01 10:11:18,0,3077.27,-100.67,275.12
8498,2026/10/01 10:11:18,500,3077.09,-99.4,275.33
8499,2026/10/01 10:11:19,0,3075.61,-99.14,275.45
8500,2026/10/01 10:11:19,500,3076.77,-96.4,276.33
8501,2026/10/01 10:11:20,0,3075.61,-98.27,275.51
8502,2026/10/01 10:11:20,500,3075.39,-102.45,277.25
8503,2026/10/01 10:11:21,0,3076.43,-100.54,275.47
8504,2026/10/01 10:11:21,500,3075.74,-100.4,274.76
8505,2026/10/01 10:11:22,0,3076.24,-99.14,275.78
8506,2026/10/01 10:11:22,500,3076.12,-101.4,276.14
8507,2026/10/01 10:11:23,0,3074.55,-100.8,275.85
8508,2026/10/01 10:11:23,500,3076.16,-101.87,275.72
8509,2026/10/01 10:11:24,0,3075.67,-100.9,275.43
8510,2026/10/01 10:11:24,500,3074.84,-100.85,275.48
8511,2026/10/01 10:11:25,0,3075.08,-100.47,274.47
8512,2026/10/01 10:11:25,500,3075.68,-101.78,276.06
8513,2026/10/01 10:11:26,0,3074.68,-98.53,275.45
8514,2026/10/01 10:11:26,500,3076.51,-99.29,276.21
8515,2026/10/01 10:11:27,0,3075.88,-102.17,275.38
8516,2026/10/01 10:11:27,500,3074.66,-99.96,275.62
8517,2026/10/01 10:11:28,0,3074.26,-102.35,276.28
8518,2026/10/01 10:11:28,500,3074.17,-97.99,276.32
8519,2026/10/01 10:11:29,0,3073.71,-97.58,276.08
8520,2026/10/01 10:11:29,500,3074.17,-100.08,274.73
8521,2026/10/01 10:11:30,0,3074.5,-101.28,275.03
8522,2026/10/01 10:11:30,500,3072.74,-101.0,276.02
8523,2026/10/01 10:11:31,0,3074.21,-100.68,275.32
8524,2026/10/01 10:11:31,500,3074.32,-100.16,275.71
8525,2026/10/01 10:11:32,0,3073.91,-97.94,275.79
8526,2026/10/01 10:11:32,500,3073.23,-98.57,275.81
8527,2026/10/01 10:11:33,0,3073.63,-98.54,275.16
8528,2026/10/01 10:11:33,500,3074.13,-99.74,276.2
8529,2026/10/01 10:11:34,0,3072.92,-101.73,275.43
8530,2026/10/01 10:11:34,500,3072.86,-101.16,275.99
8531,2026/10/01 10:11:35,0,3074.43,-99.91,275.6
8532,2026/10/01 10:11:35,500,3072.85,-101.8,276.67
8533,2026/10/01 10:11:36,0,3071.68,-99.54,276.43
8534,2026/10/01 10:11:36,500,3073.06,-98.79,276.78
8535,2026/10/01 10:11:37,0,3072.56,-99.18,276.54
8536,2026/10/01 10:11:37,500,3071.6,-99.24,275.65
8537,2026/10/01 10:11:38,0,3071.12,-102.8,275.46
8538,2026/10/01 10:11:38,500,3072.07,-98.0,275.16
8539,2026/10/01 10:11:39,0,3071.71,-102.35,275.86
8540,2026/10/01 10:11:39,500,3070.65,-100.23,275.75
8541,2026/10/01 10:11:40,0,3071.45,-99.07,275.72
8542,2026/10/01 10:11:40,500,3071.28,-99.46,275.33
8543,2026/10/01 10:11:41,0,3071.23,-101.92,275.93
8544,2026/10/01 10:11:41,500,3071.56,-101.65,275.56
8545,2026/10/01 10:11:42,0,3069.64,-99.57,275.51
8546,2026/10/01 10:11:42,500,3070.04,-99.23,275.84
8547,2026/10/01 10:11:43,0,3070.42,-101.66,275.72
8548,2026/10/01 10:11:43,500,3071.75,-99.41,275.05
8549,2026/10/01 10:11:44,0,3072.47,-102.27,275.37
8550,2026/10/01 10:11:44,500,3070.46,-99.06,276.04
8551,2026/10/01 10:11:45,0,3070.38,-101.33,275.75
8552,2026/10/01 10:11:45,500,3068.27,-99.88,274.81
8553,2026/10/01 10:11:46,0,3070.83,-100.13,276.13
8554,2026/10/01 10:11:46,500,3070.35,-98.26,275.76
8555,2026/10/01 10:11:47,0,3070.1,-99.64,275.26
8556,2026/10/01 10:11:47,500,3068.76,-100.9,275.46
8557,2026/10/01 10:11:48,0,3071.22,-99.46,275.88
8558,2026/10/01 10:11:48,500,3070.74,-96.79,274.69
8559,2026/10/01 10:11:49,0,3069.64,-98.89,276.01
8560,2026/10/01 10:11:49,500,3070.09,-100.09,276.3
8561,2026/10/01 10:11:50,0,3069.22,-101.25,276.25
8562,2026/10/01 10:11:50,500,3069.72,-100.92,276.39
8563,2026/10/01 10:11:51,0,3067.9,-98.98,275.43
8564,2026/10/01 10:11:51,500,3067.01,-101.33,276.34
8565,2026/10/01 10:11:52,0,3067.7,-100.0,275.96
8566,2026/10/01 10:11:52,500,3067.96,-97.84,275.41
8567,2026/10/01 10:11:53,0,3067.97,-99.77,276.06
8568,2026/10/01 10:11:53,500,3068.73,-101.62,276.05
8569,2026/10/01 10:11:54,0,3068.05,-96.73,276.61
8570,2026/10/01 10:11:54,500,3068.12,-97.36,276.44
8571,2026/10/01 10:11:55,0,3067.09,-99.25,275.5
8572,2026/10/01 10:11:55,500,3066.9,-98.09,276.02
8573,2026/10/01 10:11:56,0,3067.84,-100.4,276.02
8574,2026/10/01 10:11:56,500,3067.26,-98.91,275.98
8575,2026/10/01 10:11:57,0,3067.58,-100.64,275.71
8576,2026/10/01 10:11:57,500,3067.9,-102.03,276.74
8577,2026/10/01 10:11:58,0,3068.67,-96.11,275.55
8578,2026/10/01 10:11:58,500,3067.23,-102.11,276.7
8579,2026/10/01 10:11:59,0,3068.58,-99.55,275.16
8580,2026/10/01 10:11:59,500,3067.35,-99.57,275.68
8581,2026/10/01 10:12:00,0,3067.46,-99.23,276.26
8582,2026/10/01 10:12:00,500,3067.64,-100.13,275.36
8583,2026/10/01 10:12:01,0,3067.26,-100.12,275.52
8584,2026/10/01 10:12:01,500,3065.93,-99.79,276.16
8585,2026/10/01 10:12:02,0,3067.33,-99.28,275.03
8586,2026/10/01 10:12:02,500,3066.05,-100.0,276.45
8587,2026/10/01 10:12:03,0,3066.48,-100.1,276.64
8588,2026/10/01 10:12:03,500,3066.24,-101.98,276.66
8589,2026/10/01 10:12:04,0,3066.94,-96.98,276.07
8590,2026/10/01 10:12:04,500,3066.23,-99.2,275.7
8591,2026/10/01 10:12:05,0,3064.69,-99.69,275.73
8592,2026/10/01 10:12:05,500,3067.37,-100.94,276.06
8593,2026/10/01 10:12:06,0,3066.25,-101.51,275.98
8594,2026/10/01 10:12:06,500,3065.03,-98.71,275.73
8595,2026/10/01 10:12:07,0,3064.46,-100.24,276.72
8596,2026/10/01 10:12:07,500,3066.02,-99.07,275.81
8597,2026/10/01 10:12:08,0,3064.33,-102.03,276.65
8598,2026/10/01 10:12:08,500,3065.68,-97.68,275.99
8599,2026/10/01 10:12:09,0,3065.79,-98.65,275.96
8600,2026/10/01 10:12:09,500,3064.3,-100.12,276.2
8601,2026/10/01 10:12:10,0,3064.12,-99.3,276.2
8602,2026/10/01 10:12:10,500,3064.23,-98.89,275.88
8603,2026/10/01 10:12:11,0,3063.71,-102.01,276.24
8604,2026/10/01 10:12:11,500,3064.58,-97.48,276.3
8605,2026/10/01 10:12:12,0,3064.58,-99.28,276.79
8606,2026/10/01 10:12:12,500,3064.76,-101.06,276.0
8607,2026/10/01 10:12:13,0,3063.4,-101.64,275.58
8608,2026/10/01 10:12:13,500,3064.64,-98.52,275.63
8609,2026/10/01 10:12:14,0,3063.07,-99.68,277.16
8610,2026/10/01 10:12:14,500,3064.42,-99.28,275.04
8611,2026/10/01 10:12:15,0,3062.46,-99.96,275.39
8612,2026/10/01 10:12:15,500,3064.79,-101.5,276.0
8613,2026/10/01 10:12:16,0,3063.02,-99.24,275.68
8614,2026/10/01 10:12:16,500,3063.81,-100.3,276.4
8615,2026/10/01 10:12:17,0,3063.77,-100.03,276.36
8616,2026/10/01 10:12:17,500,3062.1,-96.43,275.73
8617,2026/10/01 10:12:18,0,3063.68,-98.7,276.75
8618,2026/10/01 10:12:18,500,3062.47,-98.61,275.45
8619,2026/10/01 10:12:19,0,3062.56,-95.92,275.64
8620,2026/10/01 10:12:19,500,3062.16,-99.42,276.8
8621,2026/10/01 10:12:20,0,3063.88,-99.82,275.36
8622,2026/10/01 10:12:20,500,3061.55,-101.02,276.19
8623,2026/10/01 10:12:21,0,3062.73,-100.68,276.8
8624,2026/10/01 10:12:21,500,3061.78,-103.07,274.72
8625,2026/10/01 10:12:22,0,3063.05,-98.81,275.86
8626,2026/10/01 10:12:22,500,3063.93,-101.9,276.5
8627,2026/10/01 10:12:23,0,3061.47,-98.65,275.9
8628,2026/10/01 10:12:23,500,3061.98,-100.06,276.07
8629,2026/10/01 10:12:24,0,3061.46,-99.81,276.13
8630,2026/10/01 10:12:24,500,3062.49,-100.06,276.2
8631,2026/10/01 10:12:25,0,3061.36,-97.92,275.64
8632,2026/10/01 10:12:25,500,3062.18,-98.19,276.43
8633,2026/10/01 10:12:26,0,3061.04,-100.04,276.18
8634,2026/10/01 10:12:26,500,3063.05,-101.35,275.48
8635,2026/10/01 10:12:27,0,3059.4,-98.61,275.83
8636,2026/10/01 10:12:27,500,3061.35,-101.46,275.36
8637,2026/10/01 10:12:28,0,3060.94,-102.33,276.17
8638,2026/10/01 10:12:28,500,3060.81,-99.25,276.31
8639,2026/10/01 10:12:29,0,3060.97,-98.17,276.18
8640,2026/10/01 10:12:29,500,3060.69,-100.61,276.35
8641,2026/10/01 10:12:30,0,3060.72,-99.39,276.15
8642,2026/10/01 10:12:30,500,3060.77,-100.62,276.46
8643,2026/10/01 10:12:31,0,3061.74,-98.92,276.02
8644,2026/10/01 10:12:31,500,3058.03,-98.36,276.44
8645,2026/10/01 10:12:32,0,3061.62,-100.39,275.45
8646,2026/10/01 10:12:32,500,3062.09,-101.54,275.4
8647,2026/10/01 10:12:33,0,3058.54,-102.19,276.14
8648,2026/10/01 10:12:33,500,3059.88,-98.61,276.44
8649,2026/10/01 10:12:34,0,3060.84,-101.7,275.97
8650,2026/10/01 10:12:34,500,3060.37,-99.44,276.43
8651,2026/10/01 10:12:35,0,3060.88,-98.83,276.27
8652,2026/10/01 10:12:35,500,3059.74,-100.75,275.09
8653,2026/10/01 10:12:36,0,3057.72,-100.25,277.28
8654,2026/10/01 10:12:36,500,3060.29,-98.5,275.49
8655,2026/10/01 10:12:37,0,3059.65,-101.21,275.65
8656,2026/10/01 10:12:37,500,3060.22,-101.36,276.7
8657,2026/10/01 10:12:38,0,3057.72,-100.35,276.14
8658,2026/10/01 10:12:38,500,3057.88,-98.08,275.75
8659,2026/10/01 10:12:39,0,3058.77,-97.58,275.9
8660,2026/10/01 10:12:39,500,3059.72,-100.15,275.7
8661,2026/10/01 10:12:40,0,3059.85,-101.07,275.74
8662,2026/10/01 10:12:40,500,3057.88,-98.4,276.54
8663,2026/10/01 10:12:41,0,3058.04,-102.5,275.9
8664,2026/10/01 10:12:41,500,3060.56,-99.63,275.62
8665,2026/10/01 10:12:42,0,3057.73,-100.07,275.78
8666,2026/10/01 10:12:42,500,3058.61,-98.06,276.08
8667,2026/10/01 10:12:43,0,3057.61,-97.91,275.79
8668,2026/10/01 10:12:43,500,3058.26,-101.41,276.01
8669,2026/10/01 10:12:44,0,3057.09,-99.75,276.34
8670,2026/10/01 10:12:44,500,3057.01,-100.86,275.93
8671,2026/10/01 10:12:45,0,3057.29,-100.44,275.75
8672,2026/10/01 10:12:45,500,3057.06,-99.07,275.83
8673,2026/10/01 10:12:46,0,3057.15,-100.5,276.88
8674,2026/10/01 10:12:46,500,3057.72,-99.71,277.27
8675,2026/10/01 10:12:47,0,3058.72,-98.56,276.21
8676,2026/10/01 10:12:47,500,3056.64,-97.73,276.55
8677,2026/10/01 10:12:48,0,3056.23,-99.57,275.73
8678,2026/10/01 10:12:48,500,3056.93,-99.82,275.9
8679,2026/10/01 10:12:49,0,3056.15,-101.66,276.43
8680,2026/10/01 10:12:49,500,3055.42,-97.62,275.02
8681,2026/10/01 10:12:50,0,3057.49,-99.26,276.59
8682,2026/10/01 10:12:50,500,3056.61,-99.8,275.93
8683,2026/10/01 10:12:51,0,3056.59,-99.87,275.68
8684,2026/10/01 10:12:51,500,3054.81,-99.46,276.41
8685,2026/10/01 10:12:52,0,3055.79,-98.84,276.94
8686,2026/10/01 10:12:52,500,3055.03,-98.66,276.07
8687,2026/10/01 10:12:53,0,3056.06,-97.58,276.37
8688,2026/10/01 10:12:53,500,3056.09,-99.64,276.46
8689,2026/10/01 10:12:54,0,3055.99,-97.37,276.35
8690,2026/10/01 10:12:54,500,3055.26,-98.41,275.74
8691,2026/10/01 10:12:55,0,3055.02,-100.09,276.35
8692,2026/10/01 10:12:55,500,3055.45,-102.5,276.33
8693,2026/10/01 10:12:56,0,3055.8,-99.87,274.88
8694,2026/10/01 10:12:56,500,3054.96,-97.66,276.68
8695,2026/10/01 10:12:57,0,3054.58,-101.16,275.5
8696,2026/10/01 10:12:57,500,3054.52,-99.88,276.32
8697,2026/10/01 10:12:58,0,3054.62,-99.75,277.02
8698,2026/10/01 10:12:58,500,3054.69,-98.59,276.14
8699,2026/10/01 10:12:59,0,3054.08,-100.58,275.74
8700,2026/10/01 10:12:59,500,3054.52,-101.3,276.55
8701,2026/10/01 10:13:00,0,3055.77,-99.14,276.97
8702,2026/10/01 10:13:00,500,3054.45,-101.12,275.72
8703,2026/10/01 10:13:01,0,3053.61,-102.75,275.1
8704,2026/10/01 10:13:01,500,3052.7,-97.24,276.87
8705,2026/10/01 10:13:02,0,3055.89,-98.61,276.71
8706,2026/10/01 10:13:02,500,3055.24,-97.17,276.48
8707,2026/10/01 10:13:03,0,3054.46,-98.69,275.39
8708,2026/10/01 10:13:03,500,3055.07,-98.98,276.59
8709,2026/10/01 10:13:04,0,3054.48,-99.45,276.81
8710,2026/10/01 10:13:04,500,3053.9,-100.28,277.38
8711,2026/10/01 10:13:05,0,3052.88,-99.23,276.16
8712,2026/10/01 10:13:05,500,3055.31,-100.83,276.38
8713,2026/10/01 10:13:06,0,3053.35,-101.6,275.23
8714,2026/10/01 10:13:06,500,3053.3,-100.5,276.79
8715,2026/10/01 10:13:07,0,3053.55,-98.06,276.79
8716,2026/10/01 10:13:07,500,3053.47,-101.85,276.52
8717,2026/10/01 10:13:08,0,3053.8,-101.82,276.91
8718,2026/10/01 10:13:08,500,3053.62,-99.11,275.93
8719,2026/10/01 10:13:09,0,3052.7,-100.62,276.22
8720,2026/10/01 10:13:09,500,3053.09,-99.27,276.24
8721,2026/10/01 10:13:10,0,3053.42,-98.52,276.88
8722,2026/10/01 10:13:10,500,3052.37,-99.31,276.9
8723,2026/10/01 10:13:11,0,3053.97,-100.95,276.5
8724,2026/10/01 10:13:11,500,3052.7,-98.08,276.47
8725,2026/10/01 10:13:12,0,3053.91,-98.89,276.62
8726,2026/10/01 10:13:12,500,3051.43,-99.96,276.18
8727,2026/10/01 10:13:13,0,3052.98,-100.03,277.03
8728,2026/10/01 10:13:13,500,3051.66,-99.44,276.13
8729,2026/10/01 10:13:14,0,3051.77,-100.47,276.57
8730,2026/10/01 10:13:14,500,3052.92,-102.45,276.06
8731,2026/10/01 10:13:15,0,3051.93,-98.87,276.84
8732,2026/10/01 10:13:15,500,3054.1,-98.96,276.32
8733,2026/10/01 10:13:16,0,3052.35,-103.45,277.4
8734,2026/10/01 10:13:16,500,3051.29,-99.23,276.31
8735,2026/10/01 10:13:17,0,3052.18,-97.37,276.84
8736,2026/10/01 10:13:17,500,3051.49,-101.69,276.06
8737,2026/10/01 10:13:18,0,3052.26,-100.11,276.23
8738,2026/10/01 10:13:18,500,3051.27,-100.27,276.36
8739,2026/10/01 10:13:19,0,3051.74,-97.51,276.56
8740,2026/10/01 10:13:19,500,3051.49,-98.32,276.02
8741,2026/10/01 10:13:20,0,3051.31,-101.32,276.11
8742,2026/10/01 10:13:20,500,3052.0,-99.49,276.44
8743,2026/10/01 10:13:21,0,3049.63,-96.55,276.6
8744,2026/10/01 10:13:21,500,3051.07,-100.94,276.38
8745,2026/10/01 10:13:22,0,3050.35,-100.02,276.32
8746,2026/10/01 10:13:22,500,3049.74,-99.23,275.74
8747,2026/10/01 10:13:23,0,3050.07,-100.92,276.66
8748,2026/10/01 10:13:23,500,3050.16,-97.36,276.84
8749,2026/10/01 10:13:24,0,3050.38,-100.71,276.9
8750,2026/10/01 10:13:24,500,3050.75,-102.08,276.49
8751,2026/10/01 10:13:25,0,3050.83,-100.79,276.12
8752,2026/10/01 10:13:25,500,3049.99,-99.02,276.26
8753,2026/10/01 10:13:26,0,3051.5,-101.2,276.51
8754,2026/10/01 10:13:26,500,3049.85,-99.55,276.42
8755,2026/10/01 10:13:27,0,3048.51,-99.16,276.01
8756,2026/10/01 10:13:27,500,3049.71,-101.81,275.6
8757,2026/10/01 10:13:28,0,3049.94,-100.85,276.16
8758,2026/10/01 10:13:28,500,3047.2,-99.48,276.31
8759,2026/10/01 10:13:29,0,3050.7,-98.95,276.6
8760,2026/10/01 10:13:29,500,3049.57,-100.81,276.24
8761,2026/10/01 10:13:30,0,3048.65,-99.77,276.33
8762,2026/10/01 10:13:30,500,3048.72,-100.43,276.51
8763,2026/10/01 10:13:31,0,3050.01,-98.91,277.24
8764,2026/10/01 10:13:31,500,3050.03,-99.22,276.38
8765,2026/10/01 10:13:32,0,3048.72,-100.56,275.69
8766,2026/10/01 10:13:32,500,3048.07,-99.28,276.12
8767,2026/10/01 10:13:33,0,3049.18,-100.62,277.37
8768,2026/10/01 10:13:33,500,3049.24,-99.31,277.19
8769,2026/10/01 10:13:34,0,3049.36,-99.29,276.95
8770,2026/10/01 10:13:34,500,3048.38,-96.44,276.83
8771,2026/10/01 10:13:35,0,3048.65,-100.5,276.84
8772,2026/10/01 10:13:35,500,3048.68,-100.21,276.37
8773,2026/10/01 10:13:36,0,3049.36,-100.97,276.92
8774,2026/10/01 10:13:36,500,3049.57,-101.55,276.94
8775,2026/10/01 10:13:37,0,3049.7,-100.68,276.92
8776,2026/10/01 10:13:37,500,3049.39,-99.0,276.2
8777,2026/10/01 10:13:38,0,3049.71,-98.89,276.34
8778,2026/10/01 10:13:38,500,3048.99,-99.56,276.18
8779,2026/10/01 10:13:39,0,3047.63,-100.44,277.0
8780,2026/10/01 10:13:39,500,3049.25,-100.74,276.66
8781,2026/10/01 10:13:40,0,3046.84,-101.38,276.71
8782,2026/10/01 10:13:40,500,3049.75,-100.84,276.8
8783,2026/10/01 10:13:41,0,3047.0,-101.94,275.81
8784,2026/10/01 10:13:41,500,3048.41,-97.96,276.96
8785,2026/10/01 10:13:42,0,3048.78,-97.24,276.25
8786,2026/10/01 10:13:42,500,3047.91,-102.9,276.3
8787,2026/10/01 10:13:43,0,3045.82,-99.57,276.11
8788,2026/10/01 10:13:43,500,3046.63,-99.59,276.57
8789,2026/10/01 10:13:44,0,3047.59,-99.69,276.5
8790,2026/10/01 10:13:44,500,3047.74,-100.89,275.84
8791,2026/10/01 10:13:45,0,3047.01,-98.47,275.65
8792,2026/10/01 10:13:45,500,3047.13,-99.38,276.44
8793,2026/10/01 10:13:46,0,3045.82,-98.45,276.95
8794,2026/10/01 10:13:46,500,3048.33,-101.11,276.91
8795,2026/10/01 10:13:47,0,3046.53,-102.07,277.05
8796,2026/10/01 10:13:47,500,3047.39,-99.35,276.46
8797,2026/10/01 10:13:48,0,3047.8,-101.44,276.38
8798,2026/10/01 10:13:48,500,3045.68,-98.42,276.5
8799,2026/10/01 10:13:49,0,3046.63,-103.19,276.97
8800,2026/10/01 10:13:49,500,3046.67,-100.7,277.37
8801,2026/10/01 10:13:50,0,3046.16,-100.92,276.34
8802,2026/10/01 10:13:50,500,3047.04,-100.5,276.44
8803,2026/10/01 10:13:51,0,3045.68,-99.61,276.59
8804,2026/10/01 10:13:51,500,3046.18,-99.41,276.44
8805,2026/10/01 10:13:52,0,3045.77,-99.04,276.29
8806,2026/10/01 10:13:52,500,3047.85,-98.87,276.52
8807,2026/10/01 10:13:53,0,3045.38,-100.26,276.19
8808,2026/10/01 10:13:53,500,3046.43,-96.84,276.95
8809,2026/10/01 10:13:54,0,3047.19,-97.92,277.33
8810,2026/10/01 10:13:54,500,3044.95,-100.47,276.45
8811,2026/10/01 10:13:55,0,3045.68,-100.21,277.43
8812,2026/10/01 10:13:55,500,3044.74,-100.5,276.55
8813,2026/10/01 10:13:56,0,3043.84,-99.46,276.25
8814,2026/10/01 10:13:56,500,3044.75,-101.46,276.95
8815,2026/10/01 10:13:57,0,3044.84,-101.18,276.15
8816,2026/10/01 10:13:57,500,3044.82,-103.25,276.92
8817,2026/10/01 10:13:58,0,3044.91,-100.6,276.74
8818,2026/10/01 10:13:58,500,3045.08,-98.4,276.42
8819,2026/10/01 10:13:59,0,3044.04,-100.23,276.37
8820,2026/10/01 10:13:59,500,3045.21,-100.14,276.19
8821,2026/10/01 10:14:00,0,3045.82,-99.58,277.14
8822,2026/10/01 10:14:00,500,3045.84,-101.5,276.52
8823,2026/10/01 10:14:01,0,3044.49,-99.96,276.79
8824,2026/10/01 10:14:01,500,3045.34,-98.66,276.63
8825,2026/10/01 10:14:02,0,3044.01,-99.54,276.53
8826,2026/10/01 10:14:02,500,3044.2,-98.53,276.8
8827,2026/10/01 10:14:03,0,3044.72,-98.1,276.9
8828,2026/10/01 10:14:03,500,3044.06,-99.01,276.71
8829,2026/10/01 10:14:04,0,3043.25,-101.07,276.55
8830,2026/10/01 10:14:04,500,3044.85,-100.52,276.11
8831,2026/10/01 10:14:05,0,3043.45,-97.1,276.35
8832,2026/10/01 10:14:05,500,3043.62,-99.53,276.5
8833,2026/10/01 10:14:06,0,3044.81,-99.73,276.67
8834,2026/10/01 10:14:06,500,3044.32,-101.29,275.79
8835,2026/10/01 10:14:07,0,3043.96,-100.14,276.97
8836,2026/10/01 10:14:07,500,3042.57,-98.93,276.83
8837,2026/10/01 10:14:08,0,3042.74,-99.98,276.38
8838,2026/10/01 10:14:08,500,3043.92,-100.78,276.21
8839,2026/10/01 10:14:09,0,3044.03,-100.43,276.33
8840,2026/10/01 10:14:09,500,3043.65,-98.21,276.02
8841,2026/10/01 10:14:10,0,3043.0,-99.0,276.51
8842,2026/10/01 10:14:10,500,3042.9,-99.2,276.59
8843,2026/10/01 10:14:11,0,3043.41,-99.34,277.15
8844,2026/10/01 10:14:11,500,3042.16,-101.77,276.93
8845,2026/10/01 10:14:12,0,3043.16,-99.59,277.32
8846,2026/10/01 10:14:12,500,3041.91,-98.4,276.75
8847,2026/10/01 10:14:13,0,3042.11,-100.39,276.24
8848,2026/10/01 10:14:13,500,3043.02,-98.53,277.57
8849,2026/10/01 10:14:14,0,3043.27,-99.18,276.54
8850,2026/10/01 10:14:14,500,3043.01,-98.76,275.93
8851,2026/10/01 10:14:15,0,3041.77,-99.92,276.82
8852,2026/10/01 10:14:15,500,3041.1,-98.67,275.92
8853,2026/10/01 10:14:16,0,3042.51,-102.2,276.67
8854,2026/10/01 10:14:16,500,3040.93,-99.95,276.48
8855,2026/10/01 10:14:17,0,3043.13,-98.93,276.98
8856,2026/10/01 10:14:17,500,3041.44,-99.56,277.2
8857,2026/10/01 10:14:18,0,3044.03,-98.36,276.56
8858,2026/10/01 10:14:18,500,3041.4,-100.24,276.53
8859,2026/10/01 10:14:19,0,3042.47,-100.82,277.11
8860,2026/10/01 10:14:19,500,3041.44,-102.46,276.35
8861,2026/10/01 10:14:20,0,3041.82,-100.41,276.77
8862,2026/10/01 10:14:20,500,3042.04,-99.22,277.01
8863,2026/10/01 10:14:21,0,3042.51,-98.86,276.35
8864,2026/10/01 10:14:21,500,3042.56,-102.1,276.59
8865,2026/10/01 10:14:22,0,3042.26,-98.24,276.8
8866,2026/10/01 10:14:22,500,3042.44,-101.46,277.41
8867,2026/10/01 10:14:23,0,3041.05,-100.18,276.15
8868,2026/10/01 10:14:23,500,3041.99,-100.85,276.68
8869,2026/10/01 10:14:24,0,3041.13,-99.37,277.43
8870,2026/10/01 10:14:24,500,3042.12,-99.86,277.25
8871,2026/10/01 10:14:25,0,3041.36,-98.98,276.63
8872,2026/10/01 10:14:25,500,3041.69,-97.23,276.73
8873,2026/10/01 10:14:26,0,3041.36,-99.4,277.0
8874,2026/10/01 10:14:26,500,3041.67,-100.87,277.01
8875,2026/10/01 10:14:27,0,3040.34,-99.31,277.46
8876,2026/10/01 10:14:27,500,3039.66,-97.08,277.34
8877,2026/10/01 10:14:28,0,3041.64,-99.02,276.09
8878,2026/10/01 10:14:28,500,3041.86,-98.58,275.98
8879,2026/10/01 10:14:29,0,3040.62,-102.39,276.51
8880,2026/10/01 10:14:29,500,3041.3,-99.42,275.86
8881,2026/10/01 10:14:30,0,3039.28,-100.4,277.45
8882,2026/10/01 10:14:30,500,3040.02,-101.02,276.04
8883,2026/10/01 10:14:31,0,3040.51,-100.03,276.65
8884,2026/10/01 10:14:31,500,3038.99,-99.84,276.36
8885,2026/10/01 10:14:32,0,3039.09,-100.94,276.01
8886,2026/10/01 10:14:32,500,3040.37,-99.72,277.39
8887,2026/10/01 10:14:33,0,3039.69,-100.26,276.52
8888,2026/10/01 10:14:33,500,3039.83,-98.95,277.76
8889,2026/10/01 10:14:34,0,3039.72,-99.66,277.51
8890,2026/10/01 10:14:34,500,3038.95,-99.44,276.81
8891,2026/10/01 10:14:35,0,3039.74,-98.53,275.77
8892,2026/10/01 10:14:35,500,3039.83,-99.17,276.65
8893,2026/10/01 10:14:36,0,3039.31,-100.01,277.96
8894,2026/10/01 10:14:36,500,3039.31,-103.13,277.04
8895,2026/10/01 10:14:37,0,3039.48,-99.23,276.74
8896,2026/10/01 10:14:37,500,3040.24,-101.37,276.52
8897,2026/10/01 10:14:38,0,3039.44,-100.13,277.28
8898,2026/10/01 10:14:38,500,3037.91,-99.44,277.02
8899,2026/10/01 10:14:39,0,3038.43,-98.0,276.98
8900,2026/10/01 10:14:39,500,3040.06,-97.24,277.41
8901,2026/10/01 10:14:40,0,3038.7,-101.38,277.38
8902,2026/10/01 10:14:40,500,3039.12,-101.97,277.06
8903,2026/10/01 10:14:41,0,3040.66,-99.51,276.05
8904,2026/10/01 10:14:41,500,3039.56,-99.64,276.36
8905,2026/10/01 10:14:42,0,3037.27,-101.8,276.55
8906,2026/10/01 10:14:42,500,3040.08,-100.02,276.84
8907,2026/10/01 10:14:43,0,3038.98,-99.1,277.61
8908,2026/10/01 10:14:43,500,3039.09,-101.85,277.89
8909,2026/10/01 10:14:44,0,3038.98,994.84,277.06
8910,2026/10/01 10:14:44,500,3039.4,992.89,277.14
8911,2026/10/01 10:14:45,0,3038.54,-100.32,276.11
8912,2026/10/01 10:14:45,500,3037.35,-98.96,276.66
8913,2026/10/01 10:14:46,0,3038.73,-100.49,276.6
8914,2026/10/01 10:14:46,500,3037.3,-99.92,276.56
8915,2026/10/01 10:14:47,0,3039.8,-96.63,277.17
8916,2026/10/01 10:14:47,500,3037.99,-101.43,276.66
8917,2026/10/01 10:14:48,0,3038.18,-100.98,275.94
8918,2026/10/01 10:14:48,500,3037.61,-98.98,277.31
8919,2026/10/01 10:14:49,0,3038.36,-98.52,277.49
8920,2026/10/01 10:14:49,500,3038.39,-99.38,277.04
8921,2026/10/01 10:14:50,0,3037.42,-97.29,276.81
8922,2026/10/01 10:14:50,500,3038.26,-99.52,276.45
8923,2026/10/01 10:14:51,0,3037.89,-102.96,276.48
8924,2026/10/01 10:14:51,500,3037.7,-99.85,277.44
8925,2026/10/01 10:14:52,0,3037.11,-100.86,276.53
8926,2026/10/01 10:14:52,500,3039.5,-97.92,277.91
8927,2026/10/01 10:14:53,0,3038.53,-98.55,277.39
8928,2026/10/01 10:14:53,500,3038.11,-102.38,277.08
8929,2026/10/01 10:14:54,0,3038.36,-97.97,278.27
8930,2026/10/01 10:14:54,500,3037.64,-98.59,277.56
8931,2026/10/01 10:14:55,0,3037.06,-100.49,276.71
8932,2026/10/01 10:14:55,500,3035.16,-100.12,276.41
8933,2026/10/01 10:14:56,0,3036.24,-97.91,276.71
8934,2026/10/01 10:14:56,500,3038.88,-102.96,276.88
8935,2026/10/01 10:14:57,0,3038.02,-99.33,276.55
8936,2026/10/01 10:14:57,500,3037.19,-98.36,276.37
8937,2026/10/01 10:14:58,0,3035.7,-100.13,277.05
8938,2026/10/01 10:14:58,500,3037.41,-99.03,277.38
8939,2026/10/01 10:14:59,0,3036.62,-99.85,277.87
8940,2026/10/01 10:14:59,500,3037.34,-101.18,276.98
8941,2026/10/01 10:15:00,0,3038.65,-1.21,277.22
8942,2026/10/01 10:15:00,500,3041.89,1.07,275.97
8943,2026/10/01 10:15:01,0,3045.73,-0.95,277.31
8944,2026/10/01 10:15:01,500,3049.29,-2.29,276.35
8945,2026/10/01 10:15:02,0,3049.93,0.18,276.98
8946,2026/10/01 10:15:02,500,3052.36,-0.77,276.79
8947,2026/10/01 10:15:03,0,3056.66,-1.8,276.67
8948,2026/10/01 10:15:03,500,3057.52,0.11,276.02
8949,2026/10/01 10:15:04,0,3060.24,1.15,276.36
8950,2026/10/01 10:15:04,500,3064.06,-994.85,276.24
8951,2026/10/01 10:15:05,0,3068.16,-1.6,276.4
8952,2026/10/01 10:15:05,500,3068.45,0.72,277.27
8953,2026/10/01 10:15:06,0,3071.45,1.55,276.48
8954,2026/10/01 10:15:06,500,3074.45,3.32,276.3
8955,2026/10/01 10:15:07,0,3076.59,2.16,276.93
8956,2026/10/01 10:15:07,500,3078.14,-1.51,276.75
8957,2026/10/01 10:15:08,0,3082.78,1.29,277.58
8958,2026/10/01 10:15:08,500,3084.85,0.38,277.05
8959,2026/10/01 10:15:09,0,3087.56,-1.73,275.53
8960,2026/10/01 10:15:09,500,3089.7,0.43,276.9
8961,2026/10/01 10:15:10,0,3093.56,2.88,276.82
8962,2026/10/01 10:15:10,500,3094.47,1.79,277.28
8963,2026/10/01 10:15:11,0,3096.53,-1.52,276.33
8964,2026/10/01 10:15:11,500,3101.23,0.02,276.96
8965,2026/10/01 10:15:12,0,3100.63,0.74,276.21
8966,2026/10/01 10:15:12,500,3104.75,-2.59,276.51
8967,2026/10/01 10:15:13,0,3107.29,-2.54,275.82
8968,2026/10/01 10:15:13,500,3109.72,0.23,275.64
8969,2026/10/01 10:15:14,0,3111.03,0.25,276.74
8970,2026/10/01 10:15:14,500,3113.76,-2.76,276.28
8971,2026/10/01 10:15:15,0,3117.91,0.58,275.62
8972,2026/10/01 10:15:15,500,3120.68,1.63,276.64
8973,2026/10/01 10:15:16,0,3121.65,-0.33,274.85
8974,2026/10/01 10:15:16,500,3123.64,0.09,275.79
8975,2026/10/01 10:15:17,0,3125.35,0.86,275.34
8976,2026/10/01 10:15:17,500,3129.92,0.66,276.75
8977,2026/10/01 10:15:18,0,3132.34,-2.5,275.91
8978,2026/10/01 10:15:18,500,3131.65,-1.36,276.14
8979,2026/10/01 10:15:19,0,3134.31,-0.59,276.23
8980,2026/10/01 10:15:19,500,3138.71,-1.29,276.46
8981,2026/10/01 10:15:20,0,3141.14,2.2,276.39
8982,2026/10/01 10:15:20,500,3142.87,0.95,276.42
8983,2026/10/01 10:15:21,0,3145.55,-1.66,275.86
8984,2026/10/01 10:15:21,500,3147.68,-0.32,276.4
8985,2026/10/01 10:15:22,0,3150.19,1.7,275.62
8986,2026/10/01 10:15:22,500,3151.74,-0.97,275.73
8987,2026/10/01 10:15:23,0,3154.73,1.28,275.14
8988,2026/10/01 10:15:23,500,3156.46,2.07,276.73
8989,2026/10/01 10:15:24,0,3158.65,1.82,275.37
8990,2026/10/01 10:15:24,500,3160.02,0.27,276.55
8991,2026/10/01 10:15:25,0,3163.61,1.88,276.09
8992,2026/10/01 10:15:25,500,3166.62,-0.78,275.9
8993,2026/10/01 10:15:26,0,3167.94,3.73,275.96
8994,2026/10/01 10:15:26,500,3170.13,0.36,275.23
8995,2026/10/01 10:15:27,0,3173.62,1.72,276.54
8996,2026/10/01 10:15:27,500,3175.62,-0.54,275.53
8997,2026/10/01 10:15:28,0,3178.38,0.75,276.2
8998,2026/10/01 10:15:28,500,3180.97,0.82,275.4
8999,2026/10/01 10:15:29,0,3181.38,-1.39,274.94
9000,2026/10/01 10:15:29,500,3182.56,-1.44,276.62
9001,2026/10/01 10:15:30,0,3185.22,-0.31,275.31
9002,2026/10/01 10:15:30,500,3188.23,1.66,275.82
9003,2026/10/01 10:15:31,0,3191.05,-2.75,274.05
9004,2026/10/01 10:15:31,500,3191.18,-0.54,275.51
9005,2026/10/01 10:15:32,0,3194.34,1.96,275.83
9006,2026/10/01 10:15:32,500,3195.6,-1.85,275.57
9007,2026/10/01 10:15:33,0,3198.22,1.88,275.43
9008,2026/10/01 10:15:33,500,3200.29,-1.69,275.35
9009,2026/10/01 10:15:34,0,3202.8,-1.37,275.87
9010,2026/10/01 10:15:34,500,3206.19,-0.22,274.77
9011,2026/10/01 10:15:35,0,3207.0,2.81,275.28
9012,2026/10/01 10:15:35,500,3208.33,-0.96,276.09
9013,2026/10/01 10:15:36,0,3210.24,-2.6,274.61
9014,2026/10/01 10:15:36,500,3212.6,-2.1,275.28
9015,2026/10/01 10:15:37,0,3214.08,1.4,274.76
9016,2026/10/01 10:15:37,500,3216.91,-2.03,275.44
9017,2026/10/01 10:15:38,0,3216.88,1.78,275.29
9018,2026/10/01 10:15:38,500,3220.64,0.1,274.78
9019,2026/10/01 10:15:39,0,3222.69,-0.05,275.24
9020,2026/10/01 10:15:39,500,3223.85,0.45,275.24
9021,2026/10/01 10:15:40,0,3226.45,-1.2,274.88
9022,2026/10/01 10:15:40,500,3229.62,0.21,274.96
9023,2026/10/01 10:15:41,0,3231.64,-1.79,274.82
9024,2026/10/01 10:15:41,500,3232.21,2.02,273.98
9025,2026/10/01 10:15:42,0,3235.0,-1.54,275.56
9026,2026/10/01 10:15:42,500,3235.32,0.66,275.68
9027,2026/10/01 10:15:43,0,3238.21,-1.55,274.18
9028,2026/10/01 10:15:43,500,3240.55,-0.8,275.64
9029,2026/10/01 10:15:44,0,3243.5,-0.56,275.22
9030,2026/10/01 10:15:44,500,3245.13,4.47,274.45
9031,2026/10/01 10:15:45,0,3246.24,-0.02,274.87
9032,2026/10/01 10:15:45,500,3247.23,-1.23,274.6
9033,2026/10/01 10:15:46,0,3250.93,-0.67,275.4
9034,2026/10/01 10:15:46,500,3251.44,-2.26,274.46
9035,2026/10/01 10:15:47,0,3253.93,-0.24,275.95
9036,2026/10/01 10:15:47,500,3255.33,2.78,275.45
9037,2026/10/01 10:15:48,0,3258.87,0.5,274.24
9038,2026/10/01 10:15:48,500,3258.63,1.36,275.65
9039,2026/10/01 10:15:49,0,3261.69,-1.36,275.18
9040,2026/10/01 10:15:49,500,3262.71,-0.31,274.71
9041,2026/10/01 10:15:50,0,3265.05,0.31,275.11
9042,2026/10/01 10:15:50,500,3267.7,-1.09,275.21
9043,2026/10/01 10:15:51,0,3266.61,0.6,274.35
9044,2026/10/01 10:15:51,500,3269.95,0.92,275.12
9045,2026/10/01 10:15:52,0,3271.08,0.81,274.47
9046,2026/10/01 10:15:52,500,3273.93,-0.23,275.07
9047,2026/10/01 10:15:53,0,3275.9,1.64,274.58
9048,2026/10/01 10:15:53,500,3276.74,-0.39,274.12
9049,2026/10/01 10:15:54,0,3278.45,-0.52,274.92
9050,2026/10/01 10:15:54,500,3280.79,2.16,274.39
9051,2026/10/01 10:15:55,0,3281.35,-1.66,274.64
9052,2026/10/01 10:15:55,500,3284.37,-2.55,274.75
9053,2026/10/01 10:15:56,0,3285.18,-1.3,275.26
9054,2026/10/01 10:15:56,500,3288.14,0.58,274.28
9055,2026/10/01 10:15:57,0,3288.21,1.93,274.06
9056,2026/10/01 10:15:57,500,3290.52,-0.99,275.28
9057,2026/10/01 10:15:58,0,3292.08,2.72,274.44
9058,2026/10/01 10:15:58,500,3294.13,0.04,274.15
9059,2026/10/01 10:15:59,0,3297.16,-0.17,274.58
9060,2026/10/01 10:15:59,500,3298.41,-1.27,274.21
9061,2026/10/01 10:16:00,0,3299.03,2.93,274.23
9062,2026/10/01 10:16:00,500,3300.69,-0.23,275.63
9063,2026/10/01 10:16:01,0,3303.44,-2.0,273.83
9064,2026/10/01 10:16:01,500,3303.46,3.69,273.58
9065,2026/10/01 10:16:02,0,3306.05,0.59,274.89
9066,2026/10/01 10:16:02,500,3307.18,1.2,274.07
9067,2026/10/01 10:16:03,0,3309.16,2.52,274.4
9068,2026/10/01 10:16:03,500,3311.57,0.92,274.54
9069,2026/10/01 10:16:04,0,3312.01,1.46,273.32
9070,2026/10/01 10:16:04,500,3314.93,0.08,274.75
9071,2026/10/01 10:16:05,0,3317.52,1.1,273.88
9072,2026/10/01 10:16:05,500,3317.84,-0.05,275.09
9073,2026/10/01 10:16:06,0,3318.88,-0.03,273.72
9074,2026/10/01 10:16:06,500,3321.46,0.18,274.88
9075,2026/10/01 10:16:07,0,3321.22,-0.6,274.95
9076,2026/10/01 10:16:07,500,3324.9,0.76,273.81
9077,2026/10/01 10:16:08,0,3324.64,0.75,273.94
9078,2026/10/01 10:16:08,500,3328.54,1.23,273.86
9079,2026/10/01 10:16:09,0,3327.78,0.96,274.76
9080,2026/10/01 10:16:09,500,3330.43,3.0,274.07
9081,2026/10/01 10:16:10,0,3330.19,1.58,274.22
9082,2026/10/01 10:16:10,500,3332.8,-0.31,273.87
9083,2026/10/01 10:16:11,0,3333.63,0.68,274.15
9084,2026/10/01 10:16:11,500,3334.86,2.12,274.17
9085,2026/10/01 10:16:12,0,3338.5,-1.42,273.58
9086,2026/10/01 10:16:12,500,3338.06,3.02,274.74
9087,2026/10/01 10:16:13,0,3339.95,-1.16,273.74
9088,2026/10/01 10:16:13,500,3341.35,1.35,274.33
9089,2026/10/01 10:16:14,0,3344.43,0.01,273.17
9090,2026/10/01 10:16:14,500,3345.82,-0.08,274.12
9091,2026/10/01 10:16:15,0,3347.5,-1.95,274.29
9092,2026/10/01 10:16:15,500,3347.32,1.36,273.87
9093,2026/10/01 10:16:16,0,3350.49,-1.93,274.26
9094,2026/10/01 10:16:16,500,3350.24,-2.16,273.35
9095,2026/10/01 10:16:17,0,3351.72,1.74,273.92
9096,2026/10/01 10:16:17,500,3353.21,2.68,272.9
9097,2026/10/01 10:16:18,0,3354.68,-1.0,273.71
9098,2026/10/01 10:16:18,500,3356.57,1.5,273.22
9099,2026/10/01 10:16:19,0,3357.4,1.19,273.57
9100,2026/10/01 10:16:19,500,3359.68,-0.14,274.27
9101,2026/10/01 10:16:20,0,3358.82,2.0,274.43
9102,2026/10/01 10:16:20,500,3362.5,-0.25,272.9
9103,2026/10/01 10:16:21,0,3362.85,0.78,274.14
9104,2026/10/01 10:16:21,500,3364.58,-1.88,274.2
9105,2026/10/01 10:16:22,0,3366.0,-1.82,273.64
9106,2026/10/01 10:16:22,500,3368.65,1.75,274.14
9107,2026/10/01 10:16:23,0,3369.68,0.83,273.24
9108,2026/10/01 10:16:23,500,3370.52,-0.21,273.17
9109,2026/10/01 10:16:24,0,3371.45,993.05,273.15
9110,2026/10/01 10:16:24,500,3374.01,996.59,273.74
9111,2026/10/01 10:16:25,0,3376.18,0.66,273.32
9112,2026/10/01 10:16:25,500,3376.08,-2.18,272.99
9113,2026/10/01 10:16:26,0,3376.17,-0.17,272.99
9114,2026/10/01 10:16:26,500,3378.22,-1.25,273.31
9115,2026/10/01 10:16:27,0,3380.57,0.13,272.86
9116,2026/10/01 10:16:27,500,3381.1,-1.4,273.6
9117,2026/10/01 10:16:28,0,3382.09,-1.79,273.85
9118,2026/10/01 10:16:28,500,3383.37,-3.39,273.72
9119,2026/10/01 10:16:29,0,3385.48,0.25,274.67
9120,2026/10/01 10:16:29,500,3385.49,-3.45,273.4
9121,2026/10/01 10:16:30,0,3387.99,-0.48,274.02
9122,2026/10/01 10:16:30,500,3389.39,1.04,273.24
9123,2026/10/01 10:16:31,0,3390.25,-1.08,272.99
9124,2026/10/01 10:16:31,500,3391.06,-1.63,273.17
9125,2026/10/01 10:16:32,0,3393.99,-0.1,273.18
9126,2026/10/01 10:16:32,500,3393.39,-1.24,273.01
9127,2026/10/01 10:16:33,0,3395.86,0.28,272.51
9128,2026/10/01 10:16:33,500,3397.57,-1.55,272.55
9129,2026/10/01 10:16:34,0,3398.38,-0.16,273.58
9130,2026/10/01 10:16:34,500,3400.49,-0.52,273.42
9131,2026/10/01 10:16:35,0,3399.84,-0.02,273.87
9132,2026/10/01 10:16:35,500,3401.36,2.45,272.76
9133,2026/10/01 10:16:36,0,3402.87,0.3,272.7
9134,2026/10/01 10:16:36,500,3407.1,0.76,272.35
9135,2026/10/01 10:16:37,0,3406.1,-0.94,273.43
9136,2026/10/01 10:16:37,500,3407.48,0.33,272.44
9137,2026/10/01 10:16:38,0,3408.66,-0.41,272.85
9138,2026/10/01 10:16:38,500,3409.42,0.04,273.0
9139,2026/10/01 10:16:39,0,3411.4,0.97,272.04
9140,2026/10/01 10:16:39,500,3410.27,-0.75,273.2
9141,2026/10/01 10:16:40,0,3413.19,-0.6,273.29
9142,2026/10/01 10:16:40,500,3414.5,-0.73,272.91
9143,2026/10/01 10:16:41,0,3416.16,-0.76,272.71
9144,2026/10/01 10:16:41,500,3415.61,0.26,272.72
9145,2026/10/01 10:16:42,0,3416.84,-0.55,273.41
9146,2026/10/01 10:16:42,500,3418.07,2.25,272.72
9147,2026/10/01 10:16:43,0,3420.47,4.02,272.66
9148,2026/10/01 10:16:43,500,3421.65,-0.85,272.31
9149,2026/10/01 10:16:44,0,3421.62,0.44,271.24
9150,2026/10/01 10:16:44,500,3425.06,1.56,273.17
9151,2026/10/01 10:16:45,0,3424.91,-0.4,272.6
9152,2026/10/01 10:16:45,500,3425.92,-1.49,272.14
9153,2026/10/01 10:16:46,0,3426.8,2.61,273.62
9154,2026/10/01 10:16:46,500,3428.84,1.03,272.76
9155,2026/10/01 10:16:47,0,3429.54,0.48,272.42
9156,2026/10/01 10:16:47,500,3431.87,2.18,273.01
9157,2026/10/01 10:16:48,0,3430.51,1.16,272.67
9158,2026/10/01 10:16:48,500,3431.36,-0.07,272.64
9159,2026/10/01 10:16:49,0,3433.11,-1.46,272.14
9160,2026/10/01 10:16:49,500,3435.26,-0.74,272.78
9161,2026/10/01 10:16:50,0,3435.57,1.81,272.88
9162,2026/10/01 10:16:50,500,3438.03,1.02,272.09
9163,2026/10/01 10:16:51,0,3437.79,-0.28,271.43
9164,2026/10/01 10:16:51,500,3440.06,2.65,272.83
9165,2026/10/01 10:16:52,0,3439.62,-0.24,272.65
9166,2026/10/01 10:16:52,500,3442.31,1.48,272.74
9167,2026/10/01 10:16:53,0,3443.53,0.33,272.32
9168,2026/10/01 10:16:53,500,3443.05,2.9,272.76
9169,2026/10/01 10:16:54,0,3444.96,1.13,271.94
9170,2026/10/01 10:16:54,500,3445.85,0.07,272.15
9171,2026/10/01 10:16:55,0,3447.11,-0.27,271.7
9172,2026/10/01 10:16:55,500,3448.77,-0.02,272.79
9173,2026/10/01 10:16:56,0,3449.57,-1.09,272.17
9174,2026/10/01 10:16:56,500,3450.25,-2.05,272.29
9175,2026/10/01 10:16:57,0,3451.41,0.46,272.37
9176,2026/10/01 10:16:57,500,3450.9,-0.8,272.01
9177,2026/10/01 10:16:58,0,3452.91,-0.8,272.53
9178,2026/10/01 10:16:58,500,3453.09,-0.13,272.93
9179,2026/10/01 10:16:59,0,3454.98,0.08,272.57
9180,2026/10/01 10:16:59,500,3456.91,0.01,271.2
9181,2026/10/01 10:17:00,0,3457.02,2.61,272.1
9182,2026/10/01 10:17:00,500,3456.04,0.99,272.1
9183,2026/10/01 10:17:01,0,3458.21,3.16,272.63
9184,2026/10/01 10:17:01,500,3460.51,-0.66,271.71
9185,2026/10/01 10:17:02,0,3460.61,1.18,271.45
9186,2026/10/01 10:17:02,500,3462.67,-0.58,272.37
9187,2026/10/01 10:17:03,0,3462.06,-0.84,271.92
9188,2026/10/01 10:17:03,500,3464.32,3.22,271.6
9189,2026/10/01 10:17:04,0,3465.34,-1.15,271.76
9190,2026/10/01 10:17:04,500,3466.6,-3.35,271.17
9191,2026/10/01 10:17:05,0,3466.42,-1.06,271.94
9192,2026/10/01 10:17:05,500,3468.54,-3.01,271.69
9193,2026/10/01 10:17:06,0,3470.09,-1.43,272.09
9194,2026/10/01 10:17:06,500,3468.02,-1.29,271.7
9195,2026/10/01 10:17:07,0,3470.84,0.05,271.8
9196,2026/10/01 10:17:07,500,3470.31,-3.07,271.54
9197,2026/10/01 10:17:08,0,3472.01,1.79,271.62
9198,2026/10/01 10:17:08,500,3473.02,-2.81,271.17
9199,2026/10/01 10:17:09,0,3474.53,-0.19,272.23
9200,2026/10/01 10:17:09,500,3475.83,-0.49,271.67
9201,2026/10/01 10:17:10,0,3477.18,1.24,270.68
9202,2026/10/01 10:17:10,500,3477.6,0.53,270.87
9203,2026/10/01 10:17:11,0,3478.85,1.78,272.16
9204,2026/10/01 10:17:11,500,3478.37,-0.54,271.6
9205,2026/10/01 10:17:12,0,3481.0,-0.7,271.6
9206,2026/10/01 10:17:12,500,3478.43,0.62,271.59
9207,2026/10/01 10:17:13,0,3483.2,1.54,271.81
9208,2026/10/01 10:17:13,500,3483.96,1.24,272.32
9209,2026/10/01 10:17:14,0,3484.39,0.48,271.76
9210,2026/10/01 10:17:14,500,3486.47,0.35,271.67
9211,2026/10/01 10:17:15,0,3484.14,-0.05,271.21
9212,2026/10/01 10:17:15,500,3487.09,0.61,270.71
9213,2026/10/01 10:17:16,0,3487.47,3.05,271.7
9214,2026/10/01 10:17:16,500,3488.44,-0.36,271.72
9215,2026/10/01 10:17:17,0,3488.19,-0.55,271.98
9216,2026/10/01 10:17:17,500,3490.32,-0.66,272.26
9217,2026/10/01 10:17:18,0,3491.15,0.58,270.81
9218,2026/10/01 10:17:18,500,3491.19,-3.18,271.07
9219,2026/10/01 10:17:19,0,3492.55,-0.2,271.69
9220,2026/10/01 10:17:19,500,3492.42,1.32,271.34
9221,2026/10/01 10:17:20,0,3494.01,-0.79,272.04
9222,2026/10/01 10:17:20,500,3495.95,0.28,271.2
9223,2026/10/01 10:17:21,0,3496.82,3.16,272.28
9224,2026/10/01 10:17:21,500,3497.5,0.5,271.29
9225,2026/10/01 10:17:22,0,3498.5,-3.36,272.06
9226,2026/10/01 10:17:22,500,3499.35,995.99,270.03
9227,2026/10/01 10:17:23,0,3498.89,999.35,271.46
9228,2026/10/01 10:17:23,500,3500.51,-1.21,271.21
9229,2026/10/01 10:17:24,0,3501.94,0.16,270.13
9230,2026/10/01 10:17:24,500,3500.8,-0.44,271.15
9231,2026/10/01 10:17:25,0,3501.62,1.75,270.52
9232,2026/10/01 10:17:25,500,3502.39,-1.64,270.86
9233,2026/10/01 10:17:26,0,3502.93,-0.31,271.26
9234,2026/10/01 10:17:26,500,3504.33,0.33,271.03
9235,2026/10/01 10:17:27,0,3505.56,0.51,271.25
9236,2026/10/01 10:17:27,500,3508.0,0.22,271.13
9237,2026/10/01 10:17:28,0,3507.24,-3.62,272.21
9238,2026/10/01 10:17:28,500,3507.18,0.12,271.15
9239,2026/10/01 10:17:29,0,3509.32,-0.23,271.06
9240,2026/10/01 10:17:29,500,3509.83,1.3,271.19
9241,2026/10/01 10:17:30,0,3510.15,1.08,270.95
9242,2026/10/01 10:17:30,500,3511.09,0.36,270.16
9243,2026/10/01 10:17:31,0,3513.2,0.47,271.28
9244,2026/10/01 10:17:31,500,3512.0,2.03,271.56
9245,2026/10/01 10:17:32,0,3512.57,1.73,271.67
9246,2026/10/01 10:17:32,500,3515.05,0.41,271.22
9247,2026/10/01 10:17:33,0,3514.96,3.22,270.73
9248,2026/10/01 10:17:33,500,3517.46,-0.94,270.98
9249,2026/10/01 10:17:34,0,3516.85,-1.78,271.72
9250,2026/10/01 10:17:34,500,3517.66,-0.02,270.7
9251,2026/10/01 10:17:35,0,3519.13,-0.56,270.2
9252,2026/10/01 10:17:35,500,3517.91,-3.7,271.88
9253,2026/10/01 10:17:36,0,3520.27,-0.98,270.25
9254,2026/10/01 10:17:36,500,3520.46,0.52,269.95
9255,2026/10/01 10:17:37,0,3522.32,-0.09,270.88
9256,2026/10/01 10:17:37,500,3521.72,-1.16,270.91
9257,2026/10/01 10:17:38,0,3523.12,0.06,270.92
9258,2026/10/01 10:17:38,500,3523.43,0.18,271.11
9259,2026/10/01 10:17:39,0,3524.78,1.07,270.57
9260,2026/10/01 10:17:39,500,3524.98,-0.96,270.56
9261,2026/10/01 10:17:40,0,3526.11,1.31,270.33
9262,2026/10/01 10:17:40,500,3528.03,-1.64,270.67
9263,2026/10/01 10:17:41,0,3527.12,-0.76,270.86
9264,2026/10/01 10:17:41,500,3528.39,2.55,271.02
9265,2026/10/01 10:17:42,0,3530.61,-1.54,270.1
9266,2026/10/01 10:17:42,500,3529.81,-0.99,269.91
9267,2026/10/01 10:17:43,0,3528.26,-1.88,270.96
9268,2026/10/01 10:17:43,500,3530.38,-1.24,270.24
9269,2026/10/01 10:17:44,0,3530.65,0.21,269.99
9270,2026/10/01 10:17:44,500,3533.05,1.06,269.54
9271,2026/10/01 10:17:45,0,3532.93,-0.03,271.15
9272,2026/10/01 10:17:45,500,3534.55,-0.49,270.57
9273,2026/10/01 10:17:46,0,3534.88,-1.86,270.69
9274,2026/10/01 10:17:46,500,3535.57,-1.09,270.62
9275,2026/10/01 10:17:47,0,3534.79,-2.32,270.49
9276,2026/10/01 10:17:47,500,3536.86,1.1,270.35
9277,2026/10/01 10:17:48,0,3538.23,1.21,270.31
9278,2026/10/01 10:17:48,500,3536.65,-0.06,269.84
9279,2026/10/01 10:17:49,0,3538.23,0.66,269.43
9280,2026/10/01 10:17:49,500,3539.44,1.31,271.42
9281,2026/10/01 10:17:50,0,3539.9,0.15,270.3
9282,2026/10/01 10:17:50,500,3541.64,2.09,270.04
9283,2026/10/01 10:17:51,0,3541.74,-1.54,269.84
9284,2026/10/01 10:17:51,500,3542.14,-0.52,270.75
9285,2026/10/01 10:17:52,0,3543.13,-0.7,270.28
9286,2026/10/01 10:17:52,500,3543.74,0.97,269.76
9287,2026/10/01 10:17:53,0,3543.81,-2.15,270.03
9288,2026/10/01 10:17:53,500,3544.14,2.17,270.32
9289,2026/10/01 10:17:54,0,3545.87,0.84,269.95
9290,2026/10/01 10:17:54,500,3545.13,2.63,270.54
9291,2026/10/01 10:17:55,0,3546.3,-0.06,271.17
9292,2026/10/01 10:17:55,500,3546.07,-0.83,269.88
9293,2026/10/01 10:17:56,0,3548.22,0.99,269.93
9294,2026/10/01 10:17:56,500,3549.26,1.55,269.65
9295,2026/10/01 10:17:57,0,3548.15,-1.07,269.97
9296,2026/10/01 10:17:57,500,3549.41,-3.0,269.05
9297,2026/10/01 10:17:58,0,3549.77,-2.74,270.56
9298,2026/10/01 10:17:58,500,3551.64,0.39,269.33
9299,2026/10/01 10:17:59,0,3552.53,2.31,269.57
9300,2026/10/01 10:17:59,500,3551.63,-1.95,270.0
9301,2026/10/01 10:18:00,0,3550.16,-0.41,270.63
9302,2026/10/01 10:18:00,500,3554.17,-0.52,269.5
9303,2026/10/01 10:18:01,0,3553.89,2.88,269.82
9304,2026/10/01 10:18:01,500,3554.5,3.39,270.04
9305,2026/10/01 10:18:02,0,3555.84,0.64,269.54
9306,2026/10/01 10:18:02,500,3555.38,1.35,269.8
9307,2026/10/01 10:18:03,0,3555.77,1.31,269.05
9308,2026/10/01 10:18:03,500,3556.58,-1.92,269.56
9309,2026/10/01 10:18:04,0,3557.85,1.05,270.43
9310,2026/10/01 10:18:04,500,3558.76,-1.53,270.2
9311,2026/10/01 10:18:05,0,3559.95,-0.26,269.56
9312,2026/10/01 10:18:05,500,3559.56,1.71,269.26
9313,2026/10/01 10:18:06,0,3559.7,0.12,269.64
9314,2026/10/01 10:18:06,500,3561.11,1.65,269.0
9315,2026/10/01 10:18:07,0,3560.2,1.95,269.61
9316,2026/10/01 10:18:07,500,3562.7,-2.64,269.49
9317,2026/10/01 10:18:08,0,3562.3,-3.27,269.46
9318,2026/10/01 10:18:08,500,3562.53,1.74,269.59
9319,2026/10/01 10:18:09,0,3562.51,1.8,269.92
9320,2026/10/01 10:18:09,500,3564.35,0.38,269.11
9321,2026/10/01 10:18:10,0,3564.19,0.59,270.09
9322,2026/10/01 10:18:10,500,3564.9,1.34,270.16
9323,2026/10/01 10:18:11,0,3564.2,1.31,270.68
9324,2026/10/01 10:18:11,500,3565.75,-0.46,269.71
9325,2026/10/01 10:18:12,0,3566.2,1.43,270.29
9326,2026/10/01 10:18:12,500,3567.54,-0.52,270.02
9327,2026/10/01 10:18:13,0,3567.55,0.37,269.61
9328,2026/10/01 10:18:13,500,3566.19,0.3,268.89
9329,2026/10/01 10:18:14,0,3568.53,-1.29,269.93
9330,2026/10/01 10:18:14,500,3568.24,-1.11,269.59
9331,2026/10/01 10:18:15,0,3569.11,3.35,270.35
9332,2026/10/01 10:18:15,500,3571.29,-1.34,269.81
9333,2026/10/01 10:18:16,0,3569.68,0.55,269.95
9334,2026/10/01 10:18:16,500,3571.8,0.87,269.11
9335,2026/10/01 10:18:17,0,3571.69,-0.08,269.51
9336,2026/10/01 10:18:17,500,3572.07,1.01,268.41
9337,2026/10/01 10:18:18,0,3572.38,0.49,269.63
9338,2026/10/01 10:18:18,500,3573.94,-1.31,269.95
9339,2026/10/01 10:18:19,0,3574.56,0.81,270.02
9340,2026/10/01 10:18:19,500,3573.35,-0.82,269.13
9341,2026/10/01 10:18:20,0,3576.18,2.61,268.38
9342,2026/10/01 10:18:20,500,3574.82,0.64,269.01
9343,2026/10/01 10:18:21,0,3576.6,-1.05,269.22
9344,2026/10/01 10:18:21,500,3575.86,0.51,269.45
9345,2026/10/01 10:18:22,0,3576.95,-1.39,268.21
9346,2026/10/01 10:18:22,500,3576.8,0.39,269.16
9347,2026/10/01 10:18:23,0,3577.91,990.19,268.68
9348,2026/10/01 10:18:23,500,3578.68,-1.24,269.9
9349,2026/10/01 10:18:24,0,3578.43,-1.26,267.99
9350,2026/10/01 10:18:24,500,3580.1,3.65,269.65
9351,2026/10/01 10:18:25,0,3580.7,0.14,269.05
9352,2026/10/01 10:18:25,500,3583.01,-0.65,268.09
9353,2026/10/01 10:18:26,0,3582.08,-0.91,269.94
9354,2026/10/01 10:18:26,500,3582.77,0.71,269.76
9355,2026/10/01 10:18:27,0,3580.91,-0.96,269.69
9356,2026/10/01 10:18:27,500,3581.25,-1.64,269.1
9357,2026/10/01 10:18:28,0,3583.06,-0.05,268.7
9358,2026/10/01 10:18:28,500,3585.21,-0.06,269.05
9359,2026/10/01 10:18:29,0,3586.25,-0.63,269.28
9360,2026/10/01 10:18:29,500,3584.2,-1.34,268.72
9361,2026/10/01 10:18:30,0,3584.76,-0.59,268.54
9362,2026/10/01 10:18:30,500,3586.14,-0.7,269.2
9363,2026/10/01 10:18:31,0,3586.02,-0.91,269.04
9364,2026/10/01 10:18:31,500,3586.52,0.41,269.39
9365,2026/10/01 10:18:32,0,3587.63,3.34,269.67
9366,2026/10/01 10:18:32,500,3589.77,2.0,269.32
9367,2026/10/01 10:18:33,0,3589.11,2.91,268.3
9368,2026/10/01 10:18:33,500,3590.02,-0.85,268.85
9369,2026/10/01 10:18:34,0,3587.52,2.51,269.04
9370,2026/10/01 10:18:34,500,3590.31,0.34,269.23
9371,2026/10/01 10:18:35,0,3589.15,1.48,269.24
9372,2026/10/01 10:18:35,500,3591.71,0.69,268.77
9373,2026/10/01 10:18:36,0,3591.91,-0.51,268.54
9374,2026/10/01 10:18:36,500,3591.76,1.08,269.27
9375,2026/10/01 10:18:37,0,3591.14,0.73,268.94
9376,2026/10/01 10:18:37,500,3591.8,-2.65,268.88
9377,2026/10/01 10:18:38,0,3592.31,-0.19,268.37
9378,2026/10/01 10:18:38,500,3593.69,1.31,269.75
9379,2026/10/01 10:18:39,0,3593.85,0.42,268.81
9380,2026/10/01 10:18:39,500,3595.1,0.7,268.63
9381,2026/10/01 10:18:40,0,3595.69,-1.13,268.78
9382,2026/10/01 10:18:40,500,3594.17,0.38,268.58
9383,2026/10/01 10:18:41,0,3595.66,-0.14,267.98
9384,2026/10/01 10:18:41,500,3596.09,-0.31,268.76
9385,2026/10/01 10:18:42,0,3596.07,-1.02,267.87
9386,2026/10/01 10:18:42,500,3597.34,1.37,268.63
9387,2026/10/01 10:18:43,0,3597.41,0.52,267.77
9388,2026/10/01 10:18:43,500,3596.98,0.37,267.47
9389,2026/10/01 10:18:44,0,3597.75,3.08,268.84
9390,2026/10/01 10:18:44,500,3598.01,0.71,267.97
9391,2026/10/01 10:18:45,0,3598.13,1.8,268.72
9392,2026/10/01 10:18:45,500,3599.07,0.41,268.57
9393,2026/10/01 10:18:46,0,3598.52,-0.53,268.55
9394,2026/10/01 10:18:46,500,3600.35,-1.59,268.14
9395,2026/10/01 10:18:47,0,3601.51,0.36,268.38
9396,2026/10/01 10:18:47,500,3600.84,-4.0,268.1
9397,2026/10/01 10:18:48,0,3601.97,0.41,268.88
9398,2026/10/01 10:18:48,500,3601.75,0.47,268.15
9399,2026/10/01 10:18:49,0,3601.22,-0.33,268.26
9400,2026/10/01 10:18:49,500,3604.05,-0.14,268.74
9401,2026/10/01 10:18:50,0,3600.91,-1.88,268.04
9402,2026/10/01 10:18:50,500,3603.26,2.08,267.44
9403,2026/10/01 10:18:51,0,3603.04,-0.51,267.79
9404,2026/10/01 10:18:51,500,3605.32,-1.46,268.83
9405,2026/10/01 10:18:52,0,3604.63,0.82,268.33
9406,2026/10/01 10:18:52,500,3606.9,0.17,268.42
9407,2026/10/01 10:18:53,0,3605.28,-0.54,268.41
9408,2026/10/01 10:18:53,500,3605.03,-0.7,269.14
9409,2026/10/01 10:18:54,0,3604.67,-0.01,267.19
9410,2026/10/01 10:18:54,500,3607.31,2.02,268.15
9411,2026/10/01 10:18:55,0,3606.15,0.7,268.21
9412,2026/10/01 10:18:55,500,3606.86,-0.05,268.17
9413,2026/10/01 10:18:56,0,3608.57,1.28,268.57
9414,2026/10/01 10:18:56,500,3608.81,0.04,268.56
9415,2026/10/01 10:18:57,0,3607.87,0.6,268.03
9416,2026/10/01 10:18:57,500,3608.37,0.23,267.28
9417,2026/10/01 10:18:58,0,3607.71,0.88,269.36
9418,2026/10/01 10:18:58,500,3607.85,-0.67,268.09
9419,2026/10/01 10:18:59,0,3610.48,-1.71,268.12
9420,2026/10/01 10:18:59,500,3610.94,1.36,268.69
9421,2026/10/01 10:19:00,0,3610.9,2.26,267.85
9422,2026/10/01 10:19:00,500,3611.14,-1.64,268.68
9423,2026/10/01 10:19:01,0,3610.79,0.27,267.86
9424,2026/10/01 10:19:01,500,3612.9,-0.67,268.92
9425,2026/10/01 10:19:02,0,3610.67,1.33,268.21
9426,2026/10/01 10:19:02,500,3612.08,0.37,267.63
9427,2026/10/01 10:19:03,0,3612.95,4.99,269.05
9428,2026/10/01 10:19:03,500,3613.19,-0.45,268.24
9429,2026/10/01 10:19:04,0,3613.55,2.31,267.62
9430,2026/10/01 10:19:04,500,3613.49,2.45,267.21
9431,2026/10/01 10:19:05,0,3614.7,0.8,268.25
9432,2026/10/01 10:19:05,500,3613.65,0.06,268.57
9433,2026/10/01 10:19:06,0,3614.86,0.14,268.06
9434,2026/10/01 10:19:06,500,3615.67,0.02,268.02
9435,2026/10/01 10:19:07,0,3615.42,1.7,268.62
9436,2026/10/01 10:19:07,500,3616.04,-1.31,268.12
9437,2026/10/01 10:19:08,0,3616.55,-0.24,267.48
9438,2026/10/01 10:19:08,500,3615.32,-0.42,267.48
9439,2026/10/01 10:19:09,0,3615.74,-2.59,268.06
9440,2026/10/01 10:19:09,500,3617.53,1.29,268.01
9441,2026/10/01 10:19:10,0,3617.28,1.59,268.29
9442,2026/10/01 10:19:10,500,3617.67,-0.95,267.92
9443,2026/10/01 10:19:11,0,3618.9,1.55,268.06
9444,2026/10/01 10:19:11,500,3617.99,-2.38,267.88
9445,2026/10/01 10:19:12,0,3617.19,0.04,268.17
9446,2026/10/01 10:19:12,500,3620.78,-0.19,268.05
9447,2026/10/01 10:19:13,0,3620.76,0.13,267.53
9448,2026/10/01 10:19:13,500,3621.08,0.12,267.55
9449,2026/10/01 10:19:14,0,3619.56,-0.12,267.79
9450,2026/10/01 10:19:14,500,3620.73,-0.58,267.67
9451,2026/10/01 10:19:15,0,3620.1,-0.16,268.26
9452,2026/10/01 10:19:15,500,3621.4,2.04,267.69
9453,2026/10/01 10:19:16,0,3621.5,-0.87,266.86
9454,2026/10/01 10:19:16,500,3621.24,3.38,266.97
9455,2026/10/01 10:19:17,0,3622.83,-0.95,267.42
9456,2026/10/01 10:19:17,500,3622.54,0.36,267.89
9457,2026/10/01 10:19:18,0,3624.44,0.86,267.15
9458,2026/10/01 10:19:18,500,3623.46,-0.44,267.82
9459,2026/10/01 10:19:19,0,3621.67,2.07,267.1
9460,2026/10/01 10:19:19,500,3622.57,0.82,267.55
9461,2026/10/01 10:19:20,0,3626.01,-0.31,267.66
9462,2026/10/01 10:19:20,500,3624.37,2.06,266.87
9463,2026/10/01 10:19:21,0,3625.16,-1.52,267.62
9464,2026/10/01 10:19:21,500,3625.29,-0.85,268.22
9465,2026/10/01 10:19:22,0,3626.72,0.84,267.3
9466,2026/10/01 10:19:22,500,3624.37,1.2,267.42
9467,2026/10/01 10:19:23,0,3627.27,0.48,267.49
9468,2026/10/01 10:19:23,500,3627.52,-0.19,267.4
9469,2026/10/01 10:19:24,0,3626.82,-0.38,267.35
9470,2026/10/01 10:19:24,500,3627.45,1.7,267.3
9471,2026/10/01 10:19:25,0,3627.13,0.36,266.53
9472,2026/10/01 10:19:25,500,3626.38,-1.31,267.52
9473,2026/10/01 10:19:26,0,3628.49,-1.39,266.74
9474,2026/10/01 10:19:26,500,3628.52,2.27,267.45
9475,2026/10/01 10:19:27,0,3628.84,-1.08,267.6
9476,2026/10/01 10:19:27,500,3629.31,0.41,267.44
9477,2026/10/01 10:19:28,0,3628.73,2.03,266.78
9478,2026/10/01 10:19:28,500,3630.71,0.81,267.37
9479,2026/10/01 10:19:29,0,3629.81,-1.14,267.09
9480,2026/10/01 10:19:29,500,3630.53,-1.52,266.89
9481,2026/10/01 10:19:30,0,3630.17,2.8,268.2
9482,2026/10/01 10:19:30,500,3631.52,-1.56,266.7
9483,2026/10/01 10:19:31,0,3631.05,-0.83,267.38
9484,2026/10/01 10:19:31,500,3631.18,0.56,267.89
9485,2026/10/01 10:19:32,0,3632.5,-0.33,267.3
9486,2026/10/01 10:19:32,500,3630.44,0.86,266.79
9487,2026/10/01 10:19:33,0,3631.88,-2.2,266.8
9488,2026/10/01 10:19:33,500,3631.9,-0.32,266.37
9489,2026/10/01 10:19:34,0,3632.97,1.02,267.1
9490,2026/10/01 10:19:34,500,3633.2,1.02,267.1
9491,2026/10/01 10:19:35,0,3633.22,-0.86,266.9
9492,2026/10/01 10:19:35,500,3632.94,-1.53,267.72
9493,2026/10/01 10:19:36,0,3633.76,0.32,266.98
9494,2026/10/01 10:19:36,500,3634.32,-1.97,266.21
9495,2026/10/01 10:19:37,0,3634.19,1.93,267.73
9496,2026/10/01 10:19:37,500,3635.49,0.24,266.38
9497,2026/10/01 10:19:38,0,3635.37,-1.05,267.21
9498,2026/10/01 10:19:38,500,3635.16,-1.58,267.26
9499,2026/10/01 10:19:39,0,3633.54,-0.95,266.89
9500,2026/10/01 10:19:39,500,3635.51,-2.34,267.38
9501,2026/10/01 10:19:40,0,3636.46,0.74,266.94
9502,2026/10/01 10:19:40,500,3636.0,-1.2,266.71
9503,2026/10/01 10:19:41,0,3636.73,0.6,265.83
9504,2026/10/01 10:19:41,500,3636.57,0.81,266.0
9505,2026/10/01 10:19:42,0,3637.2,1.45,268.22
9506,2026/10/01 10:19:42,500,3638.4,0.38,267.2
9507,2026/10/01 10:19:43,0,3638.16,1.69,267.45
9508,2026/10/01 10:19:43,500,3636.76,2.08,268.06
9509,2026/10/01 10:19:44,0,3636.73,0.39,266.61
9510,2026/10/01 10:19:44,500,3638.67,0.48,266.71
9511,2026/10/01 10:19:45,0,3639.5,-0.84,265.94
9512,2026/10/01 10:19:45,500,3637.49,-1.48,266.61
9513,2026/10/01 10:19:46,0,3638.91,1.92,266.58
9514,2026/10/01 10:19:46,500,3641.23,0.91,266.53
9515,2026/10/01 10:19:47,0,3639.37,1.03,267.24
9516,2026/10/01 10:19:47,500,3641.85,-0.89,267.05
9517,2026/10/01 10:19:48,0,3639.43,2.44,267.14
9518,2026/10/01 10:19:48,500,3639.82,-0.34,266.06
9519,2026/10/01 10:19:49,0,3640.02,-1.2,266.67
9520,2026/10/01 10:19:49,500,3639.81,-0.86,266.81
9521,2026/10/01 10:19:50,0,3639.72,2.36,267.56
9522,2026/10/01 10:19:50,500,3641.14,-1.67,266.67
9523,2026/10/01 10:19:51,0,3641.68,-1.13,266.52
9524,2026/10/01 10:19:51,500,3641.23,4.35,267.13
9525,2026/10/01 10:19:52,0,3641.67,1.41,266.44
9526,2026/10/01 10:19:52,500,3643.45,-1.1,266.79
9527,2026/10/01 10:19:53,0,3643.31,-1.62,266.76
9528,2026/10/01 10:19:53,500,3642.56,-2.51,266.27
9529,2026/10/01 10:19:54,0,3643.35,0.15,266.17
9530,2026/10/01 10:19:54,500,3641.93,1.09,266.46
9531,2026/10/01 10:19:55,0,3643.7,2.28,266.25
9532,2026/10/01 10:19:55,500,3643.66,-2.84,265.7
9533,2026/10/01 10:19:56,0,3643.65,-1.99,266.8
9534,2026/10/01 10:19:56,500,3644.21,-0.18,266.71
9535,2026/10/01 10:19:57,0,3644.31,4.18,266.04
9536,2026/10/01 10:19:57,500,3643.59,1.33,265.98
9537,2026/10/01 10:19:58,0,3646.22,0.56,266.63
9538,2026/10/01 10:19:58,500,3645.86,-1.84,267.25
9539,2026/10/01 10:19:59,0,3645.02,-3.18,266.87
9540,2026/10/01 10:19:59,500,3644.15,0.06,266.94
9541,2026/10/01 10:20:00,0,3644.52,99.85,266.2
9542,2026/10/01 10:20:00,500,3649.01,99.6,266.57
9543,2026/10/01 10:20:01,0,3648.19,99.43,266.31
9544,2026/10/01 10:20:01,500,3649.85,98.88,266.02
9545,2026/10/01 10:20:02,0,3649.4,98.53,266.5
9546,2026/10/01 10:20:02,500,3650.83,102.08,265.98
9547,2026/10/01 10:20:03,0,3651.79,98.67,266.05
9548,2026/10/01 10:20:03,500,3653.1,99.59,266.21
9549,2026/10/01 10:20:04,0,3653.89,99.94,266.28
9550,2026/10/01 10:20:04,500,3653.99,101.06,266.44
9551,2026/10/01 10:20:05,0,3654.89,98.72,265.43
9552,2026/10/01 10:20:05,500,3656.47,101.47,266.01
9553,2026/10/01 10:20:06,0,3656.04,99.13,267.27
9554,2026/10/01 10:20:06,500,3657.69,99.76,266.5
9555,2026/10/01 10:20:07,0,3659.13,102.46,266.79
9556,2026/10/01 10:20:07,500,3660.47,98.55,266.73
9557,2026/10/01 10:20:08,0,3662.25,-997.67,266.48
9558,2026/10/01 10:20:08,500,3661.56,-991.61,266.1
9559,2026/10/01 10:20:09,0,3662.87,-992.53,266.28
9560,2026/10/01 10:20:09,500,3662.24,99.82,267.55
9561,2026/10/01 10:20:10,0,3664.9,103.19,266.31
9562,2026/10/01 10:20:10,500,3664.79,99.98,267.45
9563,2026/10/01 10:20:11,0,3666.16,100.31,266.39
9564,2026/10/01 10:20:11,500,3667.68,99.5,266.45
9565,2026/10/01 10:20:12,0,3668.6,100.23,266.66
9566,2026/10/01 10:20:12,500,3667.91,101.45,266.55
9567,2026/10/01 10:20:13,0,3670.6,99.59,266.18
9568,2026/10/01 10:20:13,500,3670.81,96.84,266.65
9569,2026/10/01 10:20:14,0,3672.73,100.77,265.93
9570,2026/10/01 10:20:14,500,3673.77,98.38,266.86
9571,2026/10/01 10:20:15,0,3674.76,101.11,266.8
9572,2026/10/01 10:20:15,500,3673.22,100.0,267.07
9573,2026/10/01 10:20:16,0,3675.55,101.41,266.46
9574,2026/10/01 10:20:16,500,3674.84,98.58,267.09
9575,2026/10/01 10:20:17,0,3678.02,99.2,266.95
9576,2026/10/01 10:20:17,500,3679.0,99.49,266.81
9577,2026/10/01 10:20:18,0,3679.5,97.78,267.75
9578,2026/10/01 10:20:18,500,3679.25,101.67,267.0
9579,2026/10/01 10:20:19,0,3680.89,97.56,266.55
9580,2026/10/01 10:20:19,500,3680.88,101.65,267.56
9581,2026/10/01 10:20:20,0,3682.19,100.64,267.06
9582,2026/10/01 10:20:20,500,3682.97,99.7,267.7
9583,2026/10/01 10:20:21,0,3682.31,100.52,265.9
9584,2026/10/01 10:20:21,500,3684.12,100.48,266.68
9585,2026/10/01 10:20:22,0,3687.44,99.4,266.7
9586,2026/10/01 10:20:22,500,3686.41,100.45,265.91
9587,2026/10/01 10:20:23,0,3687.46,101.1,266.95
9588,2026/10/01 10:20:23,500,3688.18,98.58,266.69
9589,2026/10/01 10:20:24,0,3688.71,100.52,265.89
9590,2026/10/01 10:20:24,500,3689.92,96.06,266.52
9591,2026/10/01 10:20:25,0,3690.41,97.11,267.6
9592,2026/10/01 10:20:25,500,3689.76,100.85,267.38
9593,2026/10/01 10:20:26,0,3693.06,99.37,266.58
9594,2026/10/01 10:20:26,500,3694.57,98.72,266.57
9595,2026/10/01 10:20:27,0,3693.19,99.92,267.38
9596,2026/10/01 10:20:27,500,3694.64,99.41,265.98
9597,2026/10/01 10:20:28,0,3697.01,98.52,267.27
9598,2026/10/01 10:20:28,500,3696.03,97.54,266.07
9599,2026/10/01 10:20:29,0,3697.8,97.05,267.82
9600,2026/10/01 10:20:29,500,3701.78,101.11,267.34
9601,2026/10/01 10:20:30,0,3699.66,99.37,266.1
9602,2026/10/01 10:20:30,500,3700.05,101.45,266.84
9603,2026/10/01 10:20:31,0,3701.53,99.35,267.2
9604,2026/10/01 10:20:31,500,3702.28,100.53,266.06
9605,2026/10/01 10:20:32,0,3701.96,99.81,267.04
9606,2026/10/01 10:20:32,500,3701.92,100.07,267.31
9607,2026/10/01 10:20:33,0,3704.62,100.14,266.05
9608,2026/10/01 10:20:33,500,3705.56,99.33,267.47
9609,2026/10/01 10:20:34,0,3705.55,98.16,267.04
9610,2026/10/01 10:20:34,500,3707.93,101.15,267.57
9611,2026/10/01 10:20:35,0,3708.59,102.39,267.01
9612,2026/10/01 10:20:35,500,3708.88,102.49,266.61
9613,2026/10/01 10:20:36,0,3708.85,99.17,266.57
9614,2026/10/01 10:20:36,500,3708.22,98.9,267.0
9615,2026/10/01 10:20:37,0,3710.57,99.17,267.08
9616,2026/10/01 10:20:37,500,3710.05,998.77,267.71
9617,2026/10/01 10:20:38,0,3710.45,99.92,267.05
9618,2026/10/01 10:20:38,500,3713.67,98.5,266.42
9619,2026/10/01 10:20:39,0,3714.9,97.78,266.98
9620,2026/10/01 10:20:39,500,3713.21,100.07,266.46
9621,2026/10/01 10:20:40,0,3715.37,94.7,267.41
9622,2026/10/01 10:20:40,500,3716.37,99.85,267.53
9623,2026/10/01 10:20:41,0,3716.95,98.58,267.63
9624,2026/10/01 10:20:41,500,3716.89,101.17,267.11
9625,2026/10/01 10:20:42,0,3719.86,101.57,266.93
9626,2026/10/01 10:20:42,500,3718.52,101.61,267.03
9627,2026/10/01 10:20:43,0,3718.84,99.48,267.25
9628,2026/10/01 10:20:43,500,3720.1,98.3,267.05
9629,2026/10/01 10:20:44,0,3722.38,98.78,268.12
9630,2026/10/01 10:20:44,500,3722.58,100.43,267.15
9631,2026/10/01 10:20:45,0,3722.97,97.53,267.29
9632,2026/10/01 10:20:45,500,3724.8,102.09,266.97
9633,2026/10/01 10:20:46,0,3725.44,99.5,267.0
9634,2026/10/01 10:20:46,500,3724.11,100.75,266.73
9635,2026/10/01 10:20:47,0,3727.16,97.33,266.87
9636,2026/10/01 10:20:47,500,3728.48,98.61,268.33
9637,2026/10/01 10:20:48,0,3728.23,97.14,267.67
9638,2026/10/01 10:20:48,500,3728.92,101.53,267.24
9639,2026/10/01 10:20:49,0,3731.41,99.76,267.1
9640,2026/10/01 10:20:49,500,3730.11,100.86,268.05
9641,2026/10/01 10:20:50,0,3731.33,100.1,267.03
9642,2026/10/01 10:20:50,500,3732.5,100.7,266.6
9643,2026/10/01 10:20:51,0,3733.06,99.49,267.7
9644,2026/10/01 10:20:51,500,3733.58,99.69,267.01
9645,2026/10/01 10:20:52,0,3734.64,99.86,266.84
9646,2026/10/01 10:20:52,500,3736.6,100.61,266.95
9647,2026/10/01 10:20:53,0,3736.77,100.65,267.71
9648,2026/10/01 10:20:53,500,3736.83,104.22,267.47
9649,2026/10/01 10:20:54,0,3736.97,102.52,267.04
9650,2026/10/01 10:20:54,500,3737.85,97.33,267.77
9651,2026/10/01 10:20:55,0,3739.96,99.79,267.14
9652,2026/10/01 10:20:55,500,3738.7,99.39,266.74
9653,2026/10/01 10:20:56,0,3742.66,101.92,266.92
9654,2026/10/01 10:20:56,500,3741.48,99.53,267.59
9655,2026/10/01 10:20:57,0,3741.16,100.7,267.2
9656,2026/10/01 10:20:57,500,3743.17,96.49,267.65
9657,2026/10/01 10:20:58,0,3743.15,97.73,268.17
9658,2026/10/01 10:20:58,500,3744.21,103.14,267.31
9659,2026/10/01 10:20:59,0,3744.1,100.08,268.96
9660,2026/10/01 10:20:59,500,3745.87,98.5,267.78
9661,2026/10/01 10:21:00,0,3745.12,100.36,267.56
9662,2026/10/01 10:21:00,500,3747.09,98.42,267.0
9663,2026/10/01 10:21:01,0,3747.66,99.57,267.5
9664,2026/10/01 10:21:01,500,3748.68,97.82,267.56
9665,2026/10/01 10:21:02,0,3749.22,98.82,268.07
9666,2026/10/01 10:21:02,500,3750.61,99.38,267.41
9667,2026/10/01 10:21:03,0,3752.04,101.68,267.93
9668,2026/10/01 10:21:03,500,3752.36,100.7,267.75
9669,2026/10/01 10:21:04,0,3753.86,100.96,268.22
9670,2026/10/01 10:21:04,500,3753.17,99.96,268.27
9671,2026/10/01 10:21:05,0,3754.57,101.23,267.92
9672,2026/10/01 10:21:05,500,3755.34,98.69,268.15
9673,2026/10/01 10:21:06,0,3756.71,98.9,268.34
9674,2026/10/01 10:21:06,500,3755.95,100.61,268.05
9675,2026/10/01 10:21:07,0,3757.9,99.58,267.93
9676,2026/10/01 10:21:07,500,3757.32,99.98,268.01
9677,2026/10/01 10:21:08,0,3758.29,99.75,268.62
9678,2026/10/01 10:21:08,500,3759.19,101.88,267.88
9679,2026/10/01 10:21:09,0,3760.57,101.96,268.2
9680,2026/10/01 10:21:09,500,3760.07,99.06,267.51
9681,2026/10/01 10:21:10,0,3760.92,97.36,268.61
9682,2026/10/01 10:21:10,500,3761.89,98.93,268.09
9683,2026/10/01 10:21:11,0,3763.17,98.65,267.7
9684,2026/10/01 10:21:11,500,3763.11,101.25,267.85
9685,2026/10/01 10:21:12,0,3764.8,101.38,267.79
9686,2026/10/01 10:21:12,500,3765.03,98.45,267.91
9687,2026/10/01 10:21:13,0,3766.56,98.87,268.02
9688,2026/10/01 10:21:13,500,3766.81,97.78,267.83
9689,2026/10/01 10:21:14,0,3768.88,100.2,267.14
9690,2026/10/01 10:21:14,500,3768.3,99.93,268.83
9691,2026/10/01 10:21:15,0,3767.95,101.18,268.09
9692,2026/10/01 10:21:15,500,3769.47,100.75,268.1
9693,2026/10/01 10:21:16,0,3770.37,100.92,267.95
9694,2026/10/01 10:21:16,500,3770.34,97.69,268.44
9695,2026/10/01 10:21:17,0,3773.0,993.2,268.02
9696,2026/10/01 10:21:17,500,3772.25,995.47,267.85
9697,2026/10/01 10:21:18,0,3772.69,99.19,267.89
9698,2026/10/01 10:21:18,500,3774.07,97.56,268.65
9699,2026/10/01 10:21:19,0,3773.91,101.21,268.14
9700,2026/10/01 10:21:19,500,3776.11,99.13,268.03
9701,2026/10/01 10:21:20,0,3776.66,101.59,267.84
9702,2026/10/01 10:21:20,500,3776.86,99.97,267.91
9703,2026/10/01 10:21:21,0,3777.93,99.58,268.62
9704,2026/10/01 10:21:21,500,3777.76,102.04,267.63
9705,2026/10/01 10:21:22,0,3777.66,98.05,268.43
9706,2026/10/01 10:21:22,500,3779.3,102.15,268.46
9707,2026/10/01 10:21:23,0,3779.86,99.04,268.22
9708,2026/10/01 10:21:23,500,3779.33,100.24,268.03
9709,2026/10/01 10:21:24,0,3780.81,100.26,267.4
9710,2026/10/01 10:21:24,500,3781.37,99.36,268.48
9711,2026/10/01 10:21:25,0,3782.21,98.86,267.36
9712,2026/10/01 10:21:25,500,3784.81,99.45,268.25
9713,2026/10/01 10:21:26,0,3784.85,98.48,268.2
9714,2026/10/01 10:21:26,500,3785.9,102.94,268.57
9715,2026/10/01 10:21:27,0,3786.23,99.28,267.75
9716,2026/10/01 10:21:27,500,3787.38,101.74,267.73
9717,2026/10/01 10:21:28,0,3787.22,101.54,268.48
9718,2026/10/01 10:21:28,500,3789.1,100.54,268.14
9719,2026/10/01 10:21:29,0,3787.59,99.8,267.23
9720,2026/10/01 10:21:29,500,3789.21,100.29,268.24
9721,2026/10/01 10:21:30,0,3789.12,100.86,269.16
9722,2026/10/01 10:21:30,500,3791.62,100.15,268.54
9723,2026/10/01 10:21:31,0,3791.64,97.65,267.68
9724,2026/10/01 10:21:31,500,3792.94,97.27,268.52
9725,2026/10/01 10:21:32,0,3791.55,102.26,268.79
9726,2026/10/01 10:21:32,500,3792.87,96.05,267.44
9727,2026/10/01 10:21:33,0,3792.6,100.29,268.17
9728,2026/10/01 10:21:33,500,3794.99,99.65,268.97
9729,2026/10/01 10:21:34,0,3795.03,100.24,267.57
9730,2026/10/01 10:21:34,500,3796.65,98.29,268.2
9731,2026/10/01 10:21:35,0,3796.75,100.53,268.24
9732,2026/10/01 10:21:35,500,3795.69,100.31,268.15
9733,2026/10/01 10:21:36,0,3796.74,104.14,269.06
9734,2026/10/01 10:21:36,500,3798.8,100.19,268.99
9735,2026/10/01 10:21:37,0,3799.77,102.02,268.24
9736,2026/10/01 10:21:37,500,3798.3,97.75,267.89
9737,2026/10/01 10:21:38,0,3800.67,101.53,269.05
9738,2026/10/01 10:21:38,500,3800.59,100.34,268.81
9739,2026/10/01 10:21:39,0,3801.18,100.4,268.42
9740,2026/10/01 10:21:39,500,3802.2,100.43,268.77
9741,2026/10/01 10:21:40,0,3803.49,102.56,268.77
9742,2026/10/01 10:21:40,500,3803.48,100.38,268.02
9743,2026/10/01 10:21:41,0,3803.12,98.82,268.17
9744,2026/10/01 10:21:41,500,3805.46,99.08,268.48
9745,2026/10/01 10:21:42,0,3805.74,101.23,267.52
9746,2026/10/01 10:21:42,500,3805.93,100.67,268.33
9747,2026/10/01 10:21:43,0,3807.09,97.7,268.11
9748,2026/10/01 10:21:43,500,3807.71,100.77,268.6
9749,2026/10/01 10:21:44,0,3808.68,98.38,267.96
9750,2026/10/01 10:21:44,500,3809.09,100.66,268.75
9751,2026/10/01 10:21:45,0,3810.08,98.79,268.66
9752,2026/10/01 10:21:45,500,3810.55,99.58,268.5
9753,2026/10/01 10:21:46,0,3811.9,99.18,268.8
9754,2026/10/01 10:21:46,500,3813.16,102.28,268.87
9755,2026/10/01 10:21:47,0,3812.52,100.6,268.46
9756,2026/10/01 10:21:47,500,3812.68,101.89,268.61
9757,2026/10/01 10:21:48,0,3812.67,104.34,268.26
9758,2026/10/01 10:21:48,500,3814.98,100.07,268.27
9759,2026/10/01 10:21:49,0,3814.39,102.25,269.41
9760,2026/10/01 10:21:49,500,3817.63,98.95,268.53
9761,2026/10/01 10:21:50,0,3818.61,101.88,268.63
9762,2026/10/01 10:21:50,500,3816.86,98.79,268.61
9763,2026/10/01 10:21:51,0,3816.33,99.97,268.84
9764,2026/10/01 10:21:51,500,3818.83,100.81,268.4
9765,2026/10/01 10:21:52,0,3820.62,101.04,268.45
9766,2026/10/01 10:21:52,500,3818.52,98.09,269.16
9767,2026/10/01 10:21:53,0,3821.73,98.7,267.95
9768,2026/10/01 10:21:53,500,3819.36,100.92,268.8
9769,2026/10/01 10:21:54,0,3820.31,99.45,268.3
9770,2026/10/01 10:21:54,500,3822.35,97.9,267.72
9771,2026/10/01 10:21:55,0,3823.54,99.89,268.69
9772,2026/10/01 10:21:55,500,3823.31,99.82,268.17
9773,2026/10/01 10:21:56,0,3824.35,100.27,268.09
9774,2026/10/01 10:21:56,500,3825.5,100.79,270.06
9775,2026/10/01 10:21:57,0,3826.21,100.7,269.04
9776,2026/10/01 10:21:57,500,3825.36,98.85,269.06
9777,2026/10/01 10:21:58,0,3825.79,99.38,268.76
9778,2026/10/01 10:21:58,500,3827.95,101.39,268.2
9779,2026/10/01 10:21:59,0,3828.09,99.19,268.73
9780,2026/10/01 10:21:59,500,3828.82,99.41,268.64
9781,2026/10/01 10:22:00,0,3828.44,97.74,267.87
9782,2026/10/01 10:22:00,500,3830.09,99.96,269.73
9783,2026/10/01 10:22:01,0,3829.33,100.52,268.8
9784,2026/10/01 10:22:01,500,3831.01,97.04,268.44
9785,2026/10/01 10:22:02,0,3831.52,98.39,268.93
9786,2026/10/01 10:22:02,500,3832.14,97.87,268.18
9787,2026/10/01 10:22:03,0,3833.28,101.18,268.41
9788,2026/10/01 10:22:03,500,3832.45,97.13,269.66
9789,2026/10/01 10:22:04,0,3834.42,99.88,268.64
9790,2026/10/01 10:22:04,500,3834.51,101.08,268.9
9791,2026/10/01 10:22:05,0,3834.47,100.28,268.97
9792,2026/10/01 10:22:05,500,3834.65,99.34,268.84
9793,2026/10/01 10:22:06,0,3837.82,100.52,268.67
9794,2026/10/01 10:22:06,500,3836.86,101.56,270.08
9795,2026/10/01 10:22:07,0,3837.24,99.84,268.59
9796,2026/10/01 10:22:07,500,3837.21,96.64,268.52
9797,2026/10/01 10:22:08,0,3839.6,101.72,269.22
9798,2026/10/01 10:22:08,500,3840.14,100.6,268.34
9799,2026/10/01 10:22:09,0,3840.59,99.95,269.5
9800,2026/10/01 10:22:09,500,3840.48,97.03,268.9
9801,2026/10/01 10:22:10,0,3841.73,99.55,269.08
9802,2026/10/01 10:22:10,500,3841.07,98.69,269.17
9803,2026/10/01 10:22:11,0,3842.5,98.18,268.86
9804,2026/10/01 10:22:11,500,3842.88,99.8,269.5
9805,2026/10/01 10:22:12,0,3843.73,99.2,269.37
9806,2026/10/01 10:22:12,500,3842.66,99.29,269.32
9807,2026/10/01 10:22:13,0,3846.2,101.11,268.31
9808,2026/10/01 10:22:13,500,3846.59,100.38,268.9
9809,2026/10/01 10:22:14,0,3844.96,99.26,269.03
9810,2026/10/01 10:22:14,500,3846.94,99.07,269.96
9811,2026/10/01 10:22:15,0,3845.87,99.32,268.4
9812,2026/10/01 10:22:15,500,3847.72,99.63,268.79
9813,2026/10/01 10:22:16,0,3846.48,100.88,269.66
9814,2026/10/01 10:22:16,500,3848.59,98.44,268.66
9815,2026/10/01 10:22:17,0,3849.02,102.19,268.81
9816,2026/10/01 10:22:17,500,3850.92,100.88,269.99
9817,2026/10/01 10:22:18,0,3851.91,95.89,269.34
9818,2026/10/01 10:22:18,500,3852.51,100.13,269.6
9819,2026/10/01 10:22:19,0,3852.66,101.56,269.54
9820,2026/10/01 10:22:19,500,3852.38,100.58,269.24
9821,2026/10/01 10:22:20,0,3853.21,99.38,269.24
9822,2026/10/01 10:22:20,500,3853.78,99.91,269.65
9823,2026/10/01 10:22:21,0,3853.11,100.27,268.79
9824,2026/10/01 10:22:21,500,3855.54,101.15,270.09
9825,2026/10/01 10:22:22,0,3855.75,97.88,268.96
9826,2026/10/01 10:22:22,500,3856.37,99.09,269.75
9827,2026/10/01 10:22:23,0,3854.52,102.46,269.5
9828,2026/10/01 10:22:23,500,3857.28,100.05,268.98
9829,2026/10/01 10:22:24,0,3858.3,102.29,269.51
9830,2026/10/01 10:22:24,500,3858.05,104.48,269.34
9831,2026/10/01 10:22:25,0,3858.23,99.26,268.4
9832,2026/10/01 10:22:25,500,3858.11,98.2,269.25
9833,2026/10/01 10:22:26,0,3858.62,99.6,268.68
9834,2026/10/01 10:22:26,500,3860.46,101.65,269.56
9835,2026/10/01 10:22:27,0,3860.71,101.86,269.25
9836,2026/10/01 10:22:27,500,3861.27,103.41,269.77
9837,2026/10/01 10:22:28,0,3863.25,99.94,268.99
9838,2026/10/01 10:22:28,500,3861.59,100.73,268.7
9839,2026/10/01 10:22:29,0,3862.88,98.93,268.82
9840,2026/10/01 10:22:29,500,3865.07,96.24,270.37
9841,2026/10/01 10:22:30,0,3864.03,99.94,270.89
9842,2026/10/01 10:22:30,500,3864.89,98.27,270.38
9843,2026/10/01 10:22:31,0,3865.25,100.97,268.62
9844,2026/10/01 10:22:31,500,3866.51,97.18,268.71
9845,2026/10/01 10:22:32,0,3864.86,98.89,268.88
9846,2026/10/01 10:22:32,500,3866.9,100.4,269.8
9847,2026/10/01 10:22:33,0,3867.66,100.56,270.48
9848,2026/10/01 10:22:33,500,3867.37,99.93,269.89
9849,2026/10/01 10:22:34,0,3869.0,102.8,269.54
9850,2026/10/01 10:22:34,500,3869.9,102.35,268.99
9851,2026/10/01 10:22:35,0,3870.19,98.97,269.32
9852,2026/10/01 10:22:35,500,3871.8,102.41,269.51
9853,2026/10/01 10:22:36,0,3870.58,102.64,269.92
9854,2026/10/01 10:22:36,500,3871.87,99.81,269.24
9855,2026/10/01 10:22:37,0,3872.4,100.07,269.7
9856,2026/10/01 10:22:37,500,3872.38,99.92,269.64
9857,2026/10/01 10:22:38,0,3874.02,99.03,269.56
9858,2026/10/01 10:22:38,500,3873.88,99.18,269.32
9859,2026/10/01 10:22:39,0,3873.24,101.98,269.59
9860,2026/10/01 10:22:39,500,3875.34,100.66,269.49
9861,2026/10/01 10:22:40,0,3874.88,99.17,269.16
9862,2026/10/01 10:22:40,500,3875.56,98.61,270.0
9863,2026/10/01 10:22:41,0,3876.16,98.86,270.35
9864,2026/10/01 10:22:41,500,3877.49,99.75,269.66
9865,2026/10/01 10:22:42,0,3878.3,101.37,269.56
9866,2026/10/01 10:22:42,500,3877.85,98.71,269.97
9867,2026/10/01 10:22:43,0,3878.34,101.35,269.69
9868,2026/10/01 10:22:43,500,3877.41,100.3,270.18
9869,2026/10/01 10:22:44,0,3879.01,100.21,269.67
9870,2026/10/01 10:22:44,500,3879.36,101.54,269.92
9871,2026/10/01 10:22:45,0,3880.9,101.27,270.5
9872,2026/10/01 10:22:45,500,3881.09,97.89,270.28
9873,2026/10/01 10:22:46,0,3880.98,98.37,269.57
9874,2026/10/01 10:22:46,500,3882.36,99.66,270.2
9875,2026/10/01 10:22:47,0,3882.72,100.53,269.14
9876,2026/10/01 10:22:47,500,3881.27,102.05,269.58
9877,2026/10/01 10:22:48,0,3884.71,100.1,270.1
9878,2026/10/01 10:22:48,500,3885.16,102.56,270.46
9879,2026/10/01 10:22:49,0,3884.69,98.94,269.33
9880,2026/10/01 10:22:49,500,3885.69,99.19,269.7
9881,2026/10/01 10:22:50,0,3885.67,99.54,269.72
9882,2026/10/01 10:22:50,500,3885.17,98.77,269.68
9883,2026/10/01 10:22:51,0,3888.7,101.74,269.13
9884,2026/10/01 10:22:51,500,3888.09,95.85,270.0
9885,2026/10/01 10:22:52,0,3888.77,99.24,269.12
9886,2026/10/01 10:22:52,500,3888.31,101.72,270.33
9887,2026/10/01 10:22:53,0,3889.95,99.53,270.45
9888,2026/10/01 10:22:53,500,3888.47,101.61,269.46
9889,2026/10/01 10:22:54,0,3889.89,103.3,269.15
9890,2026/10/01 10:22:54,500,3891.19,100.12,269.78
9891,2026/10/01 10:22:55,0,3890.62,101.75,269.55
9892,2026/10/01 10:22:55,500,3892.36,103.63,269.71
9893,2026/10/01 10:22:56,0,3892.39,100.6,269.87
9894,2026/10/01 10:22:56,500,3892.83,99.93,269.37
9895,2026/10/01 10:22:57,0,3892.59,101.35,270.67
9896,2026/10/01 10:22:57,500,3894.0,101.78,269.53
9897,2026/10/01 10:22:58,0,3895.74,99.94,270.32
9898,2026/10/01 10:22:58,500,3894.84,99.27,269.42
9899,2026/10/01 10:22:59,0,3895.65,102.58,269.9
9900,2026/10/01 10:22:59,500,3896.28,99.59,270.11
9901,2026/10/01 10:23:00,0,3895.31,101.79,269.96
9902,2026/10/01 10:23:00,500,3896.62,100.39,269.77
9903,2026/10/01 10:23:01,0,3897.1,102.74,269.66
9904,2026/10/01 10:23:01,500,3896.04,98.73,269.71
9905,2026/10/01 10:23:02,0,3898.87,98.72,269.59
9906,2026/10/01 10:23:02,500,3898.0,101.28,270.1
9907,2026/10/01 10:23:03,0,3899.79,98.3,270.86
9908,2026/10/01 10:23:03,500,3899.14,100.17,270.13
9909,2026/10/01 10:23:04,0,3901.88,102.32,270.26
9910,2026/10/01 10:23:04,500,3900.52,97.32,270.51
9911,2026/10/01 10:23:05,0,3902.78,100.6,269.75
9912,2026/10/01 10:23:05,500,3901.6,101.82,269.08
9913,2026/10/01 10:23:06,0,3902.2,99.96,269.99
9914,2026/10/01 10:23:06,500,3903.99,98.61,270.43
9915,2026/10/01 10:23:07,0,3902.5,99.61,271.01
9916,2026/10/01 10:23:07,500,3903.76,98.74,269.53
9917,2026/10/01 10:23:08,0,3904.65,100.1,270.57
9918,2026/10/01 10:23:08,500,3905.03,99.58,270.16
9919,2026/10/01 10:23:09,0,3905.24,99.23,269.85
9920,2026/10/01 10:23:09,500,3905.62,100.7,269.53
9921,2026/10/01 10:23:10,0,3906.86,102.37,269.77
9922,2026/10/01 10:23:10,500,3906.81,100.49,270.35
9923,2026/10/01 10:23:11,0,3907.93,102.02,270.69
9924,2026/10/01 10:23:11,500,3907.96,102.37,268.72
9925,2026/10/01 10:23:12,0,3908.65,99.12,270.35
9926,2026/10/01 10:23:12,500,3909.53,100.41,269.81
9927,2026/10/01 10:23:13,0,3908.86,99.36,269.87
9928,2026/10/01 10:23:13,500,3910.48,97.78,270.32
9929,2026/10/01 10:23:14,0,3909.95,100.53,271.08
9930,2026/10/01 10:23:14,500,3909.44,98.42,269.77
9931,2026/10/01 10:23:15,0,3910.78,100.73,270.09
9932,2026/10/01 10:23:15,500,3910.94,97.67,269.36
9933,2026/10/01 10:23:16,0,3912.3,100.26,270.38
9934,2026/10/01 10:23:16,500,3912.25,97.64,269.82
9935,2026/10/01 10:23:17,0,3913.06,101.01,270.96
9936,2026/10/01 10:23:17,500,3914.25,99.41,270.36
9937,2026/10/01 10:23:18,0,3915.1,99.27,270.05
9938,2026/10/01 10:23:18,500,3914.62,101.69,270.06
9939,2026/10/01 10:23:19,0,3915.73,99.52,270.39
9940,2026/10/01 10:23:19,500,3915.2,100.17,270.56
9941,2026/10/01 10:23:20,0,3914.56,99.7,269.64
9942,2026/10/01 10:23:20,500,3915.34,100.76,270.16
9943,2026/10/01 10:23:21,0,3916.6,101.56,270.24
9944,2026/10/01 10:23:21,500,3917.87,101.25,270.35
9945,2026/10/01 10:23:22,0,3917.55,99.3,270.91
9946,2026/10/01 10:23:22,500,3919.12,101.81,269.55
9947,2026/10/01 10:23:23,0,3920.11,98.63,270.75
9948,2026/10/01 10:23:23,500,3918.4,98.89,270.46
9949,2026/10/01 10:23:24,0,3921.28,99.81,270.04
9950,2026/10/01 10:23:24,500,3918.74,101.57,270.7
9951,2026/10/01 10:23:25,0,3921.99,98.24,270.11
9952,2026/10/01 10:23:25,500,3920.95,101.34,269.41
9953,2026/10/01 10:23:26,0,3921.26,99.92,268.6
9954,2026/10/01 10:23:26,500,3921.9,99.35,269.72
9955,2026/10/01 10:23:27,0,3921.73,101.65,270.06
9956,2026/10/01 10:23:27,500,3924.03,98.8,270.43
9957,2026/10/01 10:23:28,0,3922.74,103.43,270.65
9958,2026/10/01 10:23:28,500,3923.3,99.74,270.23
9959,2026/10/01 10:23:29,0,3923.11,100.22,269.66
9960,2026/10/01 10:23:29,500,3924.09,102.31,270.19
9961,2026/10/01 10:23:30,0,3924.57,100.26,270.27
9962,2026/10/01 10:23:30,500,3924.98,101.78,271.26
9963,2026/10/01 10:23:31,0,3925.91,97.07,270.68
9964,2026/10/01 10:23:31,500,3925.61,99.34,269.58
9965,2026/10/01 10:23:32,0,3928.23,100.6,270.26
9966,2026/10/01 10:23:32,500,3927.29,101.62,270.77
9967,2026/10/01 10:23:33,0,3928.17,101.15,270.44
9968,2026/10/01 10:23:33,500,3929.01,101.01,269.63
9969,2026/10/01 10:23:34,0,3930.39,101.59,270.86
9970,2026/10/01 10:23:34,500,3929.95,100.71,270.64
9971,2026/10/01 10:23:35,0,3929.48,96.79,270.38
9972,2026/10/01 10:23:35,500,3929.27,102.16,270.07
9973,2026/10/01 10:23:36,0,3930.84,98.74,270.99
9974,2026/10/01 10:23:36,500,3931.87,100.47,269.58
9975,2026/10/01 10:23:37,0,3931.58,100.27,269.72
9976,2026/10/01 10:23:37,500,3931.97,100.07,270.14
9977,2026/10/01 10:23:38,0,3932.54,98.34,270.66
9978,2026/10/01 10:23:38,500,3931.31,97.09,269.84
9979,2026/10/01 10:23:39,0,3933.37,98.5,270.25
9980,2026/10/01 10:23:39,500,3934.29,101.24,270.36
9981,2026/10/01 10:23:40,0,3934.11,97.83,270.71
9982,2026/10/01 10:23:40,500,3935.48,98.68,270.41
9983,2026/10/01 10:23:41,0,3935.95,100.63,270.42
9984,2026/10/01 10:23:41,500,3935.07,98.46,270.21
9985,2026/10/01 10:23:42,0,3936.26,99.19,271.12
9986,2026/10/01 10:23:42,500,3936.38,100.12,270.91
9987,2026/10/01 10:23:43,0,3935.17,100.42,270.9
9988,2026/10/01 10:23:43,500,3937.08,98.43,270.21
9989,2026/10/01 10:23:44,0,3936.84,100.21,270.35
9990,2026/10/01 10:23:44,500,3938.21,100.6,270.85
9991,2026/10/01 10:23:45,0,3939.08,98.09,270.33
9992,2026/10/01 10:23:45,500,3938.8,100.32,270.17
9993,2026/10/01 10:23:46,0,3938.69,98.93,270.78
9994,2026/10/01 10:23:46,500,3940.03,100.19,269.99
9995,2026/10/01 10:23:47,0,3942.23,101.08,270.55
9996,2026/10/01 10:23:47,500,3938.97,99.74,271.11
9997,2026/10/01 10:23:48,0,3941.32,101.37,270.74
9998,2026/10/01 10:23:48,500,3941.13,101.19,270.15
9999,2026/10/01 10:23:49,0,3941.66,101.36,270.92
10000,2026/10/01 10:23:49,500,3942.35,100.6,270.39
10001,2026/10/01 10:23:50,0,3942.58,101.65,271.12
10002,2026/10/01 10:23:50,500,3943.77,100.58,270.96
10003,2026/10/01 10:23:51,0,3943.52,97.5,270.54
10004,2026/10/01 10:23:51,500,3942.41,98.81,270.35
10005,2026/10/01 10:23:52,0,3945.59,99.68,270.31
10006,2026/10/01 10:23:52,500,3945.9,99.87,272.03
10007,2026/10/01 10:23:53,0,3944.93,100.54,269.6
10008,2026/10/01 10:23:53,500,3945.88,98.79,269.87
10009,2026/10/01 10:23:54,0,3947.24,103.01,271.31
10010,2026/10/01 10:23:54,500,3947.51,99.85,271.21
10011,2026/10/01 10:23:55,0,3948.19,99.99,270.96
10012,2026/10/01 10:23:55,500,3947.83,98.99,269.79
10013,2026/10/01 10:23:56,0,3948.57,98.49,271.06
10014,2026/10/01 10:23:56,500,3949.5,99.81,270.31
10015,2026/10/01 10:23:57,0,3948.51,100.04,270.76
10016,2026/10/01 10:23:57,500,3949.56,99.87,271.02
10017,2026/10/01 10:23:58,0,3947.91,102.48,271.08
10018,2026/10/01 10:23:58,500,3948.78,99.81,270.5
10019,2026/10/01 10:23:59,0,3950.86,99.87,271.48
10020,2026/10/01 10:23:59,500,3951.4,101.22,271.25
10021,2026/10/01 10:24:00,0,3950.98,99.74,270.37
10022,2026/10/01 10:24:00,500,3951.22,100.81,270.62
10023,2026/10/01 10:24:01,0,3951.83,98.08,270.49
10024,2026/10/01 10:24:01,500,3952.68,98.09,270.84
10025,2026/10/01 10:24:02,0,3951.09,100.18,271.2
10026,2026/10/01 10:24:02,500,3953.73,99.65,269.97
10027,2026/10/01 10:24:03,0,3953.79,98.79,269.91
10028,2026/10/01 10:24:03,500,3954.37,100.18,270.49
10029,2026/10/01 10:24:04,0,3954.48,100.31,271.59
10030,2026/10/01 10:24:04,500,3953.89,98.94,271.04
10031,2026/10/01 10:24:05,0,3954.52,99.22,271.72
10032,2026/10/01 10:24:05,500,3957.03,100.32,270.86
10033,2026/10/01 10:24:06,0,3955.7,98.47,270.52
10034,2026/10/01 10:24:06,500,3957.27,99.09,270.11
10035,2026/10/01 10:24:07,0,3956.16,100.8,270.54
10036,2026/10/01 10:24:07,500,3957.42,99.96,270.66
10037,2026/10/01 10:24:08,0,3957.48,99.28,269.76
10038,2026/10/01 10:24:08,500,3958.01,98.65,270.56
10039,2026/10/01 10:24:09,0,3958.37,98.48,270.56
10040,2026/10/01 10:24:09,500,3960.2,99.8,271.01
10041,2026/10/01 10:24:10,0,3960.98,103.04,270.98
10042,2026/10/01 10:24:10,500,3960.03,100.85,271.17
10043,2026/10/01 10:24:11,0,3959.91,98.0,270.21
10044,2026/10/01 10:24:11,500,3959.58,101.06,270.46
10045,2026/10/01 10:24:12,0,3959.92,98.86,271.5
10046,2026/10/01 10:24:12,500,3962.6,99.99,270.91
10047,2026/10/01 10:24:13,0,3960.66,99.12,271.47
10048,2026/10/01 10:24:13,500,3961.88,103.03,270.99
10049,2026/10/01 10:24:14,0,3962.75,98.3,271.16
10050,2026/10/01 10:24:14,500,3960.94,100.47,271.34
10051,2026/10/01 10:24:15,0,3962.42,98.97,270.8
10052,2026/10/01 10:24:15,500,3962.74,101.11,270.75
10053,2026/10/01 10:24:16,0,3963.67,100.44,270.75
10054,2026/10/01 10:24:16,500,3964.81,101.88,271.06
10055,2026/10/01 10:24:17,0,3965.81,101.08,271.4
10056,2026/10/01 10:24:17,500,3964.85,98.96,270.91
10057,2026/10/01 10:24:18,0,3965.4,104.37,271.7
10058,2026/10/01 10:24:18,500,3966.07,100.83,272.01
10059,2026/10/01 10:24:19,0,3965.91,99.17,270.7
10060,2026/10/01 10:24:19,500,3967.28,100.31,271.74
10061,2026/10/01 10:24:20,0,3967.69,100.95,271.14
10062,2026/10/01 10:24:20,500,3965.54,100.89,271.35
10063,2026/10/01 10:24:21,0,3968.61,100.74,271.1
10064,2026/10/01 10:24:21,500,3968.59,101.45,271.78
10065,2026/10/01 10:24:22,0,3969.08,101.3,271.36
10066,2026/10/01 10:24:22,500,3970.2,98.73,271.02
10067,2026/10/01 10:24:23,0,3968.22,103.16,270.99
10068,2026/10/01 10:24:23,500,3969.02,102.95,270.6
10069,2026/10/01 10:24:24,0,3970.35,101.2,270.93
10070,2026/10/01 10:24:24,500,3968.94,100.06,271.83
10071,2026/10/01 10:24:25,0,3971.01,100.08,271.77
10072,2026/10/01 10:24:25,500,3972.23,-990.07,270.91
10073,2026/10/01 10:24:26,0,3972.25,-997.86,270.69
10074,2026/10/01 10:24:26,500,3972.38,-990.99,271.72
10075,2026/10/01 10:24:27,0,3972.51,102.3,271.47
10076,2026/10/01 10:24:27,500,3972.73,101.77,270.27
10077,2026/10/01 10:24:28,0,3973.06,97.48,272.71
10078,2026/10/01 10:24:28,500,3974.01,101.33,271.28
10079,2026/10/01 10:24:29,0,3972.96,99.99,272.14
10080,2026/10/01 10:24:29,500,3975.75,99.7,271.38
10081,2026/10/01 10:24:30,0,3974.37,100.74,270.78
10082,2026/10/01 10:24:30,500,3975.78,97.39,271.4
10083,2026/10/01 10:24:31,0,3975.77,99.98,270.58
10084,2026/10/01 10:24:31,500,3975.16,100.12,271.26
10085,2026/10/01 10:24:32,0,3977.49,100.12,270.78
10086,2026/10/01 10:24:32,500,3977.69,97.95,271.23
10087,2026/10/01 10:24:33,0,3975.94,100.67,271.47
10088,2026/10/01 10:24:33,500,3977.51,101.59,271.5
10089,2026/10/01 10:24:34,0,3978.1,100.61,270.63
10090,2026/10/01 10:24:34,500,3976.65,99.66,271.04
10091,2026/10/01 10:24:35,0,3976.98,104.03,270.38
10092,2026/10/01 10:24:35,500,3978.38,98.61,271.69
10093,2026/10/01 10:24:36,0,3978.36,101.16,271.49
10094,2026/10/01 10:24:36,500,3978.95,100.36,270.81
10095,2026/10/01 10:24:37,0,3979.1,103.02,272.1
10096,2026/10/01 10:24:37,500,3980.42,100.58,271.64
10097,2026/10/01 10:24:38,0,3980.16,100.9,271.36
10098,2026/10/01 10:24:38,500,3982.13,100.76,271.18
10099,2026/10/01 10:24:39,0,3981.75,98.41,271.11
10100,2026/10/01 10:24:39,500,3982.61,98.7,271.04
10101,2026/10/01 10:24:40,0,3980.98,99.59,272.03
10102,2026/10/01 10:24:40,500,3982.19,101.44,271.59
10103,2026/10/01 10:24:41,0,3983.17,100.35,270.93
10104,2026/10/01 10:24:41,500,3983.78,99.69,272.11
10105,2026/10/01 10:24:42,0,3983.26,102.06,271.43
10106,2026/10/01 10:24:42,500,3983.74,97.03,271.02
10107,2026/10/01 10:24:43,0,3984.19,98.06,272.47
10108,2026/10/01 10:24:43,500,3984.62,96.26,270.94
10109,2026/10/01 10:24:44,0,3986.95,101.81,271.09
10110,2026/10/01 10:24:44,500,3985.83,99.85,271.51
10111,2026/10/01 10:24:45,0,3985.96,101.45,271.67
10112,2026/10/01 10:24:45,500,3985.28,99.84,271.14
10113,2026/10/01 10:24:46,0,3985.66,101.53,270.42
10114,2026/10/01 10:24:46,500,3986.83,99.81,271.55
10115,2026/10/01 10:24:47,0,3988.26,100.61,271.02
10116,2026/10/01 10:24:47,500,3987.55,100.4,271.37
10117,2026/10/01 10:24:48,0,3987.94,100.51,271.15
10118,2026/10/01 10:24:48,500,3987.82,102.53,271.02
10119,2026/10/01 10:24:49,0,3987.37,97.56,271.44
10120,2026/10/01 10:24:49,500,3989.47,99.9,271.26
10121,2026/10/01 10:24:50,0,3989.27,100.3,271.16
10122,2026/10/01 10:24:50,500,3990.18,100.07,272.07
10123,2026/10/01 10:24:51,0,3990.29,99.4,271.1
10124,2026/10/01 10:24:51,500,3989.75,99.2,271.48
10125,2026/10/01 10:24:52,0,3991.05,102.3,271.59
10126,2026/10/01 10:24:52,500,3990.18,99.89,270.77
10127,2026/10/01 10:24:53,0,3991.74,103.66,271.07
10128,2026/10/01 10:24:53,500,3991.86,100.79,271.61
10129,2026/10/01 10:24:54,0,3993.49,99.57,271.6
10130,2026/10/01 10:24:54,500,3991.91,100.83,271.25
10131,2026/10/01 10:24:55,0,3991.89,100.16,271.64
10132,2026/10/01 10:24:55,500,3992.96,102.01,271.79
10133,2026/10/01 10:24:56,0,3994.13,98.25,271.96
10134,2026/10/01 10:24:56,500,3991.74,97.3,272.01
10135,2026/10/01 10:24:57,0,3995.03,100.54,272.29
10136,2026/10/01 10:24:57,500,3994.5,101.25,271.74
10137,2026/10/01 10:24:58,0,3994.1,100.43,271.0
10138,2026/10/01 10:24:58,500,3995.06,101.01,271.55
10139,2026/10/01 10:24:59,0,3995.1,100.79,271.07
10140,2026/10/01 10:24:59,500,3995.05,97.78,272.14
10141,2026/10/01 10:25:00,0,3994.82,100.42,272.41
10142,2026/10/01 10:25:00,500,3997.3,101.98,271.73
10143,2026/10/01 10:25:01,0,3996.6,100.26,272.32
10144,2026/10/01 10:25:01,500,3997.07,98.04,272.29
10145,2026/10/01 10:25:02,0,3998.4,99.5,271.9
10146,2026/10/01 10:25:02,500,3998.11,100.84,272.02
10147,2026/10/01 10:25:03,0,3997.15,102.69,272.24
10148,2026/10/01 10:25:03,500,3999.27,97.07,271.07
10149,2026/10/01 10:25:04,0,4000.26,100.54,271.9
10150,2026/10/01 10:25:04,500,3999.81,98.6,272.06
10151,2026/10/01 10:25:05,0,3999.05,100.76,271.07
10152,2026/10/01 10:25:05,500,3998.89,100.88,272.75
10153,2026/10/01 10:25:06,0,3999.68,99.65,272.35
10154,2026/10/01 10:25:06,500,4000.82,100.95,272.36
10155,2026/10/01 10:25:07,0,4002.21,101.71,272.02
10156,2026/10/01 10:25:07,500,4000.79,99.75,271.35
10157,2026/10/01 10:25:08,0,4001.21,97.99,271.2
10158,2026/10/01 10:25:08,500,4002.88,102.14,271.79
10159,2026/10/01 10:25:09,0,4002.04,101.24,272.19
10160,2026/10/01 10:25:09,500,4004.09,100.85,272.12
10161,2026/10/01 10:25:10,0,4002.93,98.96,272.72
10162,2026/10/01 10:25:10,500,4004.31,101.48,271.71
10163,2026/10/01 10:25:11,0,4004.01,103.06,271.69
10164,2026/10/01 10:25:11,500,4004.6,99.82,271.88
10165,2026/10/01 10:25:12,0,4004.22,100.14,271.31
10166,2026/10/01 10:25:12,500,4004.59,98.4,272.64
10167,2026/10/01 10:25:13,0,4005.34,98.92,271.78
10168,2026/10/01 10:25:13,500,4005.97,98.39,272.03
10169,2026/10/01 10:25:14,0,4006.08,100.2,272.32
10170,2026/10/01 10:25:14,500,4004.57,99.49,271.54
10171,2026/10/01 10:25:15,0,4006.51,100.56,272.07
10172,2026/10/01 10:25:15,500,4006.1,98.66,271.93
10173,2026/10/01 10:25:16,0,4006.51,99.75,272.43
10174,2026/10/01 10:25:16,500,4007.64,98.57,271.95
10175,2026/10/01 10:25:17,0,4008.95,100.28,270.53
10176,2026/10/01 10:25:17,500,4007.73,97.55,271.49
10177,2026/10/01 10:25:18,0,4009.81,100.23,271.22
10178,2026/10/01 10:25:18,500,4007.67,99.58,272.94
10179,2026/10/01 10:25:19,0,4009.85,100.27,272.69
10180,2026/10/01 10:25:19,500,4009.53,97.52,270.91
10181,2026/10/01 10:25:20,0,4009.67,100.98,271.49
10182,2026/10/01 10:25:20,500,4010.93,99.55,271.31
10183,2026/10/01 10:25:21,0,4009.63,100.33,272.12
10184,2026/10/01 10:25:21,500,4011.48,97.19,271.54
10185,2026/10/01 10:25:22,0,4010.6,98.14,271.89
10186,2026/10/01 10:25:22,500,4010.57,99.41,271.34
10187,2026/10/01 10:25:23,0,4010.34,102.06,272.25
10188,2026/10/01 10:25:23,500,4012.98,100.79,271.2
10189,2026/10/01 10:25:24,0,4012.94,100.19,273.3
10190,2026/10/01 10:25:24,500,4011.96,98.61,272.81
10191,2026/10/01 10:25:25,0,4013.09,98.34,273.3
10192,2026/10/01 10:25:25,500,4013.07,100.41,272.37
10193,2026/10/01 10:25:26,0,4012.99,101.05,272.85
10194,2026/10/01 10:25:26,500,4014.36,100.31,272.53
10195,2026/10/01 10:25:27,0,4013.4,102.56,271.59
10196,2026/10/01 10:25:27,500,4012.46,98.98,271.91
10197,2026/10/01 10:25:28,0,4014.73,100.27,272.31
10198,2026/10/01 10:25:28,500,4014.88,97.46,272.68
10199,2026/10/01 10:25:29,0,4014.66,100.32,272.11
10200,2026/10/01 10:25:29,500,4014.73,102.2,272.4
10201,2026/10/01 10:25:30,0,4014.5,98.44,271.96
10202,2026/10/01 10:25:30,500,4015.77,101.26,271.93
10203,2026/10/01 10:25:31,0,4015.66,102.16,271.4
10204,2026/10/01 10:25:31,500,4017.44,98.97,272.37
10205,2026/10/01 10:25:32,0,4017.39,100.7,271.91
10206,2026/10/01 10:25:32,500,4016.89,102.37,271.52
10207,2026/10/01 10:25:33,0,4018.0,100.35,271.87
10208,2026/10/01 10:25:33,500,4017.8,101.18,272.32
10209,2026/10/01 10:25:34,0,4017.97,97.34,272.51
10210,2026/10/01 10:25:34,500,4018.45,100.9,272.09
10211,2026/10/01 10:25:35,0,4020.21,100.78,272.73
10212,2026/10/01 10:25:35,500,4019.61,98.01,272.94
10213,2026/10/01 10:25:36,0,4019.16,98.55,272.06
10214,2026/10/01 10:25:36,500,4020.41,100.91,272.7
10215,2026/10/01 10:25:37,0,4020.69,99.55,271.88
10216,2026/10/01 10:25:37,500,4020.51,101.67,271.57
10217,2026/10/01 10:25:38,0,4020.34,100.47,271.76
10218,2026/10/01 10:25:38,500,4020.58,100.08,271.81
10219,2026/10/01 10:25:39,0,4020.34,99.74,272.03
10220,2026/10/01 10:25:39,500,4021.64,100.44,273.24
10221,2026/10/01 10:25:40,0,4021.3,101.2,272.0
10222,2026/10/01 10:25:40,500,4021.74,100.8,272.08
10223,2026/10/01 10:25:41,0,4022.88,99.37,272.35
10224,2026/10/01 10:25:41,500,4024.03,101.86,271.62
10225,2026/10/01 10:25:42,0,4023.27,100.99,272.36
10226,2026/10/01 10:25:42,500,4023.19,100.58,272.62
10227,2026/10/01 10:25:43,0,4023.55,100.14,273.04
10228,2026/10/01 10:25:43,500,4024.77,100.75,272.96
10229,2026/10/01 10:25:44,0,4024.46,97.25,272.49
10230,2026/10/01 10:25:44,500,4024.6,100.36,272.2
10231,2026/10/01 10:25:45,0,4024.95,102.46,272.24
10232,2026/10/01 10:25:45,500,4023.89,100.33,272.53
10233,2026/10/01 10:25:46,0,4025.63,100.13,272.31
10234,2026/10/01 10:25:46,500,4024.91,99.11,272.29
10235,2026/10/01 10:25:47,0,4026.22,100.74,271.88
10236,2026/10/01 10:25:47,500,4025.6,99.71,272.69
10237,2026/10/01 10:25:48,0,4026.95,101.96,272.51
10238,2026/10/01 10:25:48,500,4026.65,98.7,271.99
10239,2026/10/01 10:25:49,0,4026.14,99.32,273.12
10240,2026/10/01 10:25:49,500,4027.11,99.1,272.48
10241,2026/10/01 10:25:50,0,4029.4,102.75,271.67
10242,2026/10/01 10:25:50,500,4026.1,99.72,272.86
10243,2026/10/01 10:25:51,0,4028.34,99.18,272.06
10244,2026/10/01 10:25:51,500,4027.68,96.86,272.2
10245,2026/10/01 10:25:52,0,4029.88,98.63,272.32
10246,2026/10/01 10:25:52,500,4029.72,100.79,272.85
10247,2026/10/01 10:25:53,0,4029.5,100.79,272.39
10248,2026/10/01 10:25:53,500,4030.37,99.02,272.74
10249,2026/10/01 10:25:54,0,4030.11,99.11,271.65
10250,2026/10/01 10:25:54,500,4030.2,102.79,271.89
10251,2026/10/01 10:25:55,0,4030.0,104.04,272.46
10252,2026/10/01 10:25:55,500,4030.48,101.72,272.09
10253,2026/10/01 10:25:56,0,4030.67,102.34,272.36
10254,2026/10/01 10:25:56,500,4031.34,102.66,272.84
10255,2026/10/01 10:25:57,0,4030.09,103.32,272.07
10256,2026/10/01 10:25:57,500,4032.71,99.55,272.11
10257,2026/10/01 10:25:58,0,4033.73,98.68,272.54
10258,2026/10/01 10:25:58,500,4032.1,102.75,271.43
10259,2026/10/01 10:25:59,0,4033.67,98.55,273.0
10260,2026/10/01 10:25:59,500,4032.9,98.46,272.57
10261,2026/10/01 10:26:00,0,4032.8,98.49,272.56
10262,2026/10/01 10:26:00,500,4033.26,99.8,272.25
10263,2026/10/01 10:26:01,0,4033.91,97.02,272.87
10264,2026/10/01 10:26:01,500,4033.54,97.85,272.45
10265,2026/10/01 10:26:02,0,4034.88,99.07,273.15
10266,2026/10/01 10:26:02,500,4034.25,98.21,271.69
10267,2026/10/01 10:26:03,0,4034.08,101.59,272.58
10268,2026/10/01 10:26:03,500,4035.2,100.01,272.58
10269,2026/10/01 10:26:04,0,4034.94,100.87,272.72
10270,2026/10/01 10:26:04,500,4035.5,100.7,273.27
10271,2026/10/01 10:26:05,0,4036.0,99.69,271.89
10272,2026/10/01 10:26:05,500,4035.24,101.48,271.88
10273,2026/10/01 10:26:06,0,4037.75,100.68,272.41
10274,2026/10/01 10:26:06,500,4037.51,99.52,271.65
10275,2026/10/01 10:26:07,0,4036.62,97.47,273.75
10276,2026/10/01 10:26:07,500,4037.38,100.78,273.07
10277,2026/10/01 10:26:08,0,4038.18,98.11,272.87
10278,2026/10/01 10:26:08,500,4038.11,100.57,273.01
10279,2026/10/01 10:26:09,0,4039.71,100.12,273.26
10280,2026/10/01 10:26:09,500,4038.29,97.96,272.32
10281,2026/10/01 10:26:10,0,4039.7,100.39,272.45
10282,2026/10/01 10:26:10,500,4037.95,100.29,272.81
10283,2026/10/01 10:26:11,0,4038.34,100.29,272.39
10284,2026/10/01 10:26:11,500,4040.9,100.22,272.19
10285,2026/10/01 10:26:12,0,4039.48,99.02,272.39
10286,2026/10/01 10:26:12,500,4039.15,100.89,272.86
10287,2026/10/01 10:26:13,0,4040.32,98.97,273.13
10288,2026/10/01 10:26:13,500,4041.63,98.39,272.04
10289,2026/10/01 10:26:14,0,4040.27,101.01,272.59
10290,2026/10/01 10:26:14,500,4041.12,101.4,272.66
10291,2026/10/01 10:26:15,0,4039.93,100.91,272.0
10292,2026/10/01 10:26:15,500,4041.3,99.69,272.93
10293,2026/10/01 10:26:16,0,4042.74,97.09,272.65
10294,2026/10/01 10:26:16,500,4041.58,102.22,272.24
10295,2026/10/01 10:26:17,0,4041.45,97.07,272.48
10296,2026/10/01 10:26:17,500,4042.11,100.88,272.99
10297,2026/10/01 10:26:18,0,4042.5,103.17,273.22
10298,2026/10/01 10:26:18,500,4043.87,100.22,272.91
10299,2026/10/01 10:26:19,0,4043.82,100.44,273.7
10300,2026/10/01 10:26:19,500,4044.23,100.57,273.31
10301,2026/10/01 10:26:20,0,4044.06,100.3,273.03
10302,2026/10/01 10:26:20,500,4043.8,103.53,272.41
10303,2026/10/01 10:26:21,0,4043.93,98.74,273.33
10304,2026/10/01 10:26:21,500,4045.16,98.55,272.39
10305,2026/10/01 10:26:22,0,4046.34,99.51,273.15
10306,2026/10/01 10:26:22,500,4044.58,102.61,271.56
10307,2026/10/01 10:26:23,0,4044.77,99.13,272.55
10308,2026/10/01 10:26:23,500,4044.94,100.65,272.1
10309,2026/10/01 10:26:24,0,4046.77,101.61,272.66
10310,2026/10/01 10:26:24,500,4046.32,101.17,272.04
10311,2026/10/01 10:26:25,0,4047.06,101.53,272.83
10312,2026/10/01 10:26:25,500,4046.46,102.13,273.06
10313,2026/10/01 10:26:26,0,4047.62,100.46,272.5
10314,2026/10/01 10:26:26,500,4047.15,99.31,272.67
10315,2026/10/01 10:26:27,0,4046.4,100.22,272.95
10316,2026/10/01 10:26:27,500,4048.62,99.49,272.82
10317,2026/10/01 10:26:28,0,4048.11,103.78,273.53
10318,2026/10/01 10:26:28,500,4048.14,99.2,272.52
10319,2026/10/01 10:26:29,0,4048.87,100.72,273.13
10320,2026/10/01 10:26:29,500,4047.74,97.75,273.0
10321,2026/10/01 10:26:30,0,4049.49,100.2,272.08
10322,2026/10/01 10:26:30,500,4048.92,99.57,272.93
10323,2026/10/01 10:26:31,0,4049.53,101.01,272.84
10324,2026/10/01 10:26:31,500,4050.81,101.05,272.65
10325,2026/10/01 10:26:32,0,4050.67,102.13,273.79
10326,2026/10/01 10:26:32,500,4050.26,102.01,273.55
10327,2026/10/01 10:26:33,0,4050.57,99.9,272.53
10328,2026/10/01 10:26:33,500,4048.85,98.58,273.24
10329,2026/10/01 10:26:34,0,4050.49,98.76,273.3
10330,2026/10/01 10:26:34,500,4051.53,100.45,273.0
10331,2026/10/01 10:26:35,0,4051.03,100.24,272.39
10332,2026/10/01 10:26:35,500,4050.83,100.39,272.46
10333,2026/10/01 10:26:36,0,4052.52,99.2,273.21
10334,2026/10/01 10:26:36,500,4053.43,102.16,273.21
10335,2026/10/01 10:26:37,0,4052.05,97.79,272.82
10336,2026/10/01 10:26:37,500,4053.57,99.11,273.62
10337,2026/10/01 10:26:38,0,4053.7,98.38,273.72
10338,2026/10/01 10:26:38,500,4052.58,99.69,273.72
10339,2026/10/01 10:26:39,0,4053.03,101.87,273.73
10340,2026/10/01 10:26:39,500,4055.29,99.57,272.98
10341,2026/10/01 10:26:40,0,4053.2,996.58,272.33
10342,2026/10/01 10:26:40,500,4053.85,101.0,272.84
10343,2026/10/01 10:26:41,0,4056.15,99.5,272.95
10344,2026/10/01 10:26:41,500,4054.37,100.57,272.7
10345,2026/10/01 10:26:42,0,4056.15,100.38,272.83
10346,2026/10/01 10:26:42,500,4054.49,98.3,272.45
10347,2026/10/01 10:26:43,0,4055.66,99.3,273.39
10348,2026/10/01 10:26:43,500,4056.66,100.53,273.85
10349,2026/10/01 10:26:44,0,4055.65,101.92,274.23
10350,2026/10/01 10:26:44,500,4056.35,101.92,273.17
10351,2026/10/01 10:26:45,0,4057.1,103.14,272.97
10352,2026/10/01 10:26:45,500,4056.02,100.73,273.04
10353,2026/10/01 10:26:46,0,4058.78,99.38,273.74
10354,2026/10/01 10:26:46,500,4058.05,99.9,273.74
10355,2026/10/01 10:26:47,0,4057.17,99.83,272.95
10356,2026/10/01 10:26:47,500,4057.51,99.39,273.68
10357,2026/10/01 10:26:48,0,4059.46,100.57,273.17
10358,2026/10/01 10:26:48,500,4057.89,100.64,272.72
10359,2026/10/01 10:26:49,0,4058.03,98.24,273.02
10360,2026/10/01 10:26:49,500,4059.56,101.63,273.96
10361,2026/10/01 10:26:50,0,4057.76,97.24,273.47
10362,2026/10/01 10:26:50,500,4059.05,99.67,272.86
10363,2026/10/01 10:26:51,0,4059.41,101.72,273.59
10364,2026/10/01 10:26:51,500,4059.02,100.91,273.48
10365,2026/10/01 10:26:52,0,4058.56,99.46,272.98
10366,2026/10/01 10:26:52,500,4060.1,102.95,272.76
10367,2026/10/01 10:26:53,0,4060.83,99.34,272.59
10368,2026/10/01 10:26:53,500,4059.97,97.0,272.33
10369,2026/10/01 10:26:54,0,4059.8,100.68,272.83
10370,2026/10/01 10:26:54,500,4061.98,97.33,273.07
10371,2026/10/01 10:26:55,0,4061.63,98.75,273.8
10372,2026/10/01 10:26:55,500,4061.15,100.93,273.58
10373,2026/10/01 10:26:56,0,4062.41,99.31,273.28
10374,2026/10/01 10:26:56,500,4062.1,100.87,272.25
10375,2026/10/01 10:26:57,0,4063.56,98.26,273.34
10376,2026/10/01 10:26:57,500,4062.89,101.29,272.37
10377,2026/10/01 10:26:58,0,4061.48,97.46,273.64
10378,2026/10/01 10:26:58,500,4062.29,101.98,273.66
10379,2026/10/01 10:26:59,0,4062.56,99.29,273.24
10380,2026/10/01 10:26:59,500,4063.52,102.3,273.63
10381,2026/10/01 10:27:00,0,4063.26,98.74,273.73
10382,2026/10/01 10:27:00,500,4062.83,102.89,273.28
10383,2026/10/01 10:27:01,0,4064.43,98.56,273.16
10384,2026/10/01 10:27:01,500,4064.99,97.31,272.58
10385,2026/10/01 10:27:02,0,4064.33,100.06,273.07
10386,2026/10/01 10:27:02,500,4064.8,101.85,272.75
10387,2026/10/01 10:27:03,0,4064.09,101.19,272.75
10388,2026/10/01 10:27:03,500,4064.67,101.74,272.9
10389,2026/10/01 10:27:04,0,4064.93,101.22,272.29
10390,2026/10/01 10:27:04,500,4065.98,98.77,273.76
10391,2026/10/01 10:27:05,0,4065.97,101.15,273.39
10392,2026/10/01 10:27:05,500,4065.72,100.14,273.87
10393,2026/10/01 10:27:06,0,4065.91,98.94,273.69
10394,2026/10/01 10:27:06,500,4064.86,100.27,273.55
10395,2026/10/01 10:27:07,0,4067.94,99.92,273.7
10396,2026/10/01 10:27:07,500,4065.21,102.12,273.38
10397,2026/10/01 10:27:08,0,4067.43,99.23,273.97
10398,2026/10/01 10:27:08,500,4067.35,99.16,273.06
10399,2026/10/01 10:27:09,0,4067.33,98.95,273.31
10400,2026/10/01 10:27:09,500,4067.75,102.85,273.19
10401,2026/10/01 10:27:10,0,4067.45,99.04,274.34
10402,2026/10/01 10:27:10,500,4068.72,101.95,273.03
10403,2026/10/01 10:27:11,0,4067.37,98.45,273.99
10404,2026/10/01 10:27:11,500,4068.9,100.76,272.67
10405,2026/10/01 10:27:12,0,4068.31,100.39,273.41
10406,2026/10/01 10:27:12,500,4068.73,101.85,273.27
10407,2026/10/01 10:27:13,0,4068.97,101.63,272.86
10408,2026/10/01 10:27:13,500,4069.38,100.12,273.04
10409,2026/10/01 10:27:14,0,4070.13,99.19,273.63
10410,2026/10/01 10:27:14,500,4069.92,102.44,273.22
10411,2026/10/01 10:27:15,0,4070.91,99.04,272.91
10412,2026/10/01 10:27:15,500,4071.21,96.6,273.85
10413,2026/10/01 10:27:16,0,4070.84,97.21,273.39
10414,2026/10/01 10:27:16,500,4071.36,97.58,273.57
10415,2026/10/01 10:27:17,0,4072.64,100.89,273.96
10416,2026/10/01 10:27:17,500,4070.11,103.32,274.19
10417,2026/10/01 10:27:18,0,4072.31,96.94,272.28
10418,2026/10/01 10:27:18,500,4072.9,98.83,273.38
10419,2026/10/01 10:27:19,0,4072.23,100.13,272.6
10420,2026/10/01 10:27:19,500,4073.62,102.32,274.8
10421,2026/10/01 10:27:20,0,4073.73,98.82,273.52
10422,2026/10/01 10:27:20,500,4072.25,100.89,273.94
10423,2026/10/01 10:27:21,0,4072.52,99.62,273.14
10424,2026/10/01 10:27:21,500,4073.37,103.91,273.28
10425,2026/10/01 10:27:22,0,4072.66,100.22,274.02
10426,2026/10/01 10:27:22,500,4075.54,100.53,273.73
10427,2026/10/01 10:27:23,0,4074.21,100.13,274.32
10428,2026/10/01 10:27:23,500,4073.83,99.38,273.07
10429,2026/10/01 10:27:24,0,4072.87,101.42,273.38
10430,2026/10/01 10:27:24,500,4074.41,98.26,273.75
10431,2026/10/01 10:27:25,0,4073.47,97.0,273.83
10432,2026/10/01 10:27:25,500,4075.24,99.77,273.72
10433,2026/10/01 10:27:26,0,4072.83,101.22,272.85
10434,2026/10/01 10:27:26,500,4076.15,99.13,273.04
10435,2026/10/01 10:27:27,0,4074.91,100.28,273.69
10436,2026/10/01 10:27:27,500,4074.11,98.17,272.76
10437,2026/10/01 10:27:28,0,4075.65,101.59,273.09
10438,2026/10/01 10:27:28,500,4075.89,100.98,273.56
10439,2026/10/01 10:27:29,0,4076.03,100.03,273.16
10440,2026/10/01 10:27:29,500,4077.39,100.25,273.66
10441,2026/10/01 10:27:30,0,4076.8,97.91,273.51
10442,2026/10/01 10:27:30,500,4077.34,97.98,273.17
10443,2026/10/01 10:27:31,0,4076.71,99.82,273.18
10444,2026/10/01 10:27:31,500,4077.45,100.77,274.21
10445,2026/10/01 10:27:32,0,4076.27,100.85,273.77
10446,2026/10/01 10:27:32,500,4077.73,99.46,273.7
10447,2026/10/01 10:27:33,0,4077.12,101.12,273.61
10448,2026/10/01 10:27:33,500,4078.98,102.13,273.14
10449,2026/10/01 10:27:34,0,4078.19,99.87,273.31
10450,2026/10/01 10:27:34,500,4078.86,100.46,272.4
10451,2026/10/01 10:27:35,0,4078.74,99.69,273.29
10452,2026/10/01 10:27:35,500,4080.18,99.81,273.3
10453,2026/10/01 10:27:36,0,4077.69,100.25,273.89
10454,2026/10/01 10:27:36,500,4079.05,102.55,273.32
10455,2026/10/01 10:27:37,0,4078.57,101.37,274.02
10456,2026/10/01 10:27:37,500,4077.9,101.24,273.5
10457,2026/10/01 10:27:38,0,4078.92,99.32,273.71
10458,2026/10/01 10:27:38,500,4080.88,98.65,273.63
10459,2026/10/01 10:27:39,0,4080.12,100.58,274.0
10460,2026/10/01 10:27:39,500,4080.17,101.87,274.26
10461,2026/10/01 10:27:40,0,4081.16,102.59,273.17
10462,2026/10/01 10:27:40,500,4080.83,96.32,274.55
10463,2026/10/01 10:27:41,0,4081.43,103.67,273.24
10464,2026/10/01 10:27:41,500,4081.4,100.63,273.58
10465,2026/10/01 10:27:42,0,4081.77,101.36,273.42
10466,2026/10/01 10:27:42,500,4081.17,97.39,274.44
10467,2026/10/01 10:27:43,0,4082.57,99.64,273.16
10468,2026/10/01 10:27:43,500,4080.96,101.23,274.06
10469,2026/10/01 10:27:44,0,4082.06,98.24,272.6
10470,2026/10/01 10:27:44,500,4083.2,95.67,274.11
10471,2026/10/01 10:27:45,0,4082.39,100.5,273.62
10472,2026/10/01 10:27:45,500,4082.37,99.93,273.53
10473,2026/10/01 10:27:46,0,4084.74,102.16,273.38
10474,2026/10/01 10:27:46,500,4084.24,99.76,273.7
10475,2026/10/01 10:27:47,0,4083.41,99.87,273.56
10476,2026/10/01 10:27:47,500,4082.72,101.05,272.99
10477,2026/10/01 10:27:48,0,4082.06,101.55,273.35
10478,2026/10/01 10:27:48,500,4084.45,98.94,274.15
10479,2026/10/01 10:27:49,0,4085.09,101.42,273.55
10480,2026/10/01 10:27:49,500,4084.58,99.22,273.36
10481,2026/10/01 10:27:50,0,4083.09,100.02,273.79
10482,2026/10/01 10:27:50,500,4084.78,101.01,274.01
10483,2026/10/01 10:27:51,0,4084.45,101.27,274.1
10484,2026/10/01 10:27:51,500,4085.16,100.48,273.95
10485,2026/10/01 10:27:52,0,4086.78,98.38,274.39
10486,2026/10/01 10:27:52,500,4086.05,97.19,273.82
10487,2026/10/01 10:27:53,0,4086.07,99.72,273.68
10488,2026/10/01 10:27:53,500,4085.76,101.46,274.24
10489,2026/10/01 10:27:54,0,4086.32,100.67,273.45
10490,2026/10/01 10:27:54,500,4085.6,100.36,273.61
10491,2026/10/01 10:27:55,0,4086.81,99.99,273.02
10492,2026/10/01 10:27:55,500,4086.4,100.46,274.73
10493,2026/10/01 10:27:56,0,4086.09,98.51,274.87
10494,2026/10/01 10:27:56,500,4087.59,101.17,273.74
10495,2026/10/01 10:27:57,0,4085.34,101.27,274.22
10496,2026/10/01 10:27:57,500,4086.88,99.47,274.19
10497,2026/10/01 10:27:58,0,4087.99,100.66,273.94
10498,2026/10/01 10:27:58,500,4088.67,97.43,274.46
10499,2026/10/01 10:27:59,0,4088.25,100.27,273.23
10500,2026/10/01 10:27:59,500,4087.52,99.8,273.77
10501,2026/10/01 10:28:00,0,4088.21,101.89,272.82
10502,2026/10/01 10:28:00,500,4088.67,99.7,273.37
10503,2026/10/01 10:28:01,0,4089.87,101.3,273.07
10504,2026/10/01 10:28:01,500,4089.54,99.41,272.96
10505,2026/10/01 10:28:02,0,4089.73,96.57,273.64
10506,2026/10/01 10:28:02,500,4089.23,99.66,274.08
10507,2026/10/01 10:28:03,0,4088.5,100.3,273.57
10508,2026/10/01 10:28:03,500,4088.42,100.23,273.63
10509,2026/10/01 10:28:04,0,4089.49,100.25,273.54
10510,2026/10/01 10:28:04,500,4090.47,99.24,273.98
10511,2026/10/01 10:28:05,0,4089.69,99.51,273.62
10512,2026/10/01 10:28:05,500,4090.73,98.31,273.42
10513,2026/10/01 10:28:06,0,4089.82,97.01,274.4
10514,2026/10/01 10:28:06,500,4090.13,99.84,273.5
10515,2026/10/01 10:28:07,0,4091.95,98.88,273.3
10516,2026/10/01 10:28:07,500,4091.62,101.62,274.31
10517,2026/10/01 10:28:08,0,4090.94,96.73,273.11
10518,2026/10/01 10:28:08,500,4090.7,100.44,274.57
10519,2026/10/01 10:28:09,0,4092.31,103.18,273.45
10520,2026/10/01 10:28:09,500,4092.43,99.73,274.0
10521,2026/10/01 10:28:10,0,4092.42,100.0,273.47
10522,2026/10/01 10:28:10,500,4091.95,100.64,273.98
10523,2026/10/01 10:28:11,0,4091.39,100.76,273.72
10524,2026/10/01 10:28:11,500,4092.44,99.39,273.49
10525,2026/10/01 10:28:12,0,4093.75,98.49,273.19
10526,2026/10/01 10:28:12,500,4092.08,100.98,273.72
10527,2026/10/01 10:28:13,0,4093.02,97.14,274.24
10528,2026/10/01 10:28:13,500,4094.47,101.25,274.34
10529,2026/10/01 10:28:14,0,4093.1,99.41,273.65
10530,2026/10/01 10:28:14,500,4093.42,100.0,273.66
10531,2026/10/01 10:28:15,0,4092.62,99.21,273.93
10532,2026/10/01 10:28:15,500,4094.37,102.15,274.03
10533,2026/10/01 10:28:16,0,4093.46,100.37,274.03
10534,2026/10/01 10:28:16,500,4092.98,99.52,273.82
10535,2026/10/01 10:28:17,0,4093.64,99.48,273.86
10536,2026/10/01 10:28:17,500,4094.75,99.78,273.9
10537,2026/10/01 10:28:18,0,4093.49,103.6,272.84
10538,2026/10/01 10:28:18,500,4093.82,98.02,273.85
10539,2026/10/01 10:28:19,0,4095.55,101.62,274.45
10540,2026/10/01 10:28:19,500,4095.22,100.85,274.76
10541,2026/10/01 10:28:20,0,4094.72,102.31,274.66
10542,2026/10/01 10:28:20,500,4095.37,100.94,274.12
10543,2026/10/01 10:28:21,0,4097.19,100.01,273.48
10544,2026/10/01 10:28:21,500,4097.0,101.53,273.81
10545,2026/10/01 10:28:22,0,4096.06,100.34,273.71
10546,2026/10/01 10:28:22,500,4096.97,101.13,273.39
10547,2026/10/01 10:28:23,0,4096.59,102.14,273.63
10548,2026/10/01 10:28:23,500,4095.25,100.14,273.74
10549,2026/10/01 10:28:24,0,4095.28,99.36,273.41
10550,2026/10/01 10:28:24,500,4096.28,99.03,274.58
10551,2026/10/01 10:28:25,0,4095.92,100.68,274.42
10552,2026/10/01 10:28:25,500,4097.57,98.68,274.1
10553,2026/10/01 10:28:26,0,4097.08,99.48,274.32
10554,2026/10/01 10:28:26,500,4098.04,98.55,274.29
10555,2026/10/01 10:28:27,0,4098.22,100.76,273.77
10556,2026/10/01 10:28:27,500,4098.59,98.87,275.04
10557,2026/10/01 10:28:28,0,4097.46,98.07,273.76
10558,2026/10/01 10:28:28,500,4098.79,98.33,273.32
10559,2026/10/01 10:28:29,0,4097.78,99.14,274.24
10560,2026/10/01 10:28:29,500,4099.28,99.28,274.44
10561,2026/10/01 10:28:30,0,4099.86,100.38,274.02
10562,2026/10/01 10:28:30,500,4099.63,99.76,274.79
10563,2026/10/01 10:28:31,0,4099.08,100.56,274.27
10564,2026/10/01 10:28:31,500,4099.84,100.68,273.77
10565,2026/10/01 10:28:32,0,4098.33,101.11,273.89
10566,2026/10/01 10:28:32,500,4098.31,97.14,274.27
10567,2026/10/01 10:28:33,0,4100.26,98.31,274.24
10568,2026/10/01 10:28:33,500,4101.1,100.83,274.81
10569,2026/10/01 10:28:34,0,4099.24,100.32,274.62
10570,2026/10/01 10:28:34,500,4100.4,101.47,273.43
10571,2026/10/01 10:28:35,0,4100.9,97.68,274.13
10572,2026/10/01 10:28:35,500,4100.23,99.29,273.6
10573,2026/10/01 10:28:36,0,4100.61,99.56,274.95
10574,2026/10/01 10:28:36,500,4101.54,100.25,273.74
10575,2026/10/01 10:28:37,0,4101.3,100.05,274.34
10576,2026/10/01 10:28:37,500,4101.47,100.7,273.89
10577,2026/10/01 10:28:38,0,4100.76,99.83,273.26
10578,2026/10/01 10:28:38,500,4101.68,102.06,273.62
10579,2026/10/01 10:28:39,0,4101.55,102.54,274.13
10580,2026/10/01 10:28:39,500,4101.76,98.32,274.54
10581,2026/10/01 10:28:40,0,4101.76,100.07,274.53
10582,2026/10/01 10:28:40,500,4102.34,101.2,273.6
10583,2026/10/01 10:28:41,0,4101.83,100.88,274.43
10584,2026/10/01 10:28:41,500,4102.69,99.39,274.75
10585,2026/10/01 10:28:42,0,4102.55,100.38,274.54
10586,2026/10/01 10:28:42,500,4102.26,97.62,274.11
10587,2026/10/01 10:28:43,0,4101.61,99.97,274.32
10588,2026/10/01 10:28:43,500,4104.09,97.81,274.37
10589,2026/10/01 10:28:44,0,4104.09,100.76,275.0
10590,2026/10/01 10:28:44,500,4103.01,98.33,275.16
10591,2026/10/01 10:28:45,0,4104.36,100.24,274.63
10592,2026/10/01 10:28:45,500,4103.15,100.48,274.34
10593,2026/10/01 10:28:46,0,4103.89,100.11,274.31
10594,2026/10/01 10:28:46,500,4103.87,99.05,274.36
10595,2026/10/01 10:28:47,0,4104.23,99.68,274.43
10596,2026/10/01 10:28:47,500,4105.13,101.77,274.08
10597,2026/10/01 10:28:48,0,4104.45,99.36,275.32
10598,2026/10/01 10:28:48,500,4104.66,100.03,273.95
10599,2026/10/01 10:28:49,0,4105.68,99.16,275.0
10600,2026/10/01 10:28:49,500,4105.29,101.53,273.25
10601,2026/10/01 10:28:50,0,4104.93,100.12,274.22
10602,2026/10/01 10:28:50,500,4105.75,98.85,274.19
10603,2026/10/01 10:28:51,0,4106.51,100.01,274.48
10604,2026/10/01 10:28:51,500,4106.72,99.64,274.19
10605,2026/10/01 10:28:52,0,4104.97,102.09,275.07
10606,2026/10/01 10:28:52,500,4105.17,99.93,274.26
10607,2026/10/01 10:28:53,0,4107.14,97.93,273.87
10608,2026/10/01 10:28:53,500,4106.27,100.75,273.91
10609,2026/10/01 10:28:54,0,4104.9,102.68,274.16
10610,2026/10/01 10:28:54,500,4106.23,101.8,274.76
10611,2026/10/01 10:28:55,0,4106.62,98.35,274.86
10612,2026/10/01 10:28:55,500,4106.87,99.6,273.81
10613,2026/10/01 10:28:56,0,4107.89,99.95,274.01
10614,2026/10/01 10:28:56,500,4106.69,99.97,273.89
10615,2026/10/01 10:28:57,0,4108.33,100.57,274.28
10616,2026/10/01 10:28:57,500,4107.97,99.48,274.91
10617,2026/10/01 10:28:58,0,4106.86,98.63,274.52
10618,2026/10/01 10:28:58,500,4107.79,101.43,274.71
10619,2026/10/01 10:28:59,0,4108.59,98.31,274.82
10620,2026/10/01 10:28:59,500,4108.38,98.8,274.15
10621,2026/10/01 10:29:00,0,4108.81,98.31,273.81
10622,2026/10/01 10:29:00,500,4108.19,100.92,274.16
10623,2026/10/01 10:29:01,0,4109.25,100.16,274.87
10624,2026/10/01 10:29:01,500,4108.64,101.33,274.77
10625,2026/10/01 10:29:02,0,4111.15,98.82,274.51
10626,2026/10/01 10:29:02,500,4108.21,98.12,274.95
10627,2026/10/01 10:29:03,0,4111.57,99.33,274.55
10628,2026/10/01 10:29:03,500,4108.8,99.73,274.32
10629,2026/10/01 10:29:04,0,4110.73,100.31,273.7
10630,2026/10/01 10:29:04,500,4110.53,97.48,275.13
10631,2026/10/01 10:29:05,0,4109.29,100.72,274.45
10632,2026/10/01 10:29:05,500,4110.65,98.66,274.28
10633,2026/10/01 10:29:06,0,4109.92,99.03,274.46
10634,2026/10/01 10:29:06,500,4110.69,101.76,275.26
10635,2026/10/01 10:29:07,0,4110.73,96.73,275.01
10636,2026/10/01 10:29:07,500,4110.48,100.48,274.34
10637,2026/10/01 10:29:08,0,4110.57,100.48,274.76
10638,2026/10/01 10:29:08,500,4111.33,98.77,275.14
10639,2026/10/01 10:29:09,0,4110.49,99.33,274.71
10640,2026/10/01 10:29:09,500,4110.66,101.83,274.6
10641,2026/10/01 10:29:10,0,4112.27,102.94,273.5
10642,2026/10/01 10:29:10,500,4111.99,101.6,275.17
10643,2026/10/01 10:29:11,0,4110.75,102.83,274.04
10644,2026/10/01 10:29:11,500,4111.14,98.96,273.62
10645,2026/10/01 10:29:12,0,4110.38,97.63,273.66
10646,2026/10/01 10:29:12,500,4112.97,99.92,274.14
10647,2026/10/01 10:29:13,0,4112.94,101.21,274.81
10648,2026/10/01 10:29:13,500,4111.66,97.22,275.16
10649,2026/10/01 10:29:14,0,4113.2,98.61,274.75
10650,2026/10/01 10:29:14,500,4114.41,98.78,275.45
10651,2026/10/01 10:29:15,0,4111.74,100.53,274.39
10652,2026/10/01 10:29:15,500,4112.62,100.34,274.48
10653,2026/10/01 10:29:16,0,4112.01,98.84,273.66
10654,2026/10/01 10:29:16,500,4114.16,100.27,274.31
10655,2026/10/01 10:29:17,0,4113.47,98.28,273.59
10656,2026/10/01 10:29:17,500,4113.37,99.36,273.94
10657,2026/10/01 10:29:18,0,4114.01,98.1,274.93
10658,2026/10/01 10:29:18,500,4113.53,99.77,273.78
10659,2026/10/01 10:29:19,0,4113.8,98.8,273.83
10660,2026/10/01 10:29:19,500,4114.48,101.04,273.75
10661,2026/10/01 10:29:20,0,4113.92,99.96,275.02
10662,2026/10/01 10:29:20,500,4114.17,99.66,275.46
10663,2026/10/01 10:29:21,0,4114.56,102.65,274.61
10664,2026/10/01 10:29:21,500,4114.91,100.57,275.12
10665,2026/10/01 10:29:22,0,4115.46,99.45,274.07
10666,2026/10/01 10:29:22,500,4115.58,99.12,275.27
10667,2026/10/01 10:29:23,0,4114.06,98.23,274.3
10668,2026/10/01 10:29:23,500,4116.52,99.9,275.0
10669,2026/10/01 10:29:24,0,4115.59,100.46,274.66
10670,2026/10/01 10:29:24,500,4115.41,97.13,273.71
10671,2026/10/01 10:29:25,0,4115.1,97.95,274.24
10672,2026/10/01 10:29:25,500,4117.55,99.23,274.77
10673,2026/10/01 10:29:26,0,4117.99,98.35,273.76
10674,2026/10/01 10:29:26,500,4117.73,100.06,274.84
10675,2026/10/01 10:29:27,0,4116.48,100.27,273.99
10676,2026/10/01 10:29:27,500,4116.79,99.82,274.97
10677,2026/10/01 10:29:28,0,4117.85,100.83,274.02
10678,2026/10/01 10:29:28,500,4116.6,99.12,274.93
10679,2026/10/01 10:29:29,0,4117.37,99.93,275.12
10680,2026/10/01 10:29:29,500,4117.25,98.5,274.63
10681,2026/10/01 10:29:30,0,4118.75,100.43,274.68
10682,2026/10/01 10:29:30,500,4118.5,100.11,275.47
10683,2026/10/01 10:29:31,0,4117.38,98.2,274.34
10684,2026/10/01 10:29:31,500,4118.84,99.77,274.47
10685,2026/10/01 10:29:32,0,4117.76,99.94,275.06
10686,2026/10/01 10:29:32,500,4117.46,100.42,274.96
10687,2026/10/01 10:29:33,0,4117.81,100.48,274.63
10688,2026/10/01 10:29:33,500,4118.29,98.92,274.15
10689,2026/10/01 10:29:34,0,4117.68,101.15,275.24
10690,2026/10/01 10:29:34,500,4118.03,100.78,274.14
10691,2026/10/01 10:29:35,0,4117.42,98.91,275.91
10692,2026/10/01 10:29:35,500,4118.06,98.29,274.17
10693,2026/10/01 10:29:36,0,4119.04,99.03,274.22
10694,2026/10/01 10:29:36,500,4119.82,97.79,274.95
10695,2026/10/01 10:29:37,0,4119.85,100.31,275.06
10696,2026/10/01 10:29:37,500,4119.6,101.78,274.3
10697,2026/10/01 10:29:38,0,4118.17,102.13,275.64
10698,2026/10/01 10:29:38,500,4118.84,98.37,274.96
10699,2026/10/01 10:29:39,0,4119.5,101.18,274.68
10700,2026/10/01 10:29:39,500,4120.56,100.13,275.0
10701,2026/10/01 10:29:40,0,4119.48,96.41,275.42
10702,2026/10/01 10:29:40,500,4119.08,99.5,275.62
10703,2026/10/01 10:29:41,0,4121.35,99.33,274.91
10704,2026/10/01 10:29:41,500,4119.74,101.82,274.19
10705,2026/10/01 10:29:42,0,4119.56,998.67,274.2
10706,2026/10/01 10:29:42,500,4120.77,993.66,274.12
10707,2026/10/01 10:29:43,0,4120.68,995.01,274.51
10708,2026/10/01 10:29:43,500,4120.45,97.83,274.86
10709,2026/10/01 10:29:44,0,4120.99,99.17,274.95
10710,2026/10/01 10:29:44,500,4120.38,102.3,275.41
10711,2026/10/01 10:29:45,0,4120.84,99.74,273.82
10712,2026/10/01 10:29:45,500,4121.35,101.36,274.85
10713,2026/10/01 10:29:46,0,4119.88,101.28,275.09
10714,2026/10/01 10:29:46,500,4122.41,99.33,273.46
10715,2026/10/01 10:29:47,0,4120.67,98.07,275.1
10716,2026/10/01 10:29:47,500,4121.15,98.27,276.24
10717,2026/10/01 10:29:48,0,4122.83,102.18,275.27
10718,2026/10/01 10:29:48,500,4122.62,100.23,275.04
10719,2026/10/01 10:29:49,0,4122.36,97.4,274.75
10720,2026/10/01 10:29:49,500,4121.05,101.25,275.01
10721,2026/10/01 10:29:50,0,4122.07,97.32,275.66
10722,2026/10/01 10:29:50,500,4122.51,98.76,274.73
10723,2026/10/01 10:29:51,0,4122.69,100.12,275.5
10724,2026/10/01 10:29:51,500,4123.85,103.78,275.14
10725,2026/10/01 10:29:52,0,4124.66,101.22,275.73
10726,2026/10/01 10:29:52,500,4123.69,99.28,275.46
10727,2026/10/01 10:29:53,0,4122.89,100.04,275.02
10728,2026/10/01 10:29:53,500,4124.42,101.38,274.99
10729,2026/10/01 10:29:54,0,4123.1,102.13,274.77
10730,2026/10/01 10:29:54,500,4121.6,99.63,275.42
10731,2026/10/01 10:29:55,0,4122.83,99.67,274.64
10732,2026/10/01 10:29:55,500,4122.06,98.75,275.0
10733,2026/10/01 10:29:56,0,4123.78,101.0,274.85
10734,2026/10/01 10:29:56,500,4124.07,101.54,274.28
10735,2026/10/01 10:29:57,0,4123.06,97.09,275.06
10736,2026/10/01 10:29:57,500,4123.78,99.4,274.2
10737,2026/10/01 10:29:58,0,4123.45,98.18,274.74
10738,2026/10/01 10:29:58,500,4124.61,100.23,275.3
10739,2026/10/01 10:29:59,0,4124.16,98.14,275.06
10740,2026/10/01 10:29:59,500,4125.77,98.02,275.05
10741,2026/10/01 10:30:00,0,4125.23,101.69,274.55
10742,2026/10/01 10:30:00,500,4126.5,99.75,275.51
10743,2026/10/01 10:30:01,0,4124.98,99.91,274.55
10744,2026/10/01 10:30:01,500,4127.18,100.65,275.35
10745,2026/10/01 10:30:02,0,4125.59,101.46,275.65
10746,2026/10/01 10:30:02,500,4125.29,99.37,274.24
10747,2026/10/01 10:30:03,0,4127.76,99.41,274.8
10748,2026/10/01 10:30:03,500,4124.5,99.41,274.76
10749,2026/10/01 10:30:04,0,4125.64,101.62,275.15
10750,2026/10/01 10:30:04,500,4124.87,99.9,274.55
10751,2026/10/01 10:30:05,0,4124.86,99.56,274.44
10752,2026/10/01 10:30:05,500,4124.8,100.59,275.0
10753,2026/10/01 10:30:06,0,4127.07,102.75,274.75
10754,2026/10/01 10:30:06,500,4125.63,100.11,274.96
10755,2026/10/01 10:30:07,0,4126.61,99.6,275.48
10756,2026/10/01 10:30:07,500,4127.65,102.91,274.23
10757,2026/10/01 10:30:08,0,4127.43,101.99,274.99
10758,2026/10/01 10:30:08,500,4127.51,101.78,274.75
10759,2026/10/01 10:30:09,0,4128.27,99.25,275.07
10760,2026/10/01 10:30:09,500,4128.71,99.1,274.77
10761,2026/10/01 10:30:10,0,4126.54,97.25,274.47
10762,2026/10/01 10:30:10,500,4128.05,101.45,275.26
10763,2026/10/01 10:30:11,0,4127.57,100.12,276.46
10764,2026/10/01 10:30:11,500,4127.79,97.3,275.02
10765,2026/10/01 10:30:12,0,4126.82,101.8,274.72
10766,2026/10/01 10:30:12,500,4127.72,99.49,274.72
10767,2026/10/01 10:30:13,0,4127.93,99.68,275.55
10768,2026/10/01 10:30:13,500,4129.53,97.73,274.65
10769,2026/10/01 10:30:14,0,4127.58,100.74,275.75
10770,2026/10/01 10:30:14,500,4126.72,100.75,274.28
10771,2026/10/01 10:30:15,0,4128.74,99.93,275.2
10772,2026/10/01 10:30:15,500,4127.86,99.37,275.44
10773,2026/10/01 10:30:16,0,4128.87,103.94,275.49
10774,2026/10/01 10:30:16,500,4129.63,98.19,275.46
10775,2026/10/01 10:30:17,0,4129.14,98.92,275.25
10776,2026/10/01 10:30:17,500,4128.99,101.06,275.7
10777,2026/10/01 10:30:18,0,4129.33,98.48,274.63
10778,2026/10/01 10:30:18,500,4130.25,98.37,274.81
10779,2026/10/01 10:30:19,0,4128.76,101.7,274.93
10780,2026/10/01 10:30:19,500,4130.39,100.91,275.88
10781,2026/10/01 10:30:20,0,4129.12,100.73,275.38
10782,2026/10/01 10:30:20,500,4130.52,100.27,275.49
10783,2026/10/01 10:30:21,0,4128.92,98.96,275.06
10784,2026/10/01 10:30:21,500,4130.7,99.62,275.56
10785,2026/10/01 10:30:22,0,4130.3,99.88,274.38
10786,2026/10/01 10:30:22,500,4130.58,101.27,274.96
10787,2026/10/01 10:30:23,0,4131.39,100.64,275.06
10788,2026/10/01 10:30:23,500,4130.08,98.61,274.94
10789,2026/10/01 10:30:24,0,4130.83,101.18,275.02
10790,2026/10/01 10:30:24,500,4131.21,97.48,275.45
10791,2026/10/01 10:30:25,0,4130.84,99.52,275.3
10792,2026/10/01 10:30:25,500,4131.77,98.29,275.79
10793,2026/10/01 10:30:26,0,4131.57,98.71,274.15
10794,2026/10/01 10:30:26,500,4130.96,102.89,275.94
10795,2026/10/01 10:30:27,0,4132.55,97.79,274.88
10796,2026/10/01 10:30:27,500,4132.1,98.77,275.86
10797,2026/10/01 10:30:28,0,4131.09,100.77,275.0
10798,2026/10/01 10:30:28,500,4131.2,99.29,275.4
10799,2026/10/01 10:30:29,0,4131.82,100.23,274.68
10800,2026/10/01 10:30:29,500,4132.46,102.14,274.61
10801,2026/10/01 10:30:30,0,4130.45,100.98,275.52
10802,2026/10/01 10:30:30,500,4131.69,99.3,273.9
10803,2026/10/01 10:30:31,0,4131.98,99.8,274.63
10804,2026/10/01 10:30:31,500,4131.41,100.8,275.62
10805,2026/10/01 10:30:32,0,4131.85,100.95,275.03
10806,2026/10/01 10:30:32,500,4132.89,100.03,274.8
10807,2026/10/01 10:30:33,0,4132.5,100.54,276.01
10808,2026/10/01 10:30:33,500,4132.68,100.54,276.19
10809,2026/10/01 10:30:34,0,4132.01,99.86,275.26
10810,2026/10/01 10:30:34,500,4133.06,99.09,275.9
10811,2026/10/01 10:30:35,0,4132.14,101.11,276.02
10812,2026/10/01 10:30:35,500,4134.62,100.44,275.26
10813,2026/10/01 10:30:36,0,4134.96,96.88,275.02
10814,2026/10/01 10:30:36,500,4133.29,98.76,275.32
10815,2026/10/01 10:30:37,0,4132.88,99.28,274.55
10816,2026/10/01 10:30:37,500,4134.58,99.7,275.57
10817,2026/10/01 10:30:38,0,4134.48,101.81,275.12
10818,2026/10/01 10:30:38,500,4135.61,104.8,275.32
10819,2026/10/01 10:30:39,0,4135.93,96.31,275.32
10820,2026/10/01 10:30:39,500,4132.71,100.46,274.88
10821,2026/10/01 10:30:40,0,4135.37,100.1,275.29
10822,2026/10/01 10:30:40,500,4134.37,99.73,274.63
10823,2026/10/01 10:30:41,0,4135.1,100.81,275.07
10824,2026/10/01 10:30:41,500,4135.39,100.22,274.76
10825,2026/10/01 10:30:42,0,4135.46,99.46,274.88
10826,2026/10/01 10:30:42,500,4135.78,100.04,274.19
10827,2026/10/01 10:30:43,0,4134.64,100.83,275.11
10828,2026/10/01 10:30:43,500,4134.44,100.69,275.57
10829,2026/10/01 10:30:44,0,4136.26,100.28,275.42
10830,2026/10/01 10:30:44,500,4134.72,99.12,275.88
10831,2026/10/01 10:30:45,0,4137.01,104.23,274.87
10832,2026/10/01 10:30:45,500,4135.02,100.54,275.11
10833,2026/10/01 10:30:46,0,4135.43,101.14,275.81
10834,2026/10/01 10:30:46,500,4135.69,99.24,275.31
10835,2026/10/01 10:30:47,0,4134.72,100.28,275.45
10836,2026/10/01 10:30:47,500,4134.83,100.27,276.42
10837,2026/10/01 10:30:48,0,4136.9,97.13,275.24
10838,2026/10/01 10:30:48,500,4134.9,98.93,275.13
10839,2026/10/01 10:30:49,0,4138.39,98.9,274.88
10840,2026/10/01 10:30:49,500,4136.41,99.1,275.23
10841,2026/10/01 10:30:50,0,4135.77,98.4,275.89
10842,2026/10/01 10:30:50,500,4137.03,100.07,275.67
10843,2026/10/01 10:30:51,0,4134.83,102.1,276.11
10844,2026/10/01 10:30:51,500,4136.64,100.2,275.57
10845,2026/10/01 10:30:52,0,4136.85,98.23,274.28
10846,2026/10/01 10:30:52,500,4136.1,98.45,275.71
10847,2026/10/01 10:30:53,0,4136.72,99.43,275.46
10848,2026/10/01 10:30:53,500,4138.55,97.88,275.41
10849,2026/10/01 10:30:54,0,4137.58,100.46,276.02
10850,2026/10/01 10:30:54,500,4137.85,102.03,275.28
10851,2026/10/01 10:30:55,0,4137.01,99.14,275.71
10852,2026/10/01 10:30:55,500,4136.68,100.11,274.88
10853,2026/10/01 10:30:56,0,4137.65,99.36,274.67
10854,2026/10/01 10:30:56,500,4135.98,99.06,275.13
10855,2026/10/01 10:30:57,0,4137.17,100.28,275.28
10856,2026/10/01 10:30:57,500,4137.15,99.01,275.71
10857,2026/10/01 10:30:58,0,4136.63,98.79,274.89
10858,2026/10/01 10:30:58,500,4138.88,97.57,276.2
10859,2026/10/01 10:30:59,0,4138.36,100.1,274.97
10860,2026/10/01 10:30:59,500,4138.07,101.6,275.41
10861,2026/10/01 10:31:00,0,4139.21,101.06,275.46
10862,2026/10/01 10:31:00,500,4137.46,102.24,275.61
10863,2026/10/01 10:31:01,0,4137.8,98.99,275.69
10864,2026/10/01 10:31:01,500,4139.87,101.28,276.6
10865,2026/10/01 10:31:02,0,4140.9,98.35,275.17
10866,2026/10/01 10:31:02,500,4139.72,101.06,275.63
10867,2026/10/01 10:31:03,0,4139.66,102.47,275.44
10868,2026/10/01 10:31:03,500,4138.91,100.75,275.98
10869,2026/10/01 10:31:04,0,4139.03,102.49,275.71
10870,2026/10/01 10:31:04,500,4139.76,99.1,275.6
10871,2026/10/01 10:31:05,0,4140.78,99.8,274.75
10872,2026/10/01 10:31:05,500,4140.12,98.63,275.27
10873,2026/10/01 10:31:06,0,4140.65,100.05,275.01
10874,2026/10/01 10:31:06,500,4139.25,100.4,275.28
10875,2026/10/01 10:31:07,0,4140.58,100.04,275.1
10876,2026/10/01 10:31:07,500,4139.65,99.29,275.25
10877,2026/10/01 10:31:08,0,4140.39,99.26,275.31
10878,2026/10/01 10:31:08,500,4140.87,100.52,275.32
10879,2026/10/01 10:31:09,0,4140.06,99.76,275.38
10880,2026/10/01 10:31:09,500,4139.77,98.27,275.06
10881,2026/10/01 10:31:10,0,4140.97,97.15,275.55
10882,2026/10/01 10:31:10,500,4140.67,99.11,275.09
10883,2026/10/01 10:31:11,0,4140.99,97.93,275.24
10884,2026/10/01 10:31:11,500,4141.5,98.75,275.52
10885,2026/10/01 10:31:12,0,4142.12,99.37,274.26
10886,2026/10/01 10:31:12,500,4141.7,99.78,276.8
10887,2026/10/01 10:31:13,0,4141.7,99.0,275.82
10888,2026/10/01 10:31:13,500,4140.97,103.29,275.72
10889,2026/10/01 10:31:14,0,4141.19,98.11,275.3
10890,2026/10/01 10:31:14,500,4141.93,101.81,275.61
10891,2026/10/01 10:31:15,0,4141.37,99.76,274.96
10892,2026/10/01 10:31:15,500,4142.12,99.01,275.82
10893,2026/10/01 10:31:16,0,4141.2,100.88,274.74
10894,2026/10/01 10:31:16,500,4143.49,99.32,274.95
10895,2026/10/01 10:31:17,0,4142.2,98.79,275.23
10896,2026/10/01 10:31:17,500,4142.25,102.68,276.34
10897,2026/10/01 10:31:18,0,4141.85,96.71,275.04
10898,2026/10/01 10:31:18,500,4143.87,99.63,275.76
10899,2026/10/01 10:31:19,0,4141.43,100.29,274.57
10900,2026/10/01 10:31:19,500,4141.97,102.11,275.62
10901,2026/10/01 10:31:20,0,4143.31,99.4,276.47
10902,2026/10/01 10:31:20,500,4142.91,103.99,275.86
10903,2026/10/01 10:31:21,0,4142.35,101.14,274.58
10904,2026/10/01 10:31:21,500,4142.47,96.45,275.64
10905,2026/10/01 10:31:22,0,4142.77,97.82,275.39
10906,2026/10/01 10:31:22,500,4143.18,100.36,276.24
10907,2026/10/01 10:31:23,0,4144.44,98.28,275.58
10908,2026/10/01 10:31:23,500,4143.77,100.82,274.91
10909,2026/10/01 10:31:24,0,4144.2,99.32,275.57
10910,2026/10/01 10:31:24,500,4143.13,98.21,275.29
10911,2026/10/01 10:31:25,0,4143.98,98.55,274.56
10912,2026/10/01 10:31:25,500,4142.42,101.28,275.56
10913,2026/10/01 10:31:26,0,4143.91,96.97,275.65
10914,2026/10/01 10:31:26,500,4143.95,101.57,275.84
10915,2026/10/01 10:31:27,0,4145.4,101.61,276.17
10916,2026/10/01 10:31:27,500,4145.29,99.5,275.52
10917,2026/10/01 10:31:28,0,4143.93,97.89,274.91
10918,2026/10/01 10:31:28,500,4143.57,100.83,275.25
10919,2026/10/01 10:31:29,0,4143.69,99.27,275.66
10920,2026/10/01 10:31:29,500,4144.18,97.73,276.28
10921,2026/10/01 10:31:30,0,4145.55,102.86,275.68
10922,2026/10/01 10:31:30,500,4144.93,98.67,275.62
10923,2026/10/01 10:31:31,0,4145.1,97.79,275.57
10924,2026/10/01 10:31:31,500,4145.43,100.43,275.69
10925,2026/10/01 10:31:32,0,4144.08,99.9,276.65
10926,2026/10/01 10:31:32,500,4144.4,102.23,275.65
10927,2026/10/01 10:31:33,0,4145.47,99.43,275.57
10928,2026/10/01 10:31:33,500,4144.53,99.45,275.72
10929,2026/10/01 10:31:34,0,4144.02,100.5,275.37
10930,2026/10/01 10:31:34,500,4144.47,100.3,274.93
10931,2026/10/01 10:31:35,0,4146.27,100.35,274.84
10932,2026/10/01 10:31:35,500,4145.21,100.41,275.36
10933,2026/10/01 10:31:36,0,4145.78,100.25,276.31
10934,2026/10/01 10:31:36,500,4144.87,99.38,276.31
10935,2026/10/01 10:31:37,0,4146.09,101.25,275.17
10936,2026/10/01 10:31:37,500,4145.66,99.46,275.65
10937,2026/10/01 10:31:38,0,4146.32,101.21,275.8
10938,2026/10/01 10:31:38,500,4145.67,102.08,275.38
10939,2026/10/01 10:31:39,0,4146.55,98.98,276.4
10940,2026/10/01 10:31:39,500,4145.81,103.61,276.13
10941,2026/10/01 10:31:40,0,4146.26,98.93,275.93
10942,2026/10/01 10:31:40,500,4146.2,98.94,275.79
10943,2026/10/01 10:31:41,0,4146.52,100.81,274.98
10944,2026/10/01 10:31:41,500,4146.82,100.66,276.44
10945,2026/10/01 10:31:42,0,4146.29,100.11,276.05
10946,2026/10/01 10:31:42,500,4146.67,101.23,275.97
10947,2026/10/01 10:31:43,0,4147.01,100.38,275.4
10948,2026/10/01 10:31:43,500,4147.35,103.1,275.45
10949,2026/10/01 10:31:44,0,4146.97,99.92,276.03
10950,2026/10/01 10:31:44,500,4146.41,98.72,276.33
10951,2026/10/01 10:31:45,0,4147.28,99.17,276.65
10952,2026/10/01 10:31:45,500,4147.84,100.71,275.42
10953,2026/10/01 10:31:46,0,4146.32,100.73,275.71
10954,2026/10/01 10:31:46,500,4146.42,100.31,274.75
10955,2026/10/01 10:31:47,0,4147.03,98.73,274.57
10956,2026/10/01 10:31:47,500,4147.5,101.66,276.07
10957,2026/10/01 10:31:48,0,4145.98,102.91,275.38
10958,2026/10/01 10:31:48,500,4148.28,100.04,274.82
10959,2026/10/01 10:31:49,0,4147.76,102.72,275.23
10960,2026/10/01 10:31:49,500,4146.12,101.3,275.99
10961,2026/10/01 10:31:50,0,4147.19,103.33,276.01
10962,2026/10/01 10:31:50,500,4147.93,100.71,275.01
10963,2026/10/01 10:31:51,0,4146.84,100.2,276.45
10964,2026/10/01 10:31:51,500,4149.12,101.26,275.48
10965,2026/10/01 10:31:52,0,4148.58,99.35,275.97
10966,2026/10/01 10:31:52,500,4149.06,100.61,275.86
10967,2026/10/01 10:31:53,0,4147.78,102.0,275.84
10968,2026/10/01 10:31:53,500,4149.02,101.23,275.38
10969,2026/10/01 10:31:54,0,4148.24,99.95,275.84
10970,2026/10/01 10:31:54,500,4148.7,100.3,275.99
10971,2026/10/01 10:31:55,0,4149.22,101.14,275.76
10972,2026/10/01 10:31:55,500,4148.97,101.09,275.91
10973,2026/10/01 10:31:56,0,4149.76,101.13,276.41
10974,2026/10/01 10:31:56,500,4149.31,100.51,275.63
10975,2026/10/01 10:31:57,0,4148.91,98.76,276.2
10976,2026/10/01 10:31:57,500,4150.04,99.0,275.77
10977,2026/10/01 10:31:58,0,4150.29,100.69,276.59
10978,2026/10/01 10:31:58,500,4149.6,101.25,275.18
10979,2026/10/01 10:31:59,0,4150.69,101.05,276.53
10980,2026/10/01 10:31:59,500,4149.51,98.99,275.62
10981,2026/10/01 10:32:00,0,4149.68,99.77,276.95
10982,2026/10/01 10:32:00,500,4149.87,98.24,276.11
10983,2026/10/01 10:32:01,0,4149.85,97.91,276.32
10984,2026/10/01 10:32:01,500,4149.79,100.12,275.82
10985,2026/10/01 10:32:02,0,4149.55,102.04,276.24
10986,2026/10/01 10:32:02,500,4149.41,100.15,276.25
10987,2026/10/01 10:32:03,0,4150.37,102.86,275.84
10988,2026/10/01 10:32:03,500,4151.33,99.75,276.3
10989,2026/10/01 10:32:04,0,4151.1,100.05,274.24
10990,2026/10/01 10:32:04,500,4150.84,98.51,275.6
10991,2026/10/01 10:32:05,0,4151.62,99.48,275.93
10992,2026/10/01 10:32:05,500,4150.71,98.22,276.18
10993,2026/10/01 10:32:06,0,4149.99,97.68,276.42
10994,2026/10/01 10:32:06,500,4150.58,98.24,275.81
10995,2026/10/01 10:32:07,0,4150.9,100.13,275.74
10996,2026/10/01 10:32:07,500,4150.62,98.89,276.38
10997,2026/10/01 10:32:08,0,4151.6,99.25,276.52
10998,2026/10/01 10:32:08,500,4151.94,100.61,276.32
10999,2026/10/01 10:32:09,0,4149.88,97.68,275.87
11000,2026/10/01 10:32:09,500,4151.23,100.12,277.23
11001,2026/10/01 10:32:10,0,4149.11,101.27,276.0
11002,2026/10/01 10:32:10,500,4151.44,101.4,276.07
11003,2026/10/01 10:32:11,0,4151.51,100.77,276.78
11004,2026/10/01 10:32:11,500,4153.1,99.92,276.73
11005,2026/10/01 10:32:12,0,4152.94,99.06,276.32
11006,2026/10/01 10:32:12,500,4152.58,99.88,275.52
11007,2026/10/01 10:32:13,0,4151.15,102.48,276.03
11008,2026/10/01 10:32:13,500,4151.18,100.41,276.24
11009,2026/10/01 10:32:14,0,4151.2,99.84,276.96
11010,2026/10/01 10:32:14,500,4153.38,100.85,277.46
11011,2026/10/01 10:32:15,0,4151.51,100.07,275.69
11012,2026/10/01 10:32:15,500,4152.01,100.34,276.42
11013,2026/10/01 10:32:16,0,4151.67,99.63,275.59
11014,2026/10/01 10:32:16,500,4151.47,99.38,275.94
11015,2026/10/01 10:32:17,0,4152.82,101.49,275.57
11016,2026/10/01 10:32:17,500,4152.75,97.07,276.84
11017,2026/10/01 10:32:18,0,4150.93,100.72,276.13
11018,2026/10/01 10:32:18,500,4151.75,99.28,276.16
11019,2026/10/01 10:32:19,0,4153.07,97.14,276.04
11020,2026/10/01 10:32:19,500,4152.89,98.54,276.21
11021,2026/10/01 10:32:20,0,4152.7,99.95,276.23
11022,2026/10/01 10:32:20,500,4153.59,100.15,275.69
11023,2026/10/01 10:32:21,0,4152.03,101.11,275.19
11024,2026/10/01 10:32:21,500,4152.78,101.21,275.37
11025,2026/10/01 10:32:22,0,4153.75,97.68,275.23
11026,2026/10/01 10:32:22,500,4152.89,100.57,276.14
11027,2026/10/01 10:32:23,0,4153.74,101.09,275.64
11028,2026/10/01 10:32:23,500,4152.65,100.33,276.54
11029,2026/10/01 10:32:24,0,4152.99,100.75,276.17
11030,2026/10/01 10:32:24,500,4152.3,97.1,275.14
11031,2026/10/01 10:32:25,0,4152.16,98.51,275.85
11032,2026/10/01 10:32:25,500,4153.5,102.05,275.0
11033,2026/10/01 10:32:26,0,4154.31,99.58,275.49
11034,2026/10/01 10:32:26,500,4153.94,103.33,275.82
11035,2026/10/01 10:32:27,0,4155.04,98.08,275.6
11036,2026/10/01 10:32:27,500,4153.87,102.35,277.02
11037,2026/10/01 10:32:28,0,4152.56,99.08,276.45
11038,2026/10/01 10:32:28,500,4154.61,101.29,275.92
11039,2026/10/01 10:32:29,0,4153.55,99.56,276.8
11040,2026/10/01 10:32:29,500,4154.59,100.17,275.6
11041,2026/10/01 10:32:30,0,4152.74,100.89,275.92
11042,2026/10/01 10:32:30,500,4154.42,99.08,276.52
11043,2026/10/01 10:32:31,0,4155.28,101.2,275.54
11044,2026/10/01 10:32:31,500,4155.26,99.6,276.44
11045,2026/10/01 10:32:32,0,4154.67,100.27,276.25
11046,2026/10/01 10:32:32,500,4154.9,96.03,276.4
11047,2026/10/01 10:32:33,0,4154.62,99.49,277.01
11048,2026/10/01 10:32:33,500,4154.85,101.9,276.34
11049,2026/10/01 10:32:34,0,4155.67,101.04,276.18
11050,2026/10/01 10:32:34,500,4154.64,101.33,275.37
11051,2026/10/01 10:32:35,0,4154.79,100.08,276.23
11052,2026/10/01 10:32:35,500,4154.13,102.51,275.89
11053,2026/10/01 10:32:36,0,4155.98,100.43,276.07
11054,2026/10/01 10:32:36,500,4155.28,99.01,275.9
11055,2026/10/01 10:32:37,0,4154.6,101.28,276.38
11056,2026/10/01 10:32:37,500,4156.34,101.38,275.64
11057,2026/10/01 10:32:38,0,4155.68,100.94,276.25
11058,2026/10/01 10:32:38,500,4155.2,99.4,275.62
11059,2026/10/01 10:32:39,0,4156.58,100.42,275.25
11060,2026/10/01 10:32:39,500,4155.66,102.09,275.98
11061,2026/10/01 10:32:40,0,4154.76,100.72,276.39
11062,2026/10/01 10:32:40,500,4156.85,97.78,275.77
11063,2026/10/01 10:32:41,0,4155.48,99.06,276.23
11064,2026/10/01 10:32:41,500,4158.65,98.99,275.98
11065,2026/10/01 10:32:42,0,4155.95,98.87,275.65
11066,2026/10/01 10:32:42,500,4154.76,96.83,276.45
11067,2026/10/01 10:32:43,0,4157.85,102.84,275.85
11068,2026/10/01 10:32:43,500,4156.48,98.69,276.36
11069,2026/10/01 10:32:44,0,4156.8,98.79,275.45
11070,2026/10/01 10:32:44,500,4156.97,97.09,276.25
11071,2026/10/01 10:32:45,0,4155.65,101.3,276.5
11072,2026/10/01 10:32:45,500,4155.08,99.86,276.37
11073,2026/10/01 10:32:46,0,4158.44,99.47,276.64
11074,2026/10/01 10:32:46,500,4155.7,99.55,276.52
11075,2026/10/01 10:32:47,0,4158.33,100.88,276.35
11076,2026/10/01 10:32:47,500,4157.52,99.28,276.63
11077,2026/10/01 10:32:48,0,4157.31,97.02,276.02
11078,2026/10/01 10:32:48,500,4156.86,98.06,276.47
11079,2026/10/01 10:32:49,0,4159.16,97.98,276.22
11080,2026/10/01 10:32:49,500,4156.83,100.41,277.14
11081,2026/10/01 10:32:50,0,4156.92,101.4,276.36
11082,2026/10/01 10:32:50,500,4158.06,102.2,275.58
11083,2026/10/01 10:32:51,0,4157.05,97.55,276.35
11084,2026/10/01 10:32:51,500,4156.85,100.93,275.75
11085,2026/10/01 10:32:52,0,4157.69,99.08,276.6
11086,2026/10/01 10:32:52,500,4158.36,104.39,276.61
11087,2026/10/01 10:32:53,0,4159.38,102.08,275.93
11088,2026/10/01 10:32:53,500,4159.61,102.55,275.72
11089,2026/10/01 10:32:54,0,4156.58,101.2,276.31
11090,2026/10/01 10:32:54,500,4158.92,100.57,275.79
11091,2026/10/01 10:32:55,0,4157.37,99.4,275.83
11092,2026/10/01 10:32:55,500,4157.48,99.1,276.0
11093,2026/10/01 10:32:56,0,4157.86,98.8,276.57
11094,2026/10/01 10:32:56,500,4157.88,100.93,275.52
11095,2026/10/01 10:32:57,0,4157.58,102.34,275.89
11096,2026/10/01 10:32:57,500,4156.64,99.46,277.46
11097,2026/10/01 10:32:58,0,4159.73,98.92,277.25
11098,2026/10/01 10:32:58,500,4159.36,97.77,276.88
11099,2026/10/01 10:32:59,0,4158.7,100.37,276.3
11100,2026/10/01 10:32:59,500,4158.0,101.84,276.65
11101,2026/10/01 10:33:00,0,4159.84,101.92,276.09
11102,2026/10/01 10:33:00,500,4158.87,102.07,274.93
11103,2026/10/01 10:33:01,0,4158.52,100.62,276.0
11104,2026/10/01 10:33:01,500,4157.74,100.14,276.05
11105,2026/10/01 10:33:02,0,4159.55,101.92,276.31
11106,2026/10/01 10:33:02,500,4158.92,98.33,276.54
11107,2026/10/01 10:33:03,0,4159.47,99.34,277.12
11108,2026/10/01 10:33:03,500,4159.46,102.57,276.32
11109,2026/10/01 10:33:04,0,4159.9,98.39,275.8
11110,2026/10/01 10:33:04,500,4159.63,99.95,276.21
11111,2026/10/01 10:33:05,0,4159.28,100.95,276.63
11112,2026/10/01 10:33:05,500,4160.04,100.12,276.26
11113,2026/10/01 10:33:06,0,4160.42,101.72,275.92
11114,2026/10/01 10:33:06,500,4160.97,102.29,276.58
11115,2026/10/01 10:33:07,0,4158.9,100.72,275.75
11116,2026/10/01 10:33:07,500,4160.75,102.09,275.89
11117,2026/10/01 10:33:08,0,4158.66,98.61,276.54
11118,2026/10/01 10:33:08,500,4160.81,99.76,275.94
11119,2026/10/01 10:33:09,0,4159.59,103.61,276.16
11120,2026/10/01 10:33:09,500,4160.8,102.91,276.35
11121,2026/10/01 10:33:10,0,4161.39,98.08,276.32
11122,2026/10/01 10:33:10,500,4160.45,99.98,275.86
11123,2026/10/01 10:33:11,0,4160.33,100.2,276.51
11124,2026/10/01 10:33:11,500,4160.36,100.62,275.89
11125,2026/10/01 10:33:12,0,4160.12,101.91,277.18
11126,2026/10/01 10:33:12,500,4161.47,102.76,276.16
11127,2026/10/01 10:33:13,0,4160.55,100.06,276.66
11128,2026/10/01 10:33:13,500,4158.96,101.68,276.73
11129,2026/10/01 10:33:14,0,4161.47,100.97,276.19
11130,2026/10/01 10:33:14,500,4161.49,99.97,275.89
11131,2026/10/01 10:33:15,0,4160.93,97.45,276.74
11132,2026/10/01 10:33:15,500,4160.33,101.53,275.66
11133,2026/10/01 10:33:16,0,4160.1,100.91,275.74
11134,2026/10/01 10:33:16,500,4160.46,100.58,276.69
11135,2026/10/01 10:33:17,0,4161.31,98.53,276.28
11136,2026/10/01 10:33:17,500,4159.74,102.94,276.03
11137,2026/10/01 10:33:18,0,4161.62,100.23,276.14
11138,2026/10/01 10:33:18,500,4161.4,98.29,276.0
11139,2026/10/01 10:33:19,0,4162.44,98.05,277.49
11140,2026/10/01 10:33:19,500,4162.04,101.02,276.91
11141,2026/10/01 10:33:20,0,4160.96,101.06,275.99
11142,2026/10/01 10:33:20,500,4160.25,99.31,276.25
11143,2026/10/01 10:33:21,0,4161.01,100.69,276.71
11144,2026/10/01 10:33:21,500,4162.84,101.0,275.92
11145,2026/10/01 10:33:22,0,4162.03,100.21,276.14
11146,2026/10/01 10:33:22,500,4162.34,98.95,276.27
11147,2026/10/01 10:33:23,0,4161.42,101.44,275.98
11148,2026/10/01 10:33:23,500,4162.37,101.26,276.97
11149,2026/10/01 10:33:24,0,4160.83,100.85,276.07
11150,2026/10/01 10:33:24,500,4162.86,98.75,276.37
11151,2026/10/01 10:33:25,0,4161.25,98.0,276.49
11152,2026/10/01 10:33:25,500,4160.66,100.11,277.23
11153,2026/10/01 10:33:26,0,4164.11,101.39,276.4
11154,2026/10/01 10:33:26,500,4162.47,101.56,277.51
11155,2026/10/01 10:33:27,0,4162.51,100.88,276.26
11156,2026/10/01 10:33:27,500,4160.99,99.32,276.34
11157,2026/10/01 10:33:28,0,4163.05,98.79,276.92
11158,2026/10/01 10:33:28,500,4163.32,99.97,277.41
11159,2026/10/01 10:33:29,0,4162.52,99.99,276.32
11160,2026/10/01 10:33:29,500,4163.45,101.66,277.08
11161,2026/10/01 10:33:30,0,4163.74,99.28,276.89
11162,2026/10/01 10:33:30,500,4163.28,99.41,276.08
11163,2026/10/01 10:33:31,0,4161.19,103.08,276.46
11164,2026/10/01 10:33:31,500,4162.06,102.33,276.45
11165,2026/10/01 10:33:32,0,4164.4,98.68,275.96
11166,2026/10/01 10:33:32,500,4163.18,102.2,276.56
11167,2026/10/01 10:33:33,0,4163.24,98.32,276.52
11168,2026/10/01 10:33:33,500,4162.57,99.35,276.67
11169,2026/10/01 10:33:34,0,4162.78,99.52,276.52
11170,2026/10/01 10:33:34,500,4164.31,99.88,276.16
11171,2026/10/01 10:33:35,0,4164.61,100.93,277.71
11172,2026/10/01 10:33:35,500,4164.11,100.16,276.6
11173,2026/10/01 10:33:36,0,4163.98,100.92,277.15
11174,2026/10/01 10:33:36,500,4164.1,99.4,276.72
11175,2026/10/01 10:33:37,0,4163.6,100.56,277.26
11176,2026/10/01 10:33:37,500,4162.76,100.12,276.12
11177,2026/10/01 10:33:38,0,4162.64,97.92,276.46
11178,2026/10/01 10:33:38,500,4164.89,100.72,276.29
11179,2026/10/01 10:33:39,0,4163.87,100.14,276.23
11180,2026/10/01 10:33:39,500,4164.34,98.93,276.65
11181,2026/10/01 10:33:40,0,4164.19,99.36,276.4
11182,2026/10/01 10:33:40,500,4164.29,99.4,275.81
11183,2026/10/01 10:33:41,0,4164.42,99.63,276.38
11184,2026/10/01 10:33:41,500,4164.76,102.64,276.34
11185,2026/10/01 10:33:42,0,4163.65,103.14,276.97
11186,2026/10/01 10:33:42,500,4165.26,95.91,275.81
11187,2026/10/01 10:33:43,0,4163.79,100.73,276.28
11188,2026/10/01 10:33:43,500,4164.63,101.43,276.17
11189,2026/10/01 10:33:44,0,4163.55,99.68,276.92
11190,2026/10/01 10:33:44,500,4164.42,101.39,276.27
11191,2026/10/01 10:33:45,0,4164.09,102.48,277.07
11192,2026/10/01 10:33:45,500,4164.69,97.94,276.53
11193,2026/10/01 10:33:46,0,4165.32,100.2,276.8
11194,2026/10/01 10:33:46,500,4164.85,102.94,277.11
11195,2026/10/01 10:33:47,0,4166.42,98.14,275.96
11196,2026/10/01 10:33:47,500,4165.55,99.83,276.44
11197,2026/10/01 10:33:48,0,4164.78,99.33,276.78
11198,2026/10/01 10:33:48,500,4164.96,101.58,276.67
11199,2026/10/01 10:33:49,0,4165.39,101.79,275.92
11200,2026/10/01 10:33:49,500,4165.71,100.24,276.92
11201,2026/10/01 10:33:50,0,4164.21,100.05,276.6
11202,2026/10/01 10:33:50,500,4165.77,97.42,276.65
11203,2026/10/01 10:33:51,0,4164.35,102.13,276.47
11204,2026/10/01 10:33:51,500,4165.81,99.47,275.0
11205,2026/10/01 10:33:52,0,4166.31,99.79,276.86
11206,2026/10/01 10:33:52,500,4165.73,101.46,276.89
11207,2026/10/01 10:33:53,0,4163.69,100.3,276.38
11208,2026/10/01 10:33:53,500,4164.18,101.51,275.86
11209,2026/10/01 10:33:54,0,4166.11,100.91,276.33
11210,2026/10/01 10:33:54,500,4163.75,100.31,277.1
11211,2026/10/01 10:33:55,0,4166.26,100.47,276.4
11212,2026/10/01 10:33:55,500,4166.62,998.71,276.62
11213,2026/10/01 10:33:56,0,4166.8,99.78,276.45
11214,2026/10/01 10:33:56,500,4165.75,101.63,276.77
11215,2026/10/01 10:33:57,0,4166.35,98.65,275.96
11216,2026/10/01 10:33:57,500,4166.23,98.93,276.52
11217,2026/10/01 10:33:58,0,4164.94,98.68,277.17
11218,2026/10/01 10:33:58,500,4166.77,100.23,276.17
11219,2026/10/01 10:33:59,0,4167.34,102.1,276.49
11220,2026/10/01 10:33:59,500,4166.84,100.82,277.16
11221,2026/10/01 10:34:00,0,4165.94,96.73,277.01
11222,2026/10/01 10:34:00,500,4166.99,100.97,276.86
11223,2026/10/01 10:34:01,0,4167.49,99.34,276.83
11224,2026/10/01 10:34:01,500,4167.44,100.76,276.83
11225,2026/10/01 10:34:02,0,4167.39,99.78,276.53
11226,2026/10/01 10:34:02,500,4165.35,98.71,277.2
11227,2026/10/01 10:34:03,0,4166.99,99.89,276.42
11228,2026/10/01 10:34:03,500,4167.25,99.34,276.16
11229,2026/10/01 10:34:04,0,4167.62,100.46,275.97
11230,2026/10/01 10:34:04,500,4167.25,98.67,276.35
11231,2026/10/01 10:34:05,0,4168.14,98.31,276.35
11232,2026/10/01 10:34:05,500,4165.49,101.1,276.31
11233,2026/10/01 10:34:06,0,4167.45,101.66,276.08
11234,2026/10/01 10:34:06,500,4167.45,100.87,276.86
11235,2026/10/01 10:34:07,0,4167.84,99.03,276.2
11236,2026/10/01 10:34:07,500,4168.41,98.89,276.95
11237,2026/10/01 10:34:08,0,4166.52,98.98,277.04
11238,2026/10/01 10:34:08,500,4168.49,101.34,277.97
11239,2026/10/01 10:34:09,0,4167.99,98.76,276.46
11240,2026/10/01 10:34:09,500,4167.24,101.33,276.61
11241,2026/10/01 10:34:10,0,4166.72,100.96,276.32
11242,2026/10/01 10:34:10,500,4167.66,101.86,276.11
11243,2026/10/01 10:34:11,0,4167.78,101.59,276.49
11244,2026/10/01 10:34:11,500,4167.88,100.81,276.31
11245,2026/10/01 10:34:12,0,4167.16,97.8,276.11
11246,2026/10/01 10:34:12,500,4168.2,100.92,276.82
11247,2026/10/01 10:34:13,0,4167.44,100.17,276.17
11248,2026/10/01 10:34:13,500,4168.79,99.44,276.99
11249,2026/10/01 10:34:14,0,4169.24,102.04,277.14
11250,2026/10/01 10:34:14,500,4167.28,99.77,276.28
11251,2026/10/01 10:34:15,0,4168.03,99.21,277.42
11252,2026/10/01 10:34:15,500,4168.81,101.69,276.92
11253,2026/10/01 10:34:16,0,4168.31,99.39,276.69
11254,2026/10/01 10:34:16,500,4167.06,99.13,275.84
11255,2026/10/01 10:34:17,0,4168.89,98.31,275.87
11256,2026/10/01 10:34:17,500,4167.76,98.77,277.52
11257,2026/10/01 10:34:18,0,4168.46,98.9,277.39
11258,2026/10/01 10:34:18,500,4167.56,100.93,277.54
11259,2026/10/01 10:34:19,0,4169.04,98.47,277.67
11260,2026/10/01 10:34:19,500,4168.12,97.21,277.43
11261,2026/10/01 10:34:20,0,4169.23,100.45,276.86
11262,2026/10/01 10:34:20,500,4168.39,99.05,277.03
11263,2026/10/01 10:34:21,0,4168.23,99.98,276.41
11264,2026/10/01 10:34:21,500,4169.0,101.92,276.87
11265,2026/10/01 10:34:22,0,4167.86,100.11,277.13
11266,2026/10/01 10:34:22,500,4170.21,102.26,277.14
11267,2026/10/01 10:34:23,0,4168.97,99.9,276.7
11268,2026/10/01 10:34:23,500,4168.42,101.51,275.75
11269,2026/10/01 10:34:24,0,4168.61,99.18,276.01
11270,2026/10/01 10:34:24,500,4168.99,100.16,277.01
11271,2026/10/01 10:34:25,0,4169.83,98.6,276.52
11272,2026/10/01 10:34:25,500,4168.37,98.78,277.11
11273,2026/10/01 10:34:26,0,4168.84,99.66,276.17
11274,2026/10/01 10:34:26,500,4169.15,98.01,277.46
11275,2026/10/01 10:34:27,0,4170.47,100.24,276.31
11276,2026/10/01 10:34:27,500,4170.09,99.55,277.52
11277,2026/10/01 10:34:28,0,4170.61,100.35,276.01
11278,2026/10/01 10:34:28,500,4169.42,98.03,277.09
11279,2026/10/01 10:34:29,0,4170.59,101.05,276.33
11280,2026/10/01 10:34:29,500,4170.51,102.55,276.79
11281,2026/10/01 10:34:30,0,4170.1,102.23,277.34
11282,2026/10/01 10:34:30,500,4170.22,102.86,277.25
11283,2026/10/01 10:34:31,0,4169.17,100.06,276.39
11284,2026/10/01 10:34:31,500,4171.16,99.47,276.5
11285,2026/10/01 10:34:32,0,4169.55,100.73,276.02
11286,2026/10/01 10:34:32,500,4170.24,99.64,275.92
11287,2026/10/01 10:34:33,0,4170.39,97.39,276.4
11288,2026/10/01 10:34:33,500,4168.8,101.23,276.39
11289,2026/10/01 10:34:34,0,4169.91,99.65,276.07
11290,2026/10/01 10:34:34,500,4170.16,97.8,276.72
11291,2026/10/01 10:34:35,0,4169.96,99.24,276.81
11292,2026/10/01 10:34:35,500,4170.07,99.68,276.82
11293,2026/10/01 10:34:36,0,4171.34,100.02,276.43
11294,2026/10/01 10:34:36,500,4169.53,100.04,276.54
11295,2026/10/01 10:34:37,0,4169.23,102.05,276.68
11296,2026/10/01 10:34:37,500,4169.83,98.07,277.25
11297,2026/10/01 10:34:38,0,4170.94,99.77,276.5
11298,2026/10/01 10:34:38,500,4171.07,98.68,276.0
11299,2026/10/01 10:34:39,0,4170.93,101.88,276.69
11300,2026/10/01 10:34:39,500,4171.22,99.16,276.63
11301,2026/10/01 10:34:40,0,4170.75,99.48,276.04
11302,2026/10/01 10:34:40,500,4170.18,101.57,276.65
11303,2026/10/01 10:34:41,0,4169.88,101.99,276.41
11304,2026/10/01 10:34:41,500,4169.68,102.21,276.82
11305,2026/10/01 10:34:42,0,4170.56,97.54,277.07
11306,2026/10/01 10:34:42,500,4171.42,100.72,276.6
11307,2026/10/01 10:34:43,0,4171.02,100.41,277.12
11308,2026/10/01 10:34:43,500,4170.9,99.92,276.72
11309,2026/10/01 10:34:44,0,4170.09,100.1,276.74
11310,2026/10/01 10:34:44,500,4173.04,101.93,276.72
11311,2026/10/01 10:34:45,0,4170.37,101.56,276.78
11312,2026/10/01 10:34:45,500,4171.17,101.35,276.19
11313,2026/10/01 10:34:46,0,4171.93,100.31,275.97
11314,2026/10/01 10:34:46,500,4171.21,103.41,277.44
11315,2026/10/01 10:34:47,0,4170.58,99.4,276.99
11316,2026/10/01 10:34:47,500,4171.92,97.58,276.62
11317,2026/10/01 10:34:48,0,4170.25,99.6,277.43
11318,2026/10/01 10:34:48,500,4172.76,100.09,278.33
11319,2026/10/01 10:34:49,0,4171.64,101.95,276.15
11320,2026/10/01 10:34:49,500,4171.26,99.23,276.88
11321,2026/10/01 10:34:50,0,4170.37,100.74,277.24
11322,2026/10/01 10:34:50,500,4170.63,97.78,276.09
11323,2026/10/01 10:34:51,0,4171.56,101.62,276.15
11324,2026/10/01 10:34:51,500,4173.16,100.1,277.39
11325,2026/10/01 10:34:52,0,4171.88,99.58,276.89
11326,2026/10/01 10:34:52,500,4172.02,103.2,276.57
11327,2026/10/01 10:34:53,0,4172.1,101.6,276.1
11328,2026/10/01 10:34:53,500,4173.73,98.44,277.09
11329,2026/10/01 10:34:54,0,4171.53,99.84,276.22
11330,2026/10/01 10:34:54,500,4173.18,104.1,276.42
11331,2026/10/01 10:34:55,0,4171.66,102.97,276.45
11332,2026/10/01 10:34:55,500,4171.46,101.38,276.76
11333,2026/10/01 10:34:56,0,4172.01,97.23,276.38
11334,2026/10/01 10:34:56,500,4172.05,102.0,276.46
11335,2026/10/01 10:34:57,0,4172.61,99.05,277.41
11336,2026/10/01 10:34:57,500,4170.35,101.99,277.03
11337,2026/10/01 10:34:58,0,4172.38,98.92,276.95
11338,2026/10/01 10:34:58,500,4171.82,100.73,277.17
11339,2026/10/01 10:34:59,0,4171.77,99.04,276.42
11340,2026/10/01 10:34:59,500,4171.36,99.46,277.13
11341,2026/10/01 10:35:00,0,4170.14,0.93,277.14
11342,2026/10/01 10:35:00,500,4168.06,-1.98,276.4
11343,2026/10/01 10:35:01,0,4166.19,3.56,277.18
11344,2026/10/01 10:35:01,500,4163.28,-1.54,276.98
11345,2026/10/01 10:35:02,0,4162.73,-1.62,276.97
11346,2026/10/01 10:35:02,500,4160.1,0.94,277.65
11347,2026/10/01 10:35:03,0,4157.51,1.94,276.86
11348,2026/10/01 10:35:03,500,4156.47,-0.49,276.31
11349,2026/10/01 10:35:04,0,4154.39,-1.61,276.82
11350,2026/10/01 10:35:04,500,4153.15,-1.38,276.74
11351,2026/10/01 10:35:05,0,4150.78,-1.55,276.15
11352,2026/10/01 10:35:05,500,4148.2,0.46,275.67
11353,2026/10/01 10:35:06,0,4146.78,-0.1,276.63
11354,2026/10/01 10:35:06,500,4144.25,0.64,277.11
11355,2026/10/01 10:35:07,0,4144.68,0.55,277.09
11356,2026/10/01 10:35:07,500,4142.97,1.24,276.74
11357,2026/10/01 10:35:08,0,4141.23,-0.61,277.36
11358,2026/10/01 10:35:08,500,4137.79,-1.11,276.64
11359,2026/10/01 10:35:09,0,4137.48,0.23,276.43
11360,2026/10/01 10:35:09,500,4134.95,-0.08,276.61
11361,2026/10/01 10:35:10,0,4132.16,0.38,276.12
11362,2026/10/01 10:35:10,500,4130.52,-1.07,275.83
11363,2026/10/01 10:35:11,0,4129.09,0.96,275.95
11364,2026/10/01 10:35:11,500,4127.52,-1.77,276.18
11365,2026/10/01 10:35:12,0,4125.95,-0.66,276.83
11366,2026/10/01 10:35:12,500,4123.89,1.69,275.65
11367,2026/10/01 10:35:13,0,4121.85,-1.7,275.87
11368,2026/10/01 10:35:13,500,4121.46,1.58,276.73
11369,2026/10/01 10:35:14,0,4118.54,-2.11,276.13
11370,2026/10/01 10:35:14,500,4116.75,-2.38,276.19
11371,2026/10/01 10:35:15,0,4114.98,-2.24,276.08
11372,2026/10/01 10:35:15,500,4113.34,0.18,277.21
11373,2026/10/01 10:35:16,0,4110.62,1.09,276.5
11374,2026/10/01 10:35:16,500,4109.2,1.94,276.33
11375,2026/10/01 10:35:17,0,4110.25,1.82,276.28
11376,2026/10/01 10:35:17,500,4105.27,1.29,276.36
11377,2026/10/01 10:35:18,0,4105.12,-1.25,277.06
11378,2026/10/01 10:35:18,500,4103.49,-1.26,275.93
11379,2026/10/01 10:35:19,0,4102.35,1.18,276.18
11380,2026/10/01 10:35:19,500,4100.17,2.13,276.08
11381,2026/10/01 10:35:20,0,4099.72,-1.55,276.5
11382,2026/10/01 10:35:20,500,4096.75,1.94,276.88
11383,2026/10/01 10:35:21,0,4095.99,-2.88,275.71
11384,2026/10/01 10:35:21,500,4094.1,0.58,276.21
11385,2026/10/01 10:35:22,0,4092.86,-0.16,276.05
11386,2026/10/01 10:35:22,500,4090.02,-0.31,275.24
11387,2026/10/01 10:35:23,0,4088.7,0.05,276.4
11388,2026/10/01 10:35:23,500,4086.47,-1.28,276.68
11389,2026/10/01 10:35:24,0,4085.28,0.67,276.28
11390,2026/10/01 10:35:24,500,4083.73,0.09,275.54
11391,2026/10/01 10:35:25,0,4080.3,1.4,275.15
11392,2026/10/01 10:35:25,500,4080.26,2.39,276.13
11393,2026/10/01 10:35:26,0,4079.5,0.19,275.25
11394,2026/10/01 10:35:26,500,4076.14,-1.23,275.28
11395,2026/10/01 10:35:27,0,4074.86,-1.71,275.85
11396,2026/10/01 10:35:27,500,4075.01,2.55,276.09
11397,2026/10/01 10:35:28,0,4073.6,2.36,275.53
11398,2026/10/01 10:35:28,500,4070.48,1.33,275.58
11399,2026/10/01 10:35:29,0,4069.58,0.09,275.6
11400,2026/10/01 10:35:29,500,4067.84,1.22,275.18
11401,2026/10/01 10:35:30,0,4067.31,1.96,275.43
11402,2026/10/01 10:35:30,500,4064.42,-0.93,274.79
11403,2026/10/01 10:35:31,0,4063.03,0.04,275.94
11404,2026/10/01 10:35:31,500,4062.89,-1.66,276.95
11405,2026/10/01 10:35:32,0,4059.51,-0.19,275.56
11406,2026/10/01 10:35:32,500,4058.42,2.32,276.11
11407,2026/10/01 10:35:33,0,4057.43,1.62,275.36
11408,2026/10/01 10:35:33,500,4057.06,0.2,274.79
11409,2026/10/01 10:35:34,0,4053.41,-4.04,276.57
11410,2026/10/01 10:35:34,500,4052.32,-0.98,275.0
11411,2026/10/01 10:35:35,0,4051.89,0.15,275.88
11412,2026/10/01 10:35:35,500,4050.56,-0.32,275.49
11413,2026/10/01 10:35:36,0,4048.67,0.05,275.96
11414,2026/10/01 10:35:36,500,4046.96,0.36,275.31
11415,2026/10/01 10:35:37,0,4045.72,-0.8,274.74
11416,2026/10/01 10:35:37,500,4042.97,-0.01,274.97
11417,2026/10/01 10:35:38,0,4042.83,-0.22,276.45
11418,2026/10/01 10:35:38,500,4042.5,-1.05,275.42
11419,2026/10/01 10:35:39,0,4038.84,2.77,276.32
11420,2026/10/01 10:35:39,500,4037.86,-0.71,275.03
11421,2026/10/01 10:35:40,0,4036.76,-3.38,275.55
11422,2026/10/01 10:35:40,500,4035.41,2.67,274.53
11423,2026/10/01 10:35:41,0,4035.75,-1.27,275.17
11424,2026/10/01 10:35:41,500,4032.15,1.35,276.24
11425,2026/10/01 10:35:42,0,4030.6,-1.02,274.72
11426,2026/10/01 10:35:42,500,4030.75,0.85,274.74
11427,2026/10/01 10:35:43,0,4028.24,-0.07,275.48
11428,2026/10/01 10:35:43,500,4028.02,1.5,275.1
11429,2026/10/01 10:35:44,0,4025.87,-0.32,275.97
11430,2026/10/01 10:35:44,500,4025.04,-0.98,274.88
11431,2026/10/01 10:35:45,0,4022.07,0.39,275.02
11432,2026/10/01 10:35:45,500,4022.34,-0.57,275.12
11433,2026/10/01 10:35:46,0,4020.81,-2.89,274.4
11434,2026/10/01 10:35:46,500,4019.1,-0.9,274.27
11435,2026/10/01 10:35:47,0,4016.99,4.3,274.21
11436,2026/10/01 10:35:47,500,4016.83,-2.73,273.23
11437,2026/10/01 10:35:48,0,4015.92,0.36,274.82
11438,2026/10/01 10:35:48,500,4013.6,-0.36,274.19
11439,2026/10/01 10:35:49,0,4012.31,2.75,274.55
11440,2026/10/01 10:35:49,500,4012.06,-1.67,275.31
11441,2026/10/01 10:35:50,0,4011.5,0.15,274.3
11442,2026/10/01 10:35:50,500,4009.59,1.03,275.1
11443,2026/10/01 10:35:51,0,4007.74,-0.27,273.95
11444,2026/10/01 10:35:51,500,4006.08,-1.15,274.37
11445,2026/10/01 10:35:52,0,4004.98,-0.03,275.56
11446,2026/10/01 10:35:52,500,4002.67,-0.46,274.46
11447,2026/10/01 10:35:53,0,4002.35,-0.47,275.3
11448,2026/10/01 10:35:53,500,4002.11,1.4,275.81
11449,2026/10/01 10:35:54,0,3999.99,0.6,274.4
11450,2026/10/01 10:35:54,500,3998.21,0.83,274.26
11451,2026/10/01 10:35:55,0,3996.9,0.5,273.49
11452,2026/10/01 10:35:55,500,3996.21,1.44,274.7
11453,2026/10/01 10:35:56,0,3994.01,1.96,274.72
11454,2026/10/01 10:35:56,500,3993.05,-0.43,274.9
11455,2026/10/01 10:35:57,0,3993.78,1.23,275.19
11456,2026/10/01 10:35:57,500,3990.51,-1.94,273.96
11457,2026/10/01 10:35:58,0,3989.49,-3.38,275.38
11458,2026/10/01 10:35:58,500,3989.15,2.74,274.29
11459,2026/10/01 10:35:59,0,3987.37,-0.5,274.59
11460,2026/10/01 10:35:59,500,3986.59,0.38,274.35
11461,2026/10/01 10:36:00,0,3986.02,-1.84,273.98
11462,2026/10/01 10:36:00,500,3982.91,-1.91,273.75
11463,2026/10/01 10:36:01,0,3983.57,-1.07,274.43
11464,2026/10/01 10:36:01,500,3981.32,0.96,273.82
11465,2026/10/01 10:36:02,0,3980.39,-0.77,274.18
11466,2026/10/01 10:36:02,500,3980.99,-0.5,274.06
11467,2026/10/01 10:36:03,0,3977.16,-1.12,274.06
11468,2026/10/01 10:36:03,500,3977.6,1.75,273.33
11469,2026/10/01 10:36:04,0,3976.88,1.3,272.62
11470,2026/10/01 10:36:04,500,3974.28,-0.73,274.6
11471,2026/10/01 10:36:05,0,3973.15,1.03,274.73
11472,2026/10/01 10:36:05,500,3972.25,-0.37,272.86
11473,2026/10/01 10:36:06,0,3970.86,-0.51,274.33
11474,2026/10/01 10:36:06,500,3970.34,-0.07,274.21
11475,2026/10/01 10:36:07,0,3969.88,0.96,273.42
11476,2026/10/01 10:36:07,500,3967.75,-1.34,274.51
11477,2026/10/01 10:36:08,0,3967.67,0.75,274.61
11478,2026/10/01 10:36:08,500,3966.94,3.75,274.55
11479,2026/10/01 10:36:09,0,3965.06,0.27,274.88
11480,2026/10/01 10:36:09,500,3964.03,0.05,274.48
11481,2026/10/01 10:36:10,0,3962.04,-0.13,273.55
11482,2026/10/01 10:36:10,500,3959.33,0.72,273.95
11483,2026/10/01 10:36:11,0,3960.81,-2.42,274.12
11484,2026/10/01 10:36:11,500,3959.89,2.55,274.66
11485,2026/10/01 10:36:12,0,3958.37,1.47,273.76
11486,2026/10/01 10:36:12,500,3957.83,-0.97,273.55
11487,2026/10/01 10:36:13,0,3955.6,0.05,273.02
11488,2026/10/01 10:36:13,500,3955.39,-0.84,274.26
11489,2026/10/01 10:36:14,0,3955.09,0.45,273.91
11490,2026/10/01 10:36:14,500,3953.39,0.09,273.35
11491,2026/10/01 10:36:15,0,3952.88,0.34,274.15
11492,2026/10/01 10:36:15,500,3951.84,-1.54,273.58
11493,2026/10/01 10:36:16,0,3948.74,-0.72,273.06
11494,2026/10/01 10:36:16,500,3949.25,1.72,274.37
11495,2026/10/01 10:36:17,0,3947.14,-0.8,272.66
11496,2026/10/01 10:36:17,500,3945.73,-3.97,273.74
11497,2026/10/01 10:36:18,0,3945.36,-0.23,273.59
11498,2026/10/01 10:36:18,500,3945.97,3.62,272.81
11499,2026/10/01 10:36:19,0,3943.11,1.27,273.77
11500,2026/10/01 10:36:19,500,3941.13,-0.88,273.24
11501,2026/10/01 10:36:20,0,3940.37,-0.08,274.41
11502,2026/10/01 10:36:20,500,3940.91,1.02,274.05
11503,2026/10/01 10:36:21,0,3938.92,-2.63,273.64
11504,2026/10/01 10:36:21,500,3936.89,-1.28,272.26
11505,2026/10/01 10:36:22,0,3936.41,0.6,273.21
11506,2026/10/01 10:36:22,500,3936.68,2.39,273.15
11507,2026/10/01 10:36:23,0,3936.19,-0.66,274.06
11508,2026/10/01 10:36:23,500,3934.23,2.35,273.52
11509,2026/10/01 10:36:24,0,3934.13,-1.13,273.57
11510,2026/10/01 10:36:24,500,3933.37,-5.08,273.9
11511,2026/10/01 10:36:25,0,3931.04,1.12,274.19
11512,2026/10/01 10:36:25,500,3930.61,0.81,274.08
11513,2026/10/01 10:36:26,0,3929.27,1.1,273.61
11514,2026/10/01 10:36:26,500,3929.22,1.05,273.18
11515,2026/10/01 10:36:27,0,3927.35,0.29,273.51
11516,2026/10/01 10:36:27,500,3925.92,-0.39,273.26
11517,2026/10/01 10:36:28,0,3925.99,-0.33,273.65
11518,2026/10/01 10:36:28,500,3925.9,-0.69,272.95
11519,2026/10/01 10:36:29,0,3924.48,-0.6,273.67
11520,2026/10/01 10:36:29,500,3923.95,-2.72,273.22
11521,2026/10/01 10:36:30,0,3922.95,-1.82,273.37
11522,2026/10/01 10:36:30,500,3921.33,-0.25,272.56
11523,2026/10/01 10:36:31,0,3919.89,-3.36,273.0
11524,2026/10/01 10:36:31,500,3918.76,-3.01,273.34
11525,2026/10/01 10:36:32,0,3917.27,-0.5,273.01
11526,2026/10/01 10:36:32,500,3918.59,-0.19,271.91
11527,2026/10/01 10:36:33,0,3916.47,-0.47,272.45
11528,2026/10/01 10:36:33,500,3914.46,-3.57,273.22
11529,2026/10/01 10:36:34,0,3915.92,2.33,273.78
11530,2026/10/01 10:36:34,500,3914.11,-2.15,272.89
11531,2026/10/01 10:36:35,0,3913.92,-1.23,272.74
11532,2026/10/01 10:36:35,500,3912.05,-1.89,273.49
11533,2026/10/01 10:36:36,0,3910.74,1.95,272.95
11534,2026/10/01 10:36:36,500,3910.86,0.63,273.3
11535,2026/10/01 10:36:37,0,3910.05,-0.71,272.76
11536,2026/10/01 10:36:37,500,3908.53,-0.82,272.69
11537,2026/10/01 10:36:38,0,3908.94,0.27,273.28
11538,2026/10/01 10:36:38,500,3907.78,-1.87,273.19
11539,2026/10/01 10:36:39,0,3906.61,0.57,272.67
11540,2026/10/01 10:36:39,500,3904.41,-0.82,272.25
11541,2026/10/01 10:36:40,0,3903.45,0.78,271.96
11542,2026/10/01 10:36:40,500,3904.56,0.73,272.01
11543,2026/10/01 10:36:41,0,3901.0,-0.89,272.44
11544,2026/10/01 10:36:41,500,3901.84,-3.08,272.9
11545,2026/10/01 10:36:42,0,3901.19,-0.37,271.89
11546,2026/10/01 10:36:42,500,3899.84,-2.17,271.9
11547,2026/10/01 10:36:43,0,3899.37,0.12,272.87
11548,2026/10/01 10:36:43,500,3898.91,-0.38,273.45
11549,2026/10/01 10:36:44,0,3897.28,-0.88,273.19
11550,2026/10/01 10:36:44,500,3897.63,-1.94,271.7
11551,2026/10/01 10:36:45,0,3896.57,1.78,272.8
11552,2026/10/01 10:36:45,500,3895.15,-0.68,273.07
11553,2026/10/01 10:36:46,0,3893.82,3.53,272.32
11554,2026/10/01 10:36:46,500,3893.6,0.05,272.43
11555,2026/10/01 10:36:47,0,3894.55,0.53,272.7
11556,2026/10/01 10:36:47,500,3891.46,0.06,272.76
11557,2026/10/01 10:36:48,0,3892.49,0.51,272.68
11558,2026/10/01 10:36:48,500,3889.06,1.64,272.84
11559,2026/10/01 10:36:49,0,3888.99,1.66,272.56
11560,2026/10/01 10:36:49,500,3888.45,-2.65,272.12
11561,2026/10/01 10:36:50,0,3888.86,1.28,272.2
11562,2026/10/01 10:36:50,500,3887.36,0.75,272.01
11563,2026/10/01 10:36:51,0,3887.59,0.05,272.15
11564,2026/10/01 10:36:51,500,3885.5,2.57,272.64
11565,2026/10/01 10:36:52,0,3884.95,2.63,271.96
11566,2026/10/01 10:36:52,500,3883.96,1.36,272.86
11567,2026/10/01 10:36:53,0,3885.08,-0.82,271.81
11568,2026/10/01 10:36:53,500,3881.8,-1.79,272.39
11569,2026/10/01 10:36:54,0,3881.53,1.13,272.69
11570,2026/10/01 10:36:54,500,3880.4,2.04,272.48
11571,2026/10/01 10:36:55,0,3880.88,-3.04,271.31
11572,2026/10/01 10:36:55,500,3878.76,1.63,272.28
11573,2026/10/01 10:36:56,0,3880.39,-0.38,271.83
11574,2026/10/01 10:36:56,500,3878.25,-2.71,271.52
11575,2026/10/01 10:36:57,0,3877.77,0.7,272.27
11576,2026/10/01 10:36:57,500,3877.08,1.36,271.52
11577,2026/10/01 10:36:58,0,3875.95,-0.53,272.24
11578,2026/10/01 10:36:58,500,3875.34,-1.59,272.83
11579,2026/10/01 10:36:59,0,3874.58,2.57,272.24
11580,2026/10/01 10:36:59,500,3874.2,-1.0,271.95
11581,2026/10/01 10:37:00,0,3872.4,1.74,271.97
11582,2026/10/01 10:37:00,500,3871.55,-2.27,272.49
11583,2026/10/01 10:37:01,0,3872.28,0.62,271.86
11584,2026/10/01 10:37:01,500,3870.91,0.58,271.76
11585,2026/10/01 10:37:02,0,3868.6,1.31,271.51
11586,2026/10/01 10:37:02,500,3869.11,2.24,271.51
11587,2026/10/01 10:37:03,0,3870.01,-1.22,272.39
11588,2026/10/01 10:37:03,500,3867.96,0.78,271.68
11589,2026/10/01 10:37:04,0,3866.96,-2.05,272.18
11590,2026/10/01 10:37:04,500,3865.5,-2.07,272.2
11591,2026/10/01 10:37:05,0,3865.55,-0.87,271.39
11592,2026/10/01 10:37:05,500,3864.38,0.61,271.45
11593,2026/10/01 10:37:06,0,3864.97,2.52,272.12
11594,2026/10/01 10:37:06,500,3863.98,2.79,271.88
11595,2026/10/01 10:37:07,0,3862.96,-0.53,271.7
11596,2026/10/01 10:37:07,500,3861.97,0.46,272.01
11597,2026/10/01 10:37:08,0,3863.12,1.41,272.26
11598,2026/10/01 10:37:08,500,3860.66,1.15,271.72
11599,2026/10/01 10:37:09,0,3860.0,-0.25,271.44
11600,2026/10/01 10:37:09,500,3859.7,0.11,271.76
11601,2026/10/01 10:37:10,0,3859.14,-0.17,271.28
11602,2026/10/01 10:37:10,500,3858.95,-0.31,271.74
11603,2026/10/01 10:37:11,0,3858.65,-0.51,271.65
11604,2026/10/01 10:37:11,500,3857.93,-0.18,271.22
11605,2026/10/01 10:37:12,0,3858.54,-0.61,271.41
11606,2026/10/01 10:37:12,500,3854.59,-1.7,271.43
11607,2026/10/01 10:37:13,0,3855.48,1.29,271.94
11608,2026/10/01 10:37:13,500,3854.23,0.77,271.12
11609,2026/10/01 10:37:14,0,3855.61,2.81,271.14
11610,2026/10/01 10:37:14,500,3853.51,993.38,271.34
11611,2026/10/01 10:37:15,0,3851.1,-0.63,271.79
11612,2026/10/01 10:37:15,500,3852.44,-0.94,271.85
11613,2026/10/01 10:37:16,0,3851.67,0.07,271.6
11614,2026/10/01 10:37:16,500,3851.44,0.83,271.81
11615,2026/10/01 10:37:17,0,3849.62,-0.37,272.01
11616,2026/10/01 10:37:17,500,3849.84,-2.21,271.49
11617,2026/10/01 10:37:18,0,3848.74,-1.11,271.0
11618,2026/10/01 10:37:18,500,3847.8,0.03,271.34
11619,2026/10/01 10:37:19,0,3847.99,1.11,270.68
11620,2026/10/01 10:37:19,500,3847.23,-2.23,271.54
11621,2026/10/01 10:37:20,0,3847.33,0.4,271.08
11622,2026/10/01 10:37:20,500,3845.91,0.33,271.36
11623,2026/10/01 10:37:21,0,3845.76,-0.68,271.25
11624,2026/10/01 10:37:21,500,3843.71,-0.88,271.08
11625,2026/10/01 10:37:22,0,3845.19,-1.1,271.37
11626,2026/10/01 10:37:22,500,3842.85,0.21,271.17
11627,2026/10/01 10:37:23,0,3843.6,1.69,270.9
11628,2026/10/01 10:37:23,500,3842.49,1.8,270.65
11629,2026/10/01 10:37:24,0,3841.8,-1.69,271.36
11630,2026/10/01 10:37:24,500,3841.71,-0.28,270.56
11631,2026/10/01 10:37:25,0,3838.8,-3.29,272.05
11632,2026/10/01 10:37:25,500,3839.47,0.16,271.77
11633,2026/10/01 10:37:26,0,3839.95,0.9,270.32
11634,2026/10/01 10:37:26,500,3840.31,2.36,271.41
11635,2026/10/01 10:37:27,0,3838.17,-2.68,271.65
11636,2026/10/01 10:37:27,500,3835.67,-1.63,270.77
11637,2026/10/01 10:37:28,0,3836.79,0.22,271.22
11638,2026/10/01 10:37:28,500,3836.43,-2.43,270.96
11639,2026/10/01 10:37:29,0,3836.8,0.26,271.35
11640,2026/10/01 10:37:29,500,3835.38,0.93,270.77
11641,2026/10/01 10:37:30,0,3833.76,-1.92,271.48
11642,2026/10/01 10:37:30,500,3834.99,0.2,270.88
11643,2026/10/01 10:37:31,0,3834.12,-1.82,270.78
11644,2026/10/01 10:37:31,500,3832.55,2.06,271.25
11645,2026/10/01 10:37:32,0,3833.13,0.31,271.35
11646,2026/10/01 10:37:32,500,3831.56,-0.96,269.72
11647,2026/10/01 10:37:33,0,3831.21,-1.86,269.42
11648,2026/10/01 10:37:33,500,3830.48,0.58,271.02
11649,2026/10/01 10:37:34,0,3830.11,2.04,270.5
11650,2026/10/01 10:37:34,500,3830.55,-1.16,270.16
11651,2026/10/01 10:37:35,0,3827.85,-0.66,270.61
11652,2026/10/01 10:37:35,500,3829.63,-1.13,272.24
11653,2026/10/01 10:37:36,0,3828.35,2.33,270.1
11654,2026/10/01 10:37:36,500,3827.36,-2.86,271.19
11655,2026/10/01 10:37:37,0,3827.16,1.93,270.35
11656,2026/10/01 10:37:37,500,3825.89,-0.57,269.99
11657,2026/10/01 10:37:38,0,3824.78,-0.11,270.39
11658,2026/10/01 10:37:38,500,3824.86,-0.51,269.97
11659,2026/10/01 10:37:39,0,3823.53,0.36,269.88
11660,2026/10/01 10:37:39,500,3823.44,-1.09,270.28
11661,2026/10/01 10:37:40,0,3822.71,1.59,270.08
11662,2026/10/01 10:37:40,500,3824.47,1.65,270.54
11663,2026/10/01 10:37:41,0,3821.95,-1.48,270.68
11664,2026/10/01 10:37:41,500,3822.43,1.0,270.18
11665,2026/10/01 10:37:42,0,3822.85,-0.53,270.87
11666,2026/10/01 10:37:42,500,3822.13,0.08,270.21
11667,2026/10/01 10:37:43,0,3820.71,2.29,270.45
11668,2026/10/01 10:37:43,500,3820.21,-1.01,269.42
11669,2026/10/01 10:37:44,0,3820.08,1.39,270.53
11670,2026/10/01 10:37:44,500,3821.13,0.69,271.6
11671,2026/10/01 10:37:45,0,3819.27,-0.29,270.85
11672,2026/10/01 10:37:45,500,3818.98,0.55,270.35
11673,2026/10/01 10:37:46,0,3819.77,0.37,269.84
11674,2026/10/01 10:37:46,500,3817.69,-1.74,271.22
11675,2026/10/01 10:37:47,0,3817.9,-0.91,270.31
11676,2026/10/01 10:37:47,500,3816.87,-1.57,270.03
11677,2026/10/01 10:37:48,0,3816.38,-0.41,270.03
11678,2026/10/01 10:37:48,500,3814.75,2.02,271.37
11679,2026/10/01 10:37:49,0,3814.14,0.87,270.26
11680,2026/10/01 10:37:49,500,3814.16,-2.15,270.53
11681,2026/10/01 10:37:50,0,3814.8,-0.41,270.18
11682,2026/10/01 10:37:50,500,3814.28,0.35,270.24
11683,2026/10/01 10:37:51,0,3814.21,1.12,270.04
11684,2026/10/01 10:37:51,500,3812.66,-0.98,270.95
11685,2026/10/01 10:37:52,0,3812.63,-1.86,270.24
11686,2026/10/01 10:37:52,500,3812.17,-0.08,269.5
11687,2026/10/01 10:37:53,0,3811.19,0.85,270.38
11688,2026/10/01 10:37:53,500,3810.55,0.35,270.11
11689,2026/10/01 10:37:54,0,3809.16,-1.33,270.34
11690,2026/10/01 10:37:54,500,3809.77,2.63,269.97
11691,2026/10/01 10:37:55,0,3809.35,-0.15,269.85
11692,2026/10/01 10:37:55,500,3809.89,0.29,270.55
11693,2026/10/01 10:37:56,0,3809.51,-0.99,271.01
11694,2026/10/01 10:37:56,500,3808.19,1.66,269.14
11695,2026/10/01 10:37:57,0,3809.28,0.86,270.09
11696,2026/10/01 10:37:57,500,3807.33,0.47,269.76
11697,2026/10/01 10:37:58,0,3807.56,-1.73,269.56
11698,2026/10/01 10:37:58,500,3806.21,1.64,268.92
11699,2026/10/01 10:37:59,0,3804.93,1.14,270.16
11700,2026/10/01 10:37:59,500,3805.07,1.52,269.73
11701,2026/10/01 10:38:00,0,3806.15,0.06,269.68
11702,2026/10/01 10:38:00,500,3804.32,-0.11,270.54
11703,2026/10/01 10:38:01,0,3803.72,-0.27,269.7
11704,2026/10/01 10:38:01,500,3803.66,3.42,269.66
11705,2026/10/01 10:38:02,0,3802.92,-0.81,269.22
11706,2026/10/01 10:38:02,500,3803.76,-1.78,269.41
11707,2026/10/01 10:38:03,0,3803.88,-0.56,270.58
11708,2026/10/01 10:38:03,500,3801.95,-0.8,270.14
11709,2026/10/01 10:38:04,0,3801.96,1.89,270.46
11710,2026/10/01 10:38:04,500,3801.88,-2.03,269.38
11711,2026/10/01 10:38:05,0,3800.77,-0.84,269.97
11712,2026/10/01 10:38:05,500,3799.56,0.29,270.29
11713,2026/10/01 10:38:06,0,3799.52,1.9,270.04
11714,2026/10/01 10:38:06,500,3799.76,1.07,270.53
11715,2026/10/01 10:38:07,0,3799.33,2.43,269.92
11716,2026/10/01 10:38:07,500,3797.17,0.52,269.7
11717,2026/10/01 10:38:08,0,3797.85,-0.31,268.51
11718,2026/10/01 10:38:08,500,3797.2,1.28,269.88
11719,2026/10/01 10:38:09,0,3798.09,-2.05,269.95
11720,2026/10/01 10:38:09,500,3796.42,-2.56,270.21
11721,2026/10/01 10:38:10,0,3796.21,1.46,269.22
11722,2026/10/01 10:38:10,500,3795.78,0.32,269.59
11723,2026/10/01 10:38:11,0,3796.41,1.45,268.79
11724,2026/10/01 10:38:11,500,3796.15,-1.28,268.76
11725,2026/10/01 10:38:12,0,3795.37,1.93,269.81
11726,2026/10/01 10:38:12,500,3795.47,1.01,270.17
11727,2026/10/01 10:38:13,0,3795.18,-0.05,270.17
11728,2026/10/01 10:38:13,500,3792.35,0.31,269.73
11729,2026/10/01 10:38:14,0,3793.88,0.52,270.51
11730,2026/10/01 10:38:14,500,3792.72,-1.29,269.28
11731,2026/10/01 10:38:15,0,3791.63,-0.58,269.91
11732,2026/10/01 10:38:15,500,3791.99,0.5,268.78
11733,2026/10/01 10:38:16,0,3792.45,-0.64,267.85
11734,2026/10/01 10:38:16,500,3792.65,-2.2,269.17
11735,2026/10/01 10:38:17,0,3790.03,0.44,269.33
11736,2026/10/01 10:38:17,500,3791.22,1.25,269.49
11737,2026/10/01 10:38:18,0,3791.92,1.6,269.27
11738,2026/10/01 10:38:18,500,3791.44,0.8,269.53
11739,2026/10/01 10:38:19,0,3786.83,1.23,270.2
11740,2026/10/01 10:38:19,500,3790.97,1.48,269.68
11741,2026/10/01 10:38:20,0,3789.62,0.12,268.91
11742,2026/10/01 10:38:20,500,3786.64,-3.18,268.02
11743,2026/10/01 10:38:21,0,3787.5,1.74,268.73
11744,2026/10/01 10:38:21,500,3788.76,-1.34,269.92
11745,2026/10/01 10:38:22,0,3787.67,-1.7,268.98
11746,2026/10/01 10:38:22,500,3786.56,-1.66,269.56
11747,2026/10/01 10:38:23,0,3786.71,3.73,269.52
11748,2026/10/01 10:38:23,500,3786.74,0.66,269.16
11749,2026/10/01 10:38:24,0,3785.48,-1.56,269.12
11750,2026/10/01 10:38:24,500,3785.48,-1.03,268.82
11751,2026/10/01 10:38:25,0,3785.94,-0.0,270.25
11752,2026/10/01 10:38:25,500,3784.31,0.81,268.64
11753,2026/10/01 10:38:26,0,3783.43,0.42,269.66
11754,2026/10/01 10:38:26,500,3783.66,-1.39,269.5
11755,2026/10/01 10:38:27,0,3783.11,0.48,269.38
11756,2026/10/01 10:38:27,500,3782.99,-0.92,269.0
11757,2026/10/01 10:38:28,0,3781.74,1.57,268.3
11758,2026/10/01 10:38:28,500,3782.97,0.08,268.45
11759,2026/10/01 10:38:29,0,3783.13,-1.14,268.62
11760,2026/10/01 10:38:29,500,3781.44,1.03,269.18
11761,2026/10/01 10:38:30,0,3781.23,0.57,269.42
11762,2026/10/01 10:38:30,500,3781.26,-0.71,269.12
11763,2026/10/01 10:38:31,0,3780.34,1.1,269.08
11764,2026/10/01 10:38:31,500,3781.52,0.94,269.45
11765,2026/10/01 10:38:32,0,3779.69,1.8,267.87
11766,2026/10/01 10:38:32,500,3779.64,1.07,267.79
11767,2026/10/01 10:38:33,0,3779.12,-0.32,268.11
11768,2026/10/01 10:38:33,500,3780.2,-2.54,269.33
11769,2026/10/01 10:38:34,0,3778.88,0.28,267.85
11770,2026/10/01 10:38:34,500,3780.33,0.51,268.83
11771,2026/10/01 10:38:35,0,3778.7,0.08,268.36
11772,2026/10/01 10:38:35,500,3779.01,-4.52,268.88
11773,2026/10/01 10:38:36,0,3777.5,1.02,268.72
11774,2026/10/01 10:38:36,500,3776.68,-1.37,268.9
11775,2026/10/01 10:38:37,0,3777.09,1.03,268.56
11776,2026/10/01 10:38:37,500,3776.25,2.55,269.1
11777,2026/10/01 10:38:38,0,3774.88,-0.38,269.46
11778,2026/10/01 10:38:38,500,3776.97,0.66,269.34
11779,2026/10/01 10:38:39,0,3775.87,0.05,268.51
11780,2026/10/01 10:38:39,500,3774.97,0.79,268.25
11781,2026/10/01 10:38:40,0,3775.51,0.16,268.76
11782,2026/10/01 10:38:40,500,3774.94,-0.78,269.64
11783,2026/10/01 10:38:41,0,3775.72,-1.36,268.61
11784,2026/10/01 10:38:41,500,3774.62,2.39,269.04
11785,2026/10/01 10:38:42,0,3773.84,0.66,268.99
11786,2026/10/01 10:38:42,500,3774.22,1.25,268.97
11787,2026/10/01 10:38:43,0,3773.33,0.6,269.21
11788,2026/10/01 10:38:43,500,3773.2,1.46,267.9
11789,2026/10/01 10:38:44,0,3773.73,-1.34,268.06
11790,2026/10/01 10:38:44,500,3771.51,0.12,268.55
11791,2026/10/01 10:38:45,0,3771.45,0.76,269.12
11792,2026/10/01 10:38:45,500,3771.51,1.94,269.11
11793,2026/10/01 10:38:46,0,3771.33,4.01,268.45
11794,2026/10/01 10:38:46,500,3772.17,0.61,268.96
11795,2026/10/01 10:38:47,0,3769.82,-0.99,268.24
11796,2026/10/01 10:38:47,500,3770.63,-1.79,268.02
11797,2026/10/01 10:38:48,0,3769.92,-1.36,267.75
11798,2026/10/01 10:38:48,500,3771.43,-1.16,268.33
11799,2026/10/01 10:38:49,0,3770.49,-4.35,268.21
11800,2026/10/01 10:38:49,500,3769.68,-1.01,268.87
11801,2026/10/01 10:38:50,0,3769.97,1.08,268.64
11802,2026/10/01 10:38:50,500,3767.86,0.11,268.37
11803,2026/10/01 10:38:51,0,3770.25,-0.39,268.35
11804,2026/10/01 10:38:51,500,3767.67,-2.43,268.1
11805,2026/10/01 10:38:52,0,3769.06,1.58,267.4
11806,2026/10/01 10:38:52,500,3768.21,0.77,267.69
11807,2026/10/01 10:38:53,0,3767.7,-0.02,268.66
11808,2026/10/01 10:38:53,500,3768.18,-3.3,268.18
11809,2026/10/01 10:38:54,0,3767.73,-0.74,267.58
11810,2026/10/01 10:38:54,500,3766.74,0.65,268.9
11811,2026/10/01 10:38:55,0,3766.04,-0.04,269.05
11812,2026/10/01 10:38:55,500,3766.2,0.29,268.79
11813,2026/10/01 10:38:56,0,3765.74,1.03,268.38
11814,2026/10/01 10:38:56,500,3765.83,0.23,268.3
11815,2026/10/01 10:38:57,0,3766.09,0.97,268.13
11816,2026/10/01 10:38:57,500,3765.38,-1.27,268.21
11817,2026/10/01 10:38:58,0,3764.88,-1.83,268.43
11818,2026/10/01 10:38:58,500,3763.94,0.72,268.45
11819,2026/10/01 10:38:59,0,3764.46,1.02,268.31
11820,2026/10/01 10:38:59,500,3762.58,0.78,266.43
11821,2026/10/01 10:39:00,0,3763.03,0.2,268.63
11822,2026/10/01 10:39:00,500,3763.89,-0.49,268.14
11823,2026/10/01 10:39:01,0,3763.85,0.32,267.34
11824,2026/10/01 10:39:01,500,3762.86,0.57,268.11
11825,2026/10/01 10:39:02,0,3762.77,0.66,268.14
11826,2026/10/01 10:39:02,500,3762.65,3.91,267.19
11827,2026/10/01 10:39:03,0,3762.64,-1.38,267.64
11828,2026/10/01 10:39:03,500,3761.67,4.84,267.39
11829,2026/10/01 10:39:04,0,3760.79,-1.89,267.45
11830,2026/10/01 10:39:04,500,3761.63,0.58,268.2
11831,2026/10/01 10:39:05,0,3762.63,-1.79,267.59
11832,2026/10/01 10:39:05,500,3760.08,0.46,267.93
11833,2026/10/01 10:39:06,0,3760.46,1.47,268.24
11834,2026/10/01 10:39:06,500,3760.0,0.05,267.64
11835,2026/10/01 10:39:07,0,3761.99,1.46,268.23
11836,2026/10/01 10:39:07,500,3759.04,-0.64,268.51
11837,2026/10/01 10:39:08,0,3759.43,-3.07,268.24
11838,2026/10/01 10:39:08,500,3759.02,0.94,268.1
11839,2026/10/01 10:39:09,0,3758.06,0.05,268.21
11840,2026/10/01 10:39:09,500,3757.77,-0.72,267.97
11841,2026/10/01 10:39:10,0,3759.03,-0.62,268.18
11842,2026/10/01 10:39:10,500,3758.9,0.61,267.15
11843,2026/10/01 10:39:11,0,3757.64,-1.22,267.69
11844,2026/10/01 10:39:11,500,3758.98,0.56,267.91
11845,2026/10/01 10:39:12,0,3755.81,1.78,267.66
11846,2026/10/01 10:39:12,500,3756.36,3.09,268.93
11847,2026/10/01 10:39:13,0,3756.47,2.11,267.57
11848,2026/10/01 10:39:13,500,3756.88,0.24,266.76
11849,2026/10/01 10:39:14,0,3756.29,0.39,267.66
11850,2026/10/01 10:39:14,500,3756.26,-0.6,268.03
11851,2026/10/01 10:39:15,0,3756.57,-0.7,267.17
11852,2026/10/01 10:39:15,500,3757.12,1.31,267.57
11853,2026/10/01 10:39:16,0,3756.36,-0.46,267.54
11854,2026/10/01 10:39:16,500,3755.53,0.55,267.53
11855,2026/10/01 10:39:17,0,3755.19,-1.44,267.25
11856,2026/10/01 10:39:17,500,3755.91,2.06,268.08
11857,2026/10/01 10:39:18,0,3756.31,-0.48,268.6
11858,2026/10/01 10:39:18,500,3755.08,1.63,267.08
11859,2026/10/01 10:39:19,0,3753.95,-1.06,266.84
11860,2026/10/01 10:39:19,500,3754.32,-1.14,267.26
11861,2026/10/01 10:39:20,0,3754.36,1.99,268.16
11862,2026/10/01 10:39:20,500,3753.22,-0.94,267.32
11863,2026/10/01 10:39:21,0,3754.14,-2.35,267.61
11864,2026/10/01 10:39:21,500,3753.43,-1.56,266.96
11865,2026/10/01 10:39:22,0,3753.93,1.29,268.29
11866,2026/10/01 10:39:22,500,3752.0,1.14,267.24
11867,2026/10/01 10:39:23,0,3751.17,996.55,267.5
11868,2026/10/01 10:39:23,500,3752.03,-0.95,266.96
11869,2026/10/01 10:39:24,0,3752.14,1.01,266.9
11870,2026/10/01 10:39:24,500,3750.47,1.97,267.33
11871,2026/10/01 10:39:25,0,3751.21,-0.1,267.37
11872,2026/10/01 10:39:25,500,3752.5,0.83,267.73
11873,2026/10/01 10:39:26,0,3751.69,1.31,266.44
11874,2026/10/01 10:39:26,500,3751.16,3.23,266.8
11875,2026/10/01 10:39:27,0,3749.99,-1.73,266.91
11876,2026/10/01 10:39:27,500,3751.63,-1.0,267.3
11877,2026/10/01 10:39:28,0,3750.08,-0.76,266.66
11878,2026/10/01 10:39:28,500,3750.28,1.24,267.17
11879,2026/10/01 10:39:29,0,3750.32,-0.38,266.88
11880,2026/10/01 10:39:29,500,3749.93,0.47,267.12
11881,2026/10/01 10:39:30,0,3750.78,0.18,266.78
11882,2026/10/01 10:39:30,500,3749.84,0.0,266.65
11883,2026/10/01 10:39:31,0,3749.44,0.16,267.29
11884,2026/10/01 10:39:31,500,3748.9,1.54,267.69
11885,2026/10/01 10:39:32,0,3749.11,-1.46,267.52
11886,2026/10/01 10:39:32,500,3748.39,-0.22,267.66
11887,2026/10/01 10:39:33,0,3748.51,-1.82,267.7
11888,2026/10/01 10:39:33,500,3747.88,0.34,266.99
11889,2026/10/01 10:39:34,0,3747.56,-0.29,267.99
11890,2026/10/01 10:39:34,500,3747.03,1.6,267.42
11891,2026/10/01 10:39:35,0,3747.34,-0.01,266.55
11892,2026/10/01 10:39:35,500,3747.09,-0.67,266.68
11893,2026/10/01 10:39:36,0,3748.63,-0.37,267.08
11894,2026/10/01 10:39:36,500,3747.76,2.59,267.43
11895,2026/10/01 10:39:37,0,3746.67,-2.36,266.86
11896,2026/10/01 10:39:37,500,3746.24,-0.94,266.47
11897,2026/10/01 10:39:38,0,3746.88,0.05,267.34
11898,2026/10/01 10:39:38,500,3747.75,-0.95,266.37
11899,2026/10/01 10:39:39,0,3746.64,0.74,267.07
11900,2026/10/01 10:39:39,500,3744.43,-0.08,266.92
11901,2026/10/01 10:39:40,0,3746.31,0.38,266.22
11902,2026/10/01 10:39:40,500,3746.26,0.18,267.76
11903,2026/10/01 10:39:41,0,3747.0,-0.15,266.87
11904,2026/10/01 10:39:41,500,3744.85,-1.94,266.25
11905,2026/10/01 10:39:42,0,3744.98,0.26,266.86
11906,2026/10/01 10:39:42,500,3745.04,-2.65,265.95
11907,2026/10/01 10:39:43,0,3743.88,-1.01,266.98
11908,2026/10/01 10:39:43,500,3743.62,0.73,267.22
11909,2026/10/01 10:39:44,0,3744.44,1.78,268.13
11910,2026/10/01 10:39:44,500,3742.71,3.52,266.81
11911,2026/10/01 10:39:45,0,3742.7,-0.64,266.42
11912,2026/10/01 10:39:45,500,3744.23,-1.3,266.84
11913,2026/10/01 10:39:46,0,3743.79,0.78,267.44
11914,2026/10/01 10:39:46,500,3744.21,2.8,266.96
11915,2026/10/01 10:39:47,0,3743.4,2.3,267.11
11916,2026/10/01 10:39:47,500,3742.86,-1.55,267.06
11917,2026/10/01 10:39:48,0,3743.71,-0.21,266.92
11918,2026/10/01 10:39:48,500,3742.16,1.28,265.95
11919,2026/10/01 10:39:49,0,3742.06,1.38,265.91
11920,2026/10/01 10:39:49,500,3742.09,0.89,265.83
11921,2026/10/01 10:39:50,0,3742.33,-0.67,266.01
11922,2026/10/01 10:39:50,500,3741.74,0.87,266.05
11923,2026/10/01 10:39:51,0,3740.43,1.39,267.51
11924,2026/10/01 10:39:51,500,3741.24,-1.4,266.21
11925,2026/10/01 10:39:52,0,3741.25,2.0,266.6
11926,2026/10/01 10:39:52,500,3741.2,1.49,266.42
11927,2026/10/01 10:39:53,0,3740.58,-1.11,266.62
11928,2026/10/01 10:39:53,500,3741.17,1.39,266.55
11929,2026/10/01 10:39:54,0,3739.31,1.22,265.87
11930,2026/10/01 10:39:54,500,3740.76,1.28,266.78
11931,2026/10/01 10:39:55,0,3741.69,2.36,266.13
11932,2026/10/01 10:39:55,500,3739.61,-0.02,266.1
11933,2026/10/01 10:39:56,0,3739.97,0.5,266.29
11934,2026/10/01 10:39:56,500,3739.56,-3.96,266.83
11935,2026/10/01 10:39:57,0,3739.41,1.67,266.1
11936,2026/10/01 10:39:57,500,3738.61,1.53,266.45
11937,2026/10/01 10:39:58,0,3740.86,2.03,266.59
11938,2026/10/01 10:39:58,500,3739.41,-1.41,266.5
11939,2026/10/01 10:39:59,0,3738.4,1.44,266.46
11940,2026/10/01 10:39:59,500,3738.15,1.53,265.65
11941,2026/10/01 10:40:00,0,3737.6,-100.98,266.42
11942,2026/10/01 10:40:00,500,3734.58,-98.42,265.91
11943,2026/10/01 10:40:01,0,3735.93,-99.31,265.5
11944,2026/10/01 10:40:01,500,3733.46,-102.55,266.16
11945,2026/10/01 10:40:02,0,3732.96,-99.12,266.14
11946,2026/10/01 10:40:02,500,3731.77,-101.15,267.9
11947,2026/10/01 10:40:03,0,3730.98,-102.51,266.92
11948,2026/10/01 10:40:03,500,3729.39,-99.45,266.83
11949,2026/10/01 10:40:04,0,3728.37,-100.1,266.25
11950,2026/10/01 10:40:04,500,3727.38,-97.89,266.37
11951,2026/10/01 10:40:05,0,3725.09,-99.73,267.76
11952,2026/10/01 10:40:05,500,3725.87,-98.83,266.17
11953,2026/10/01 10:40:06,0,3723.22,-99.24,266.62
11954,2026/10/01 10:40:06,500,3721.72,-98.47,267.43
11955,2026/10/01 10:40:07,0,3719.86,-101.33,266.16
11956,2026/10/01 10:40:07,500,3719.17,-99.7,266.6
11957,2026/10/01 10:40:08,0,3718.46,-100.21,266.53
11958,2026/10/01 10:40:08,500,3717.02,-99.02,266.11
11959,2026/10/01 10:40:09,0,3717.21,-99.62,266.95
11960,2026/10/01 10:40:09,500,3714.24,-100.92,266.02
11961,2026/10/01 10:40:10,0,3713.91,-100.51,266.97
11962,2026/10/01 10:40:10,500,3711.28,-97.53,266.81
11963,2026/10/01 10:40:11,0,3712.74,-102.54,267.06
11964,2026/10/01 10:40:11,500,3708.85,-98.94,266.52
11965,2026/10/01 10:40:12,0,3710.29,-98.14,266.82
11966,2026/10/01 10:40:12,500,3707.34,-99.13,267.15
11967,2026/10/01 10:40:13,0,3704.48,-97.04,265.95
11968,2026/10/01 10:40:13,500,3706.17,-98.59,266.06
11969,2026/10/01 10:40:14,0,3703.98,-99.42,266.96
11970,2026/10/01 10:40:14,500,3702.38,-100.7,267.1
11971,2026/10/01 10:40:15,0,3702.09,-99.4,266.76
11972,2026/10/01 10:40:15,500,3700.94,-98.98,267.17
11973,2026/10/01 10:40:16,0,3699.57,-99.99,266.54
11974,2026/10/01 10:40:16,500,3698.98,-101.11,267.36
11975,2026/10/01 10:40:17,0,3697.12,-101.81,266.7
11976,2026/10/01 10:40:17,500,3696.27,-99.72,266.36
11977,2026/10/01 10:40:18,0,3694.18,-102.22,267.47
11978,2026/10/01 10:40:18,500,3694.05,-100.71,267.19
11979,2026/10/01 10:40:19,0,3691.87,-103.65,266.56
11980,2026/10/01 10:40:19,500,3690.23,-98.75,266.58
11981,2026/10/01 10:40:20,0,3689.81,-98.27,267.11
11982,2026/10/01 10:40:20,500,3688.61,-99.88,266.32
11983,2026/10/01 10:40:21,0,3688.43,-97.25,266.99
11984,2026/10/01 10:40:21,500,3685.38,-97.98,266.75
11985,2026/10/01 10:40:22,0,3686.27,-99.28,266.96
11986,2026/10/01 10:40:22,500,3683.76,-100.17,265.85
11987,2026/10/01 10:40:23,0,3681.14,-100.52,266.42
11988,2026/10/01 10:40:23,500,3681.01,-99.16,267.01
11989,2026/10/01 10:40:24,0,3680.6,-100.21,267.42
11990,2026/10/01 10:40:24,500,3680.06,-99.18,266.84
11991,2026/10/01 10:40:25,0,3678.47,-99.07,267.28
11992,2026/10/01 10:40:25,500,3676.48,-100.34,266.19
11993,2026/10/01 10:40:26,0,3675.69,-98.36,266.71
11994,2026/10/01 10:40:26,500,3674.24,-100.34,267.09
11995,2026/10/01 10:40:27,0,3674.27,-99.97,266.93
11996,2026/10/01 10:40:27,500,3672.87,-101.47,267.35
11997,2026/10/01 10:40:28,0,3672.31,-100.41,266.85
11998,2026/10/01 10:40:28,500,3669.29,-96.76,266.87
11999,2026/10/01 10:40:29,0,3669.16,-101.35,267.33
12000,2026/10/01 10:40:29,500,3670.1,997.82,266.74
12001,2026/10/01 10:40:30,0,3667.87,992.51,266.57
12002,2026/10/01 10:40:30,500,3666.01,-103.32,267.27
12003,2026/10/01 10:40:31,0,3664.35,-99.16,266.56
12004,2026/10/01 10:40:31,500,3664.92,-100.83,267.77
12005,2026/10/01 10:40:32,0,3664.15,-99.52,266.15
12006,2026/10/01 10:40:32,500,3660.9,-98.52,266.93
12007,2026/10/01 10:40:33,0,3659.88,-99.65,267.9
12008,2026/10/01 10:40:33,500,3659.84,-99.51,268.09
12009,2026/10/01 10:40:34,0,3658.82,-101.3,267.06
12010,2026/10/01 10:40:34,500,3657.81,-98.94,267.67
12011,2026/10/01 10:40:35,0,3657.8,-100.28,267.52
12012,2026/10/01 10:40:35,500,3654.46,-103.0,266.9
12013,2026/10/01 10:40:36,0,3654.18,-98.76,267.39
12014,2026/10/01 10:40:36,500,3653.63,-98.3,266.73
12015,2026/10/01 10:40:37,0,3652.54,-97.78,266.39
12016,2026/10/01 10:40:37,500,3650.36,-96.74,267.44
12017,2026/10/01 10:40:38,0,3649.31,-98.84,267.48
12018,2026/10/01 10:40:38,500,3648.35,-99.23,266.61
12019,2026/10/01 10:40:39,0,3649.0,-98.36,267.15
12020,2026/10/01 10:40:39,500,3645.77,-101.33,266.63
12021,2026/10/01 10:40:40,0,3645.22,-102.51,267.01
12022,2026/10/01 10:40:40,500,3645.03,-100.72,267.03
12023,2026/10/01 10:40:41,0,3642.46,-98.08,267.63
12024,2026/10/01 10:40:41,500,3642.47,-100.99,267.02
12025,2026/10/01 10:40:42,0,3639.67,-99.3,266.65
12026,2026/10/01 10:40:42,500,3640.28,-99.14,268.15
12027,2026/10/01 10:40:43,0,3639.1,-99.63,267.55
12028,2026/10/01 10:40:43,500,3638.12,-101.92,267.76
12029,2026/10/01 10:40:44,0,3636.24,-99.49,267.63
12030,2026/10/01 10:40:44,500,3636.05,-100.63,267.8
12031,2026/10/01 10:40:45,0,3634.78,-97.45,267.56
12032,2026/10/01 10:40:45,500,3634.79,-98.29,267.59
12033,2026/10/01 10:40:46,0,3633.21,-100.58,267.43
12034,2026/10/01 10:40:46,500,3630.49,-97.35,267.16
12035,2026/10/01 10:40:47,0,3629.93,-99.48,267.83
12036,2026/10/01 10:40:47,500,3629.05,-102.51,267.26
12037,2026/10/01 10:40:48,0,3628.64,-100.12,267.47
12038,2026/10/01 10:40:48,500,3627.31,-97.55,267.6
12039,2026/10/01 10:40:49,0,3626.27,-101.23,267.66
12040,2026/10/01 10:40:49,500,3627.62,-100.1,266.93
12041,2026/10/01 10:40:50,0,3623.91,-102.04,267.55
12042,2026/10/01 10:40:50,500,3624.39,-101.8,266.95
12043,2026/10/01 10:40:51,0,3622.12,-101.25,267.56
12044,2026/10/01 10:40:51,500,3619.46,-101.84,267.87
12045,2026/10/01 10:40:52,0,3620.32,-100.93,268.39
12046,2026/10/01 10:40:52,500,3620.03,-97.39,267.79
12047,2026/10/01 10:40:53,0,3618.61,-100.05,267.94
12048,2026/10/01 10:40:53,500,3617.28,-98.82,266.98
12049,2026/10/01 10:40:54,0,3616.07,-98.36,267.8
12050,2026/10/01 10:40:54,500,3614.63,-101.66,266.99
12051,2026/10/01 10:40:55,0,3614.72,-101.25,268.15
12052,2026/10/01 10:40:55,500,3612.63,-98.85,267.03
12053,2026/10/01 10:40:56,0,3611.44,-100.95,267.09
12054,2026/10/01 10:40:56,500,3611.27,-98.95,267.96
12055,2026/10/01 10:40:57,0,3609.68,-97.48,268.44
12056,2026/10/01 10:40:57,500,3609.93,-102.18,268.13
12057,2026/10/01 10:40:58,0,3608.26,-100.54,267.44
12058,2026/10/01 10:40:58,500,3606.26,-100.3,267.13
12059,2026/10/01 10:40:59,0,3604.95,-100.79,267.42
12060,2026/10/01 10:40:59,500,3604.4,-100.91,267.71
12061,2026/10/01 10:41:00,0,3605.72,-100.74,267.62
12062,2026/10/01 10:41:00,500,3602.66,-100.02,267.15
12063,2026/10/01 10:41:01,0,3602.45,-99.75,268.32
12064,2026/10/01 10:41:01,500,3599.8,-98.57,268.34
12065,2026/10/01 10:41:02,0,3598.97,-100.04,268.64
12066,2026/10/01 10:41:02,500,3598.69,-98.32,266.88
12067,2026/10/01 10:41:03,0,3599.2,-100.89,267.31
12068,2026/10/01 10:41:03,500,3595.82,-101.8,267.85
12069,2026/10/01 10:41:04,0,3595.35,-100.46,267.74
12070,2026/10/01 10:41:04,500,3595.58,-99.31,267.52
12071,2026/10/01 10:41:05,0,3595.15,-98.71,267.33
12072,2026/10/01 10:41:05,500,3593.23,-97.81,267.27
12073,2026/10/01 10:41:06,0,3592.44,-99.56,268.79
12074,2026/10/01 10:41:06,500,3590.19,-98.87,267.08
12075,2026/10/01 10:41:07,0,3588.87,-97.95,267.02
12076,2026/10/01 10:41:07,500,3588.03,-101.17,267.22
12077,2026/10/01 10:41:08,0,3587.26,-100.32,267.92
12078,2026/10/01 10:41:08,500,3587.16,-95.84,267.69
12079,2026/10/01 10:41:09,0,3585.03,-98.72,268.05
12080,2026/10/01 10:41:09,500,3585.23,-99.23,267.5
12081,2026/10/01 10:41:10,0,3583.8,-98.66,267.91
12082,2026/10/01 10:41:10,500,3582.63,-102.0,267.91
12083,2026/10/01 10:41:11,0,3582.82,-100.97,268.67
12084,2026/10/01 10:41:11,500,3580.38,-101.52,268.78
12085,2026/10/01 10:41:12,0,3581.32,-99.37,267.83
12086,2026/10/01 10:41:12,500,3579.87,-100.55,268.34
12087,2026/10/01 10:41:13,0,3577.45,-99.86,268.0
12088,2026/10/01 10:41:13,500,3578.24,-100.47,268.32
12089,2026/10/01 10:41:14,0,3575.43,-102.44,268.13
12090,2026/10/01 10:41:14,500,3576.39,-98.67,268.32
12091,2026/10/01 10:41:15,0,3574.67,-102.64,268.39
12092,2026/10/01 10:41:15,500,3572.18,-101.09,268.18
12093,2026/10/01 10:41:16,0,3571.45,-101.97,268.05
12094,2026/10/01 10:41:16,500,3571.21,-101.32,268.51
12095,2026/10/01 10:41:17,0,3571.28,-99.7,267.93
12096,2026/10/01 10:41:17,500,3569.5,-98.15,267.72
12097,2026/10/01 10:41:18,0,3568.53,-102.34,267.24
12098,2026/10/01 10:41:18,500,3567.77,-100.84,268.24
12099,2026/10/01 10:41:19,0,3565.2,-102.62,268.39
12100,2026/10/01 10:41:19,500,3566.51,-100.91,267.19
12101,2026/10/01 10:41:20,0,3565.98,-99.89,267.75
12102,2026/10/01 10:41:20,500,3564.6,-98.85,268.45
12103,2026/10/01 10:41:21,0,3562.69,-103.18,268.01
12104,2026/10/01 10:41:21,500,3561.38,-99.17,268.12
12105,2026/10/01 10:41:22,0,3560.29,-101.46,268.56
12106,2026/10/01 10:41:22,500,3559.31,-101.82,268.06
12107,2026/10/01 10:41:23,0,3561.1,-99.9,268.31
12108,2026/10/01 10:41:23,500,3558.29,-99.06,267.59
12109,2026/10/01 10:41:24,0,3558.15,-100.15,268.32
12110,2026/10/01 10:41:24,500,3557.18,-101.64,267.48
12111,2026/10/01 10:41:25,0,3555.68,-100.15,267.51
12112,2026/10/01 10:41:25,500,3553.9,-101.09,267.92
12113,2026/10/01 10:41:26,0,3554.14,-99.09,268.45
12114,2026/10/01 10:41:26,500,3551.93,-98.39,268.22
12115,2026/10/01 10:41:27,0,3552.36,-98.48,267.81
12116,2026/10/01 10:41:27,500,3550.13,-100.03,268.65
12117,2026/10/01 10:41:28,0,3549.69,-98.32,268.38
12118,2026/10/01 10:41:28,500,3548.78,-101.53,268.75
12119,2026/10/01 10:41:29,0,3549.33,-97.33,267.79
12120,2026/10/01 10:41:29,500,3545.35,-101.54,268.97
12121,2026/10/01 10:41:30,0,3548.25,-103.05,269.05
12122,2026/10/01 10:41:30,500,3544.83,-97.95,268.72
12123,2026/10/01 10:41:31,0,3544.47,-101.07,268.52
12124,2026/10/01 10:41:31,500,3543.99,-99.82,268.54
12125,2026/10/01 10:41:32,0,3543.02,-101.55,268.46
12126,2026/10/01 10:41:32,500,3542.53,-96.45,267.62
12127,2026/10/01 10:41:33,0,3541.44,-97.27,268.02
12128,2026/10/01 10:41:33,500,3541.68,-97.68,268.28
12129,2026/10/01 10:41:34,0,3539.74,-99.87,267.82
12130,2026/10/01 10:41:34,500,3538.16,-98.53,269.06
12131,2026/10/01 10:41:35,0,3536.91,-100.08,268.61
12132,2026/10/01 10:41:35,500,3536.0,-98.32,269.26
12133,2026/10/01 10:41:36,0,3536.6,-100.62,268.77
12134,2026/10/01 10:41:36,500,3536.08,-97.62,267.69
12135,2026/10/01 10:41:37,0,3534.59,-100.69,269.05
12136,2026/10/01 10:41:37,500,3530.37,-100.52,268.18
12137,2026/10/01 10:41:38,0,3530.21,-100.7,269.1
12138,2026/10/01 10:41:38,500,3531.12,-99.71,269.18
12139,2026/10/01 10:41:39,0,3530.11,-100.58,269.11
12140,2026/10/01 10:41:39,500,3529.37,-99.27,268.98
12141,2026/10/01 10:41:40,0,3529.48,-100.72,268.67
12142,2026/10/01 10:41:40,500,3528.56,-98.81,268.46
12143,2026/10/01 10:41:41,0,3526.86,-97.72,269.41
12144,2026/10/01 10:41:41,500,3524.62,-99.88,268.62
12145,2026/10/01 10:41:42,0,3523.98,-96.67,268.3
12146,2026/10/01 10:41:42,500,3524.14,-98.31,268.72
12147,2026/10/01 10:41:43,0,3523.55,-96.79,269.09
12148,2026/10/01 10:41:43,500,3521.37,-100.09,269.08
12149,2026/10/01 10:41:44,0,3522.0,-102.49,267.99
12150,2026/10/01 10:41:44,500,3519.21,-101.06,269.08
12151,2026/10/01 10:41:45,0,3517.61,-100.91,268.89
12152,2026/10/01 10:41:45,500,3518.17,-101.43,268.39
12153,2026/10/01 10:41:46,0,3519.11,-103.29,268.16
12154,2026/10/01 10:41:46,500,3518.37,-98.46,269.29
12155,2026/10/01 10:41:47,0,3515.01,-102.79,269.35
12156,2026/10/01 10:41:47,500,3514.21,-98.61,269.38
12157,2026/10/01 10:41:48,0,3515.18,-96.72,267.95
12158,2026/10/01 10:41:48,500,3513.36,-101.17,268.51
12159,2026/10/01 10:41:49,0,3513.95,-99.42,268.65
12160,2026/10/01 10:41:49,500,3512.6,-100.6,269.39
12161,2026/10/01 10:41:50,0,3511.88,-98.76,269.05
12162,2026/10/01 10:41:50,500,3509.64,-101.79,268.54
12163,2026/10/01 10:41:51,0,3509.8,-100.2,268.74
12164,2026/10/01 10:41:51,500,3510.21,-98.32,269.03
12165,2026/10/01 10:41:52,0,3507.87,-100.07,269.06
12166,2026/10/01 10:41:52,500,3506.87,-102.44,269.53
12167,2026/10/01 10:41:53,0,3505.72,-98.14,269.43
12168,2026/10/01 10:41:53,500,3503.94,-101.94,269.33
12169,2026/10/01 10:41:54,0,3503.5,-99.88,268.34
12170,2026/10/01 10:41:54,500,3502.83,-993.48,268.38
12171,2026/10/01 10:41:55,0,3501.39,-99.82,268.24
12172,2026/10/01 10:41:55,500,3500.63,-96.19,268.96
12173,2026/10/01 10:41:56,0,3499.07,-98.9,268.52
12174,2026/10/01 10:41:56,500,3499.57,-100.3,269.06
12175,2026/10/01 10:41:57,0,3499.9,-99.1,269.15
12176,2026/10/01 10:41:57,500,3498.28,-99.69,268.91
12177,2026/10/01 10:41:58,0,3497.45,-99.93,269.25
12178,2026/10/01 10:41:58,500,3497.48,-99.63,268.5
12179,2026/10/01 10:41:59,0,3497.39,-100.65,268.09
12180,2026/10/01 10:41:59,500,3497.04,-99.68,268.48
12181,2026/10/01 10:42:00,0,3494.51,-100.76,269.27
12182,2026/10/01 10:42:00,500,3493.34,-102.84,269.78
12183,2026/10/01 10:42:01,0,3492.42,-98.29,269.61
12184,2026/10/01 10:42:01,500,3492.4,-100.85,268.78
12185,2026/10/01 10:42:02,0,3490.98,-99.79,269.37
12186,2026/10/01 10:42:02,500,3490.17,-101.14,268.2
12187,2026/10/01 10:42:03,0,3489.4,-101.1,269.68
12188,2026/10/01 10:42:03,500,3487.9,-101.56,269.18
12189,2026/10/01 10:42:04,0,3485.98,-98.58,269.32
12190,2026/10/01 10:42:04,500,3486.5,-98.22,267.98
12191,2026/10/01 10:42:05,0,3487.39,-99.96,269.18
12192,2026/10/01 10:42:05,500,3486.54,-100.8,269.88
12193,2026/10/01 10:42:06,0,3485.35,-102.54,269.11
12194,2026/10/01 10:42:06,500,3483.4,-98.81,268.93
12195,2026/10/01 10:42:07,0,3482.36,-101.01,268.86
12196,2026/10/01 10:42:07,500,3483.49,-101.68,268.63
12197,2026/10/01 10:42:08,0,3480.52,-99.96,269.05
12198,2026/10/01 10:42:08,500,3480.61,-100.5,268.4
12199,2026/10/01 10:42:09,0,3481.13,-102.28,269.25
12200,2026/10/01 10:42:09,500,3479.08,-102.07,269.59
12201,2026/10/01 10:42:10,0,3477.95,-99.5,268.83
12202,2026/10/01 10:42:10,500,3478.32,-100.98,269.24
12203,2026/10/01 10:42:11,0,3476.65,-99.23,269.03
12204,2026/10/01 10:42:11,500,3475.96,-99.78,269.27
12205,2026/10/01 10:42:12,0,3476.22,-98.43,269.53
12206,2026/10/01 10:42:12,500,3472.18,-101.25,269.29
12207,2026/10/01 10:42:13,0,3473.71,-99.65,269.53
12208,2026/10/01 10:42:13,500,3472.02,-99.04,269.37
12209,2026/10/01 10:42:14,0,3471.68,-100.94,269.55
12210,2026/10/01 10:42:14,500,3471.16,-98.31,269.28
12211,2026/10/01 10:42:15,0,3469.74,-102.5,269.3
12212,2026/10/01 10:42:15,500,3469.68,-101.25,269.49
12213,2026/10/01 10:42:16,0,3469.02,-102.56,269.11
12214,2026/10/01 10:42:16,500,3468.1,-101.1,269.38
12215,2026/10/01 10:42:17,0,3467.24,-100.23,268.72
12216,2026/10/01 10:42:17,500,3466.28,-98.75,268.27
12217,2026/10/01 10:42:18,0,3465.52,-100.23,269.23
12218,2026/10/01 10:42:18,500,3464.89,-100.89,268.8
12219,2026/10/01 10:42:19,0,3463.3,-102.32,270.17
12220,2026/10/01 10:42:19,500,3464.29,-101.82,268.81
12221,2026/10/01 10:42:20,0,3462.43,-99.53,269.6
12222,2026/10/01 10:42:20,500,3461.41,-98.68,268.87
12223,2026/10/01 10:42:21,0,3461.28,-100.63,269.23
12224,2026/10/01 10:42:21,500,3460.11,-98.18,268.69
12225,2026/10/01 10:42:22,0,3460.43,-101.42,268.65
12226,2026/10/01 10:42:22,500,3459.38,-100.59,269.41
12227,2026/10/01 10:42:23,0,3457.98,-100.46,269.08
12228,2026/10/01 10:42:23,500,3457.89,-97.71,269.65
12229,2026/10/01 10:42:24,0,3456.57,-99.8,269.92
12230,2026/10/01 10:42:24,500,3454.7,-102.7,268.5
12231,2026/10/01 10:42:25,0,3455.57,-98.57,269.83
12232,2026/10/01 10:42:25,500,3452.58,-97.23,268.82
12233,2026/10/01 10:42:26,0,3450.54,-100.37,269.14
12234,2026/10/01 10:42:26,500,3453.15,-101.35,268.61
12235,2026/10/01 10:42:27,0,3452.2,-98.7,268.64
12236,2026/10/01 10:42:27,500,3451.39,-97.05,268.36
12237,2026/10/01 10:42:28,0,3451.45,-98.73,269.14
12238,2026/10/01 10:42:28,500,3449.57,-102.43,269.38
12239,2026/10/01 10:42:29,0,3448.54,-98.87,269.17
12240,2026/10/01 10:42:29,500,3448.73,-99.39,268.47
12241,2026/10/01 10:42:30,0,3446.77,-101.43,268.4
12242,2026/10/01 10:42:30,500,3446.41,-98.07,269.39
12243,2026/10/01 10:42:31,0,3446.06,-99.34,269.79
12244,2026/10/01 10:42:31,500,3445.38,-98.03,269.53
12245,2026/10/01 10:42:32,0,3444.11,-101.59,270.35
12246,2026/10/01 10:42:32,500,3443.24,-99.4,269.4
12247,2026/10/01 10:42:33,0,3442.0,-101.34,269.59
12248,2026/10/01 10:42:33,500,3441.53,-99.63,269.43
12249,2026/10/01 10:42:34,0,3442.87,-97.78,269.06
12250,2026/10/01 10:42:34,500,3440.47,-102.14,269.37
12251,2026/10/01 10:42:35,0,3440.1,-102.05,269.88
12252,2026/10/01 10:42:35,500,3438.02,-98.57,269.91
12253,2026/10/01 10:42:36,0,3440.54,-100.02,269.66
12254,2026/10/01 10:42:36,500,3437.07,-98.24,270.28
12255,2026/10/01 10:42:37,0,3436.09,-101.21,269.73
12256,2026/10/01 10:42:37,500,3436.25,-99.92,269.67
12257,2026/10/01 10:42:38,0,3434.86,-98.97,270.27
12258,2026/10/01 10:42:38,500,3435.14,-99.68,269.17
12259,2026/10/01 10:42:39,0,3432.91,-102.68,270.25
12260,2026/10/01 10:42:39,500,3434.31,-95.77,269.06
12261,2026/10/01 10:42:40,0,3433.43,-99.68,269.42
12262,2026/10/01 10:42:40,500,3431.86,-102.01,268.64
12263,2026/10/01 10:42:41,0,3429.91,-99.53,269.69
12264,2026/10/01 10:42:41,500,3429.87,-99.36,270.24
12265,2026/10/01 10:42:42,0,3429.85,-98.51,269.12
12266,2026/10/01 10:42:42,500,3428.12,-98.61,269.45
12267,2026/10/01 10:42:43,0,3427.54,-100.32,269.49
12268,2026/10/01 10:42:43,500,3428.5,-102.58,269.51
12269,2026/10/01 10:42:44,0,3427.07,-99.31,269.1
12270,2026/10/01 10:42:44,500,3426.34,-102.46,269.65
12271,2026/10/01 10:42:45,0,3425.95,-98.18,270.42
12272,2026/10/01 10:42:45,500,3424.69,-101.1,269.4
12273,2026/10/01 10:42:46,0,3424.06,-99.05,269.77
12274,2026/10/01 10:42:46,500,3423.77,-100.98,269.78
12275,2026/10/01 10:42:47,0,3423.35,-100.74,269.48
12276,2026/10/01 10:42:47,500,3422.39,-101.2,269.82
12277,2026/10/01 10:42:48,0,3422.46,-98.93,269.5
12278,2026/10/01 10:42:48,500,3420.61,-100.93,269.91
12279,2026/10/01 10:42:49,0,3418.81,-98.85,269.67
12280,2026/10/01 10:42:49,500,3420.06,-100.89,269.01
12281,2026/10/01 10:42:50,0,3418.3,-100.35,268.83
12282,2026/10/01 10:42:50,500,3417.18,-99.95,268.66
12283,2026/10/01 10:42:51,0,3417.67,-99.77,269.54
12284,2026/10/01 10:42:51,500,3416.7,-101.39,270.17
12285,2026/10/01 10:42:52,0,3414.69,-98.94,269.39
12286,2026/10/01 10:42:52,500,3415.56,-100.41,269.64
12287,2026/10/01 10:42:53,0,3415.83,-99.18,269.45
12288,2026/10/01 10:42:53,500,3413.9,-100.02,269.37
12289,2026/10/01 10:42:54,0,3412.75,-99.12,270.89
12290,2026/10/01 10:42:54,500,3410.93,-100.62,269.4
12291,2026/10/01 10:42:55,0,3413.22,-101.18,269.13
12292,2026/10/01 10:42:55,500,3410.48,-99.36,269.37
12293,2026/10/01 10:42:56,0,3409.08,-100.74,269.86
12294,2026/10/01 10:42:56,500,3409.61,-97.81,269.55
12295,2026/10/01 10:42:57,0,3409.65,-99.9,269.99
12296,2026/10/01 10:42:57,500,3409.15,-102.06,269.49
12297,2026/10/01 10:42:58,0,3406.94,-100.88,269.57
12298,2026/10/01 10:42:58,500,3406.72,-101.5,269.52
12299,2026/10/01 10:42:59,0,3406.13,-98.39,269.83
12300,2026/10/01 10:42:59,500,3406.23,-98.84,270.24
12301,2026/10/01 10:43:00,0,3405.25,-100.09,270.3
12302,2026/10/01 10:43:00,500,3404.32,-99.56,270.61
12303,2026/10/01 10:43:01,0,3404.16,-100.13,269.26
12304,2026/10/01 10:43:01,500,3401.67,-98.71,269.4
12305,2026/10/01 10:43:02,0,3402.42,-99.22,269.47
12306,2026/10/01 10:43:02,500,3401.59,-98.95,269.93
12307,2026/10/01 10:43:03,0,3400.71,-100.29,269.41
12308,2026/10/01 10:43:03,500,3399.88,-100.95,269.61
12309,2026/10/01 10:43:04,0,3399.52,-99.0,270.3
12310,2026/10/01 10:43:04,500,3398.29,-97.67,270.5
12311,2026/10/01 10:43:05,0,3400.27,-98.34,270.32
12312,2026/10/01 10:43:05,500,3398.51,-97.63,270.15
12313,2026/10/01 10:43:06,0,3397.63,-99.76,269.66
12314,2026/10/01 10:43:06,500,3395.67,-101.45,270.01
12315,2026/10/01 10:43:07,0,3394.67,-101.32,270.58
12316,2026/10/01 10:43:07,500,3394.61,-97.93,270.35
12317,2026/10/01 10:43:08,0,3394.21,-102.79,270.47
12318,2026/10/01 10:43:08,500,3392.31,-97.74,270.51
12319,2026/10/01 10:43:09,0,3393.2,-101.18,269.88
12320,2026/10/01 10:43:09,500,3393.02,-97.11,270.37
12321,2026/10/01 10:43:10,0,3389.72,-100.11,269.87
12322,2026/10/01 10:43:10,500,3390.13,-98.92,270.37
12323,2026/10/01 10:43:11,0,3391.18,-96.42,270.69
12324,2026/10/01 10:43:11,500,3389.85,-100.5,270.86
12325,2026/10/01 10:43:12,0,3388.21,-100.52,270.39
12326,2026/10/01 10:43:12,500,3388.84,-101.04,270.3
12327,2026/10/01 10:43:13,0,3387.13,-101.5,270.8
12328,2026/10/01 10:43:13,500,3386.77,-100.49,269.69
12329,2026/10/01 10:43:14,0,3385.41,-100.83,270.85
12330,2026/10/01 10:43:14,500,3385.69,-101.88,270.2
12331,2026/10/01 10:43:15,0,3385.85,-100.32,270.21
12332,2026/10/01 10:43:15,500,3384.01,-99.33,269.93
12333,2026/10/01 10:43:16,0,3384.27,-101.34,269.57
12334,2026/10/01 10:43:16,500,3383.07,-100.24,270.9
12335,2026/10/01 10:43:17,0,3383.34,-97.89,270.38
12336,2026/10/01 10:43:17,500,3381.47,-102.13,270.0
12337,2026/10/01 10:43:18,0,3382.45,-97.1,270.37
12338,2026/10/01 10:43:18,500,3381.11,-101.01,270.03
12339,2026/10/01 10:43:19,0,3380.13,-99.7,269.36
12340,2026/10/01 10:43:19,500,3379.52,-98.08,270.13
12341,2026/10/01 10:43:20,0,3378.3,-97.62,269.52
12342,2026/10/01 10:43:20,500,3377.61,-99.3,270.35
12343,2026/10/01 10:43:21,0,3377.62,-101.04,271.03
12344,2026/10/01 10:43:21,500,3375.82,-101.17,269.93
12345,2026/10/01 10:43:22,0,3375.67,-100.86,270.65
12346,2026/10/01 10:43:22,500,3374.78,-97.17,269.95
12347,2026/10/01 10:43:23,0,3375.36,-100.57,270.26
12348,2026/10/01 10:43:23,500,3374.75,-99.51,269.84
12349,2026/10/01 10:43:24,0,3374.67,-101.57,270.6
12350,2026/10/01 10:43:24,500,3372.76,-101.73,270.97
12351,2026/10/01 10:43:25,0,3371.76,-99.96,270.4
12352,2026/10/01 10:43:25,500,3370.61,-100.49,270.58
12353,2026/10/01 10:43:26,0,3371.39,-100.38,270.59
12354,2026/10/01 10:43:26,500,3371.67,-102.22,270.21
12355,2026/10/01 10:43:27,0,3369.88,-100.11,270.99
12356,2026/10/01 10:43:27,500,3369.34,-97.68,270.09
12357,2026/10/01 10:43:28,0,3368.7,-101.28,269.57
12358,2026/10/01 10:43:28,500,3368.29,-98.65,269.9
12359,2026/10/01 10:43:29,0,3368.28,-105.2,270.68
12360,2026/10/01 10:43:29,500,3368.4,-101.2,270.19
12361,2026/10/01 10:43:30,0,3366.65,-102.87,270.43
12362,2026/10/01 10:43:30,500,3366.1,-98.15,270.28
12363,2026/10/01 10:43:31,0,3364.84,-98.68,270.49
12364,2026/10/01 10:43:31,500,3364.34,-101.55,270.96
12365,2026/10/01 10:43:32,0,3363.72,-99.57,271.18
12366,2026/10/01 10:43:32,500,3362.92,-98.2,269.94
12367,2026/10/01 10:43:33,0,3362.71,-97.96,270.9
12368,2026/10/01 10:43:33,500,3362.51,-100.61,270.54
12369,2026/10/01 10:43:34,0,3361.45,-103.31,269.84
12370,2026/10/01 10:43:34,500,3360.58,-101.35,270.71
12371,2026/10/01 10:43:35,0,3360.3,-98.85,271.39
12372,2026/10/01 10:43:35,500,3358.83,-96.85,270.11
12373,2026/10/01 10:43:36,0,3359.65,-100.08,270.37
12374,2026/10/01 10:43:36,500,3358.07,-100.91,269.69
12375,2026/10/01 10:43:37,0,3356.88,-96.4,270.44
12376,2026/10/01 10:43:37,500,3357.58,-99.39,270.59
12377,2026/10/01 10:43:38,0,3357.03,-101.84,271.5
12378,2026/10/01 10:43:38,500,3355.34,-100.18,270.06
12379,2026/10/01 10:43:39,0,3355.93,-98.5,271.01
12380,2026/10/01 10:43:39,500,3355.35,-100.11,270.69
12381,2026/10/01 10:43:40,0,3355.83,-98.81,271.66
12382,2026/10/01 10:43:40,500,3353.47,-102.41,270.64
12383,2026/10/01 10:43:41,0,3353.03,-102.15,270.54
12384,2026/10/01 10:43:41,500,3352.0,-101.1,270.99
12385,2026/10/01 10:43:42,0,3352.29,-100.42,270.82
12386,2026/10/01 10:43:42,500,3351.3,-99.5,271.05
12387,2026/10/01 10:43:43,0,3351.51,-99.04,270.87
12388,2026/10/01 10:43:43,500,3349.79,-96.3,269.86
12389,2026/10/01 10:43:44,0,3349.93,-101.11,270.87
12390,2026/10/01 10:43:44,500,3348.78,-100.47,270.87
12391,2026/10/01 10:43:45,0,3346.92,-101.07,270.25
12392,2026/10/01 10:43:45,500,3348.31,-98.38,270.78
12393,2026/10/01 10:43:46,0,3345.83,-98.3,269.72
12394,2026/10/01 10:43:46,500,3346.53,-100.67,270.78
12395,2026/10/01 10:43:47,0,3345.96,-96.9,271.0
12396,2026/10/01 10:43:47,500,3345.49,-101.06,271.14
12397,2026/10/01 10:43:48,0,3344.96,-98.46,271.02
12398,2026/10/01 10:43:48,500,3344.38,-97.82,270.24
12399,2026/10/01 10:43:49,0,3344.07,-102.04,269.95
12400,2026/10/01 10:43:49,500,3343.12,-99.13,271.17
12401,2026/10/01 10:43:50,0,3344.73,-104.09,270.9
12402,2026/10/01 10:43:50,500,3341.79,-98.76,270.96
12403,2026/10/01 10:43:51,0,3340.52,-101.65,271.56
12404,2026/10/01 10:43:51,500,3339.8,-99.15,269.92
12405,2026/10/01 10:43:52,0,3340.88,-98.87,271.63
12406,2026/10/01 10:43:52,500,3338.52,-98.32,270.46
12407,2026/10/01 10:43:53,0,3338.26,-98.66,271.16
12408,2026/10/01 10:43:53,500,3337.58,-99.92,270.75
12409,2026/10/01 10:43:54,0,3338.46,-100.57,270.59
12410,2026/10/01 10:43:54,500,3338.6,-100.11,270.02
12411,2026/10/01 10:43:55,0,3336.22,-101.67,270.44
12412,2026/10/01 10:43:55,500,3336.75,-100.32,271.02
12413,2026/10/01 10:43:56,0,3333.74,-100.44,270.97
12414,2026/10/01 10:43:56,500,3334.69,-101.18,271.28
12415,2026/10/01 10:43:57,0,3335.21,-102.61,270.46
12416,2026/10/01 10:43:57,500,3333.92,-101.92,271.19
12417,2026/10/01 10:43:58,0,3334.41,-104.73,270.86
12418,2026/10/01 10:43:58,500,3331.28,-100.46,271.15
12419,2026/10/01 10:43:59,0,3331.92,-99.46,271.1
12420,2026/10/01 10:43:59,500,3332.32,-104.02,270.61
12421,2026/10/01 10:44:00,0,3331.75,-99.64,270.98
12422,2026/10/01 10:44:00,500,3331.26,-100.18,271.09
12423,2026/10/01 10:44:01,0,3330.46,-101.77,271.26
12424,2026/10/01 10:44:01,500,3328.83,-100.65,271.63
12425,2026/10/01 10:44:02,0,3328.58,-98.42,270.57
12426,2026/10/01 10:44:02,500,3330.5,-101.46,270.31
12427,2026/10/01 10:44:03,0,3327.1,-99.88,271.55
12428,2026/10/01 10:44:03,500,3326.42,-99.48,270.27
12429,2026/10/01 10:44:04,0,3327.56,-101.23,271.43
12430,2026/10/01 10:44:04,500,3325.62,-98.49,270.47
12431,2026/10/01 10:44:05,0,3327.36,-99.39,270.62
12432,2026/10/01 10:44:05,500,3327.57,-100.38,270.9
12433,2026/10/01 10:44:06,0,3324.65,-96.46,270.22
12434,2026/10/01 10:44:06,500,3324.55,-98.48,270.47
12435,2026/10/01 10:44:07,0,3322.3,-102.53,270.13
12436,2026/10/01 10:44:07,500,3324.04,-100.58,271.3
12437,2026/10/01 10:44:08,0,3320.89,-96.3,270.97
12438,2026/10/01 10:44:08,500,3321.07,-101.47,270.99
12439,2026/10/01 10:44:09,0,3321.7,-99.9,270.96
12440,2026/10/01 10:44:09,500,3321.51,-98.15,270.99
12441,2026/10/01 10:44:10,0,3319.35,-99.02,270.77
12442,2026/10/01 10:44:10,500,3319.57,-98.81,271.49
12443,2026/10/01 10:44:11,0,3318.14,-98.89,270.14
12444,2026/10/01 10:44:11,500,3318.68,-99.96,270.31
12445,2026/10/01 10:44:12,0,3317.77,-101.19,271.72
12446,2026/10/01 10:44:12,500,3317.37,-99.35,271.18
12447,2026/10/01 10:44:13,0,3317.87,-100.6,270.04
12448,2026/10/01 10:44:13,500,3317.04,-100.72,271.22
12449,2026/10/01 10:44:14,0,3316.74,-97.78,270.27
12450,2026/10/01 10:44:14,500,3315.66,-100.57,271.72
12451,2026/10/01 10:44:15,0,3315.81,-97.44,271.54
12452,2026/10/01 10:44:15,500,3314.69,-99.61,272.14
12453,2026/10/01 10:44:16,0,3313.8,-100.24,270.95
12454,2026/10/01 10:44:16,500,3314.12,-102.73,270.5
12455,2026/10/01 10:44:17,0,3312.8,-96.82,270.84
12456,2026/10/01 10:44:17,500,3312.36,-100.01,270.86
12457,2026/10/01 10:44:18,0,3312.96,-103.41,271.32
12458,2026/10/01 10:44:18,500,3312.36,-98.52,270.22
12459,2026/10/01 10:44:19,0,3310.83,-100.08,271.14
12460,2026/10/01 10:44:19,500,3311.24,-101.4,270.64
12461,2026/10/01 10:44:20,0,3309.01,-98.6,270.9
12462,2026/10/01 10:44:20,500,3309.28,-103.82,271.85
12463,2026/10/01 10:44:21,0,3308.39,-101.07,271.67
12464,2026/10/01 10:44:21,500,3308.48,-100.45,271.54
12465,2026/10/01 10:44:22,0,3308.56,-98.72,271.5
12466,2026/10/01 10:44:22,500,3307.9,-96.64,271.06
12467,2026/10/01 10:44:23,0,3307.28,-100.37,271.18
12468,2026/10/01 10:44:23,500,3306.54,-99.31,270.42
12469,2026/10/01 10:44:24,0,3305.79,-95.88,270.6
12470,2026/10/01 10:44:24,500,3306.37,-99.99,271.29
12471,2026/10/01 10:44:25,0,3303.67,-99.3,270.67
12472,2026/10/01 10:44:25,500,3303.86,-101.86,271.58
12473,2026/10/01 10:44:26,0,3304.22,-97.06,271.22
12474,2026/10/01 10:44:26,500,3304.61,-101.07,271.1
12475,2026/10/01 10:44:27,0,3302.6,-99.6,270.96
12476,2026/10/01 10:44:27,500,3302.16,-99.64,271.49
12477,2026/10/01 10:44:28,0,3300.84,-99.87,271.61
12478,2026/10/01 10:44:28,500,3300.93,-100.65,270.84
12479,2026/10/01 10:44:29,0,3301.43,-99.64,271.03
12480,2026/10/01 10:44:29,500,3301.63,-97.36,271.2
12481,2026/10/01 10:44:30,0,3299.63,-96.58,271.46
12482,2026/10/01 10:44:30,500,3298.73,-100.26,271.46
12483,2026/10/01 10:44:31,0,3298.92,-100.67,271.27
12484,2026/10/01 10:44:31,500,3297.08,-101.21,271.68
12485,2026/10/01 10:44:32,0,3298.86,-95.97,271.26
12486,2026/10/01 10:44:32,500,3296.39,-99.81,270.64
12487,2026/10/01 10:44:33,0,3297.13,-98.33,272.01
12488,2026/10/01 10:44:33,500,3296.63,-98.96,271.84
12489,2026/10/01 10:44:34,0,3296.39,-96.69,270.67
12490,2026/10/01 10:44:34,500,3295.6,-100.37,271.46
12491,2026/10/01 10:44:35,0,3294.91,-101.66,272.02
12492,2026/10/01 10:44:35,500,3294.76,-97.21,271.23
12493,2026/10/01 10:44:36,0,3294.59,-98.65,271.77
12494,2026/10/01 10:44:36,500,3294.87,-99.32,271.95
12495,2026/10/01 10:44:37,0,3292.07,-97.7,271.54
12496,2026/10/01 10:44:37,500,3290.99,-99.23,272.48
12497,2026/10/01 10:44:38,0,3290.74,-97.65,271.74
12498,2026/10/01 10:44:38,500,3290.04,-99.63,271.48
12499,2026/10/01 10:44:39,0,3290.04,-98.65,271.35
12500,2026/10/01 10:44:39,500,3289.46,-99.21,271.42
12501,2026/10/01 10:44:40,0,3289.7,-100.49,271.16
12502,2026/10/01 10:44:40,500,3290.23,-100.31,270.9
12503,2026/10/01 10:44:41,0,3289.57,-100.59,271.01
12504,2026/10/01 10:44:41,500,3288.09,-99.6,271.4
12505,2026/10/01 10:44:42,0,3287.68,-100.68,271.88
12506,2026/10/01 10:44:42,500,3289.23,-99.35,271.64
12507,2026/10/01 10:44:43,0,3287.62,-99.4,271.57
12508,2026/10/01 10:44:43,500,3286.81,-99.69,272.56
12509,2026/10/01 10:44:44,0,3286.29,-99.67,272.34
12510,2026/10/01 10:44:44,500,3285.48,-100.85,271.05
12511,2026/10/01 10:44:45,0,3286.84,-100.42,271.87
12512,2026/10/01 10:44:45,500,3284.61,-102.51,270.93
12513,2026/10/01 10:44:46,0,3284.41,-100.18,271.66
12514,2026/10/01 10:44:46,500,3282.5,-101.48,270.85
12515,2026/10/01 10:44:47,0,3282.84,-99.85,271.24
12516,2026/10/01 10:44:47,500,3282.43,-101.07,271.86
12517,2026/10/01 10:44:48,0,3282.79,-103.08,271.33
12518,2026/10/01 10:44:48,500,3281.31,-96.62,271.03
12519,2026/10/01 10:44:49,0,3281.5,-100.35,271.23
12520,2026/10/01 10:44:49,500,3280.51,-97.83,271.11
12521,2026/10/01 10:44:50,0,3279.64,-100.79,271.79
12522,2026/10/01 10:44:50,500,3279.14,-97.45,272.2
12523,2026/10/01 10:44:51,0,3279.45,-101.73,271.5
12524,2026/10/01 10:44:51,500,3279.21,-99.74,272.12
12525,2026/10/01 10:44:52,0,3278.51,-101.64,271.33
12526,2026/10/01 10:44:52,500,3277.53,-96.1,271.57
12527,2026/10/01 10:44:53,0,3277.62,-100.37,272.52
12528,2026/10/01 10:44:53,500,3277.01,-98.76,271.55
12529,2026/10/01 10:44:54,0,3275.98,-99.32,272.18
12530,2026/10/01 10:44:54,500,3276.41,-100.04,271.29
12531,2026/10/01 10:44:55,0,3277.34,-99.22,271.65
12532,2026/10/01 10:44:55,500,3275.31,-97.96,271.23
12533,2026/10/01 10:44:56,0,3273.8,-99.0,271.7
12534,2026/10/01 10:44:56,500,3275.69,-99.76,271.8
12535,2026/10/01 10:44:57,0,3275.06,-99.22,272.06
12536,2026/10/01 10:44:57,500,3274.74,-97.13,271.4
12537,2026/10/01 10:44:58,0,3273.11,-100.63,271.62
12538,2026/10/01 10:44:58,500,3272.06,-102.78,272.3
12539,2026/10/01 10:44:59,0,3271.52,-101.64,271.11
12540,2026/10/01 10:44:59,500,3272.69,-101.53,270.48
12541,2026/10/01 10:45:00,0,3272.61,-101.32,271.4
12542,2026/10/01 10:45:00,500,3270.14,-101.27,272.04
12543,2026/10/01 10:45:01,0,3268.41,-100.04,271.78
12544,2026/10/01 10:45:01,500,3269.96,-99.63,271.27
12545,2026/10/01 10:45:02,0,3268.8,-99.64,271.79
12546,2026/10/01 10:45:02,500,3268.51,-101.1,271.58
12547,2026/10/01 10:45:03,0,3268.44,-98.51,270.98
12548,2026/10/01 10:45:03,500,3268.51,-99.2,271.6
12549,2026/10/01 10:45:04,0,3267.11,-97.63,272.15
12550,2026/10/01 10:45:04,500,3267.4,-98.73,271.65
12551,2026/10/01 10:45:05,0,3266.74,-991.84,271.04
12552,2026/10/01 10:45:05,500,3264.55,-998.47,272.66
12553,2026/10/01 10:45:06,0,3266.39,-992.5,271.31
12554,2026/10/01 10:45:06,500,3265.15,-98.8,272.0
12555,2026/10/01 10:45:07,0,3264.06,-98.92,272.24
12556,2026/10/01 10:45:07,500,3264.05,-100.19,272.04
12557,2026/10/01 10:45:08,0,3264.35,-99.85,271.72
12558,2026/10/01 10:45:08,500,3263.79,-100.2,270.93
12559,2026/10/01 10:45:09,0,3263.82,-101.28,272.44
12560,2026/10/01 10:45:09,500,3263.22,-103.22,271.27
12561,2026/10/01 10:45:10,0,3261.5,-101.04,272.35
12562,2026/10/01 10:45:10,500,3259.63,-99.7,272.43
12563,2026/10/01 10:45:11,0,3261.66,-98.37,271.27
12564,2026/10/01 10:45:11,500,3261.63,-98.81,271.27
12565,2026/10/01 10:45:12,0,3260.53,-100.42,271.69
12566,2026/10/01 10:45:12,500,3260.78,-101.02,272.36
12567,2026/10/01 10:45:13,0,3259.02,-100.27,271.6
12568,2026/10/01 10:45:13,500,3259.11,-101.46,271.96
12569,2026/10/01 10:45:14,0,3258.22,-103.17,271.67
12570,2026/10/01 10:45:14,500,3259.08,-102.32,272.32
12571,2026/10/01 10:45:15,0,3257.37,-97.94,271.61
12572,2026/10/01 10:45:15,500,3259.31,-97.21,271.58
12573,2026/10/01 10:45:16,0,3256.83,-98.87,271.43
12574,2026/10/01 10:45:16,500,3257.45,-100.09,271.42
12575,2026/10/01 10:45:17,0,3255.99,-102.09,272.49
12576,2026/10/01 10:45:17,500,3257.02,-100.24,271.79
12577,2026/10/01 10:45:18,0,3256.57,-99.08,271.5
12578,2026/10/01 10:45:18,500,3254.84,-98.76,271.14
12579,2026/10/01 10:45:19,0,3254.9,-98.97,271.85
12580,2026/10/01 10:45:19,500,3255.27,-98.19,271.58
12581,2026/10/01 10:45:20,0,3254.07,-97.09,271.49
12582,2026/10/01 10:45:20,500,3252.67,-100.61,271.62
12583,2026/10/01 10:45:21,0,3253.04,-95.79,272.07
12584,2026/10/01 10:45:21,500,3251.96,-103.03,271.44
12585,2026/10/01 10:45:22,0,3252.26,-101.17,271.87
12586,2026/10/01 10:45:22,500,3251.09,-99.7,272.47
12587,2026/10/01 10:45:23,0,3251.6,-99.18,271.76
12588,2026/10/01 10:45:23,500,3249.45,-100.27,271.51
12589,2026/10/01 10:45:24,0,3249.57,-100.74,272.58
12590,2026/10/01 10:45:24,500,3249.42,-96.7,272.01
12591,2026/10/01 10:45:25,0,3249.51,-100.82,271.98
12592,2026/10/01 10:45:25,500,3248.01,-101.53,272.33
12593,2026/10/01 10:45:26,0,3248.1,-97.46,272.03
12594,2026/10/01 10:45:26,500,3249.01,-98.73,272.12
12595,2026/10/01 10:45:27,0,3248.69,-98.36,271.3
12596,2026/10/01 10:45:27,500,3245.54,-99.71,271.68
12597,2026/10/01 10:45:28,0,3246.68,-102.06,273.03
12598,2026/10/01 10:45:28,500,3247.76,-99.87,271.59
12599,2026/10/01 10:45:29,0,3246.64,-102.27,272.15
12600,2026/10/01 10:45:29,500,3246.24,-99.64,272.99
12601,2026/10/01 10:45:30,0,3245.96,-99.02,272.47
12602,2026/10/01 10:45:30,500,3244.33,-98.39,272.28
12603,2026/10/01 10:45:31,0,3244.86,-100.14,271.74
12604,2026/10/01 10:45:31,500,3244.66,-98.88,271.84
12605,2026/10/01 10:45:32,0,3243.96,-101.36,272.0
12606,2026/10/01 10:45:32,500,3243.16,-98.55,272.33
12607,2026/10/01 10:45:33,0,3243.03,-98.99,272.81
12608,2026/10/01 10:45:33,500,3241.75,-101.2,272.23
12609,2026/10/01 10:45:34,0,3242.75,-99.2,271.9
12610,2026/10/01 10:45:34,500,3240.7,-98.37,272.14
12611,2026/10/01 10:45:35,0,3240.8,-99.88,272.46
12612,2026/10/01 10:45:35,500,3241.59,-101.23,272.37
12613,2026/10/01 10:45:36,0,3240.88,-99.73,272.08
12614,2026/10/01 10:45:36,500,3239.86,-99.17,271.65
12615,2026/10/01 10:45:37,0,3238.48,-101.25,272.76
12616,2026/10/01 10:45:37,500,3239.41,-101.51,272.1
12617,2026/10/01 10:45:38,0,3238.54,-99.22,272.36
12618,2026/10/01 10:45:38,500,3239.03,-98.77,271.9
12619,2026/10/01 10:45:39,0,3237.84,-96.78,271.9
12620,2026/10/01 10:45:39,500,3236.45,-99.0,272.5
12621,2026/10/01 10:45:40,0,3236.35,-101.81,271.63
12622,2026/10/01 10:45:40,500,3236.72,-96.94,271.68
12623,2026/10/01 10:45:41,0,3236.76,-98.42,273.03
12624,2026/10/01 10:45:41,500,3235.34,-103.01,272.69
12625,2026/10/01 10:45:42,0,3235.27,-101.55,272.49
12626,2026/10/01 10:45:42,500,3236.12,-100.74,271.76
12627,2026/10/01 10:45:43,0,3235.98,-98.74,272.41
12628,2026/10/01 10:45:43,500,3234.93,-103.57,272.27
12629,2026/10/01 10:45:44,0,3234.09,-100.18,272.09
12630,2026/10/01 10:45:44,500,3233.43,-98.83,272.27
12631,2026/10/01 10:45:45,0,3233.97,-104.25,271.61
12632,2026/10/01 10:45:45,500,3232.89,-98.88,271.3
12633,2026/10/01 10:45:46,0,3233.49,-98.7,272.49
12634,2026/10/01 10:45:46,500,3233.15,-101.27,272.42
12635,2026/10/01 10:45:47,0,3232.31,-101.73,272.48
12636,2026/10/01 10:45:47,500,3231.2,-101.29,272.74
12637,2026/10/01 10:45:48,0,3230.87,-104.01,272.62
12638,2026/10/01 10:45:48,500,3229.51,-100.49,273.11
12639,2026/10/01 10:45:49,0,3230.4,-99.67,272.96
12640,2026/10/01 10:45:49,500,3229.99,-101.83,272.41
12641,2026/10/01 10:45:50,0,3228.57,-98.54,272.47
12642,2026/10/01 10:45:50,500,3231.18,-99.85,272.51
12643,2026/10/01 10:45:51,0,3229.36,-99.61,271.63
12644,2026/10/01 10:45:51,500,3227.86,-100.6,272.87
12645,2026/10/01 10:45:52,0,3229.79,-98.89,272.71
12646,2026/10/01 10:45:52,500,3227.37,-98.06,271.59
12647,2026/10/01 10:45:53,0,3228.05,-100.61,273.2
12648,2026/10/01 10:45:53,500,3227.08,-98.86,272.22
12649,2026/10/01 10:45:54,0,3226.26,-98.84,272.38
12650,2026/10/01 10:45:54,500,3225.99,-99.37,272.37
12651,2026/10/01 10:45:55,0,3227.03,-97.48,272.37
12652,2026/10/01 10:45:55,500,3226.2,-101.09,273.65
12653,2026/10/01 10:45:56,0,3225.03,-100.63,272.33
12654,2026/10/01 10:45:56,500,3223.11,-101.17,272.31
12655,2026/10/01 10:45:57,0,3224.62,-98.91,272.49
12656,2026/10/01 10:45:57,500,3223.01,-100.41,272.06
12657,2026/10/01 10:45:58,0,3224.06,-101.04,272.63
12658,2026/10/01 10:45:58,500,3222.69,-97.51,272.08
12659,2026/10/01 10:45:59,0,3222.4,-97.29,272.75
12660,2026/10/01 10:45:59,500,3222.0,-100.49,271.99
12661,2026/10/01 10:46:00,0,3222.96,-102.05,272.22
12662,2026/10/01 10:46:00,500,3220.36,-97.2,272.02
12663,2026/10/01 10:46:01,0,3222.0,-99.29,272.26
12664,2026/10/01 10:46:01,500,3221.31,-99.37,271.64
12665,2026/10/01 10:46:02,0,3220.61,-99.84,271.32
12666,2026/10/01 10:46:02,500,3219.94,-101.2,272.38
12667,2026/10/01 10:46:03,0,3220.32,-100.62,271.78
12668,2026/10/01 10:46:03,500,3219.22,-98.98,273.42
12669,2026/10/01 10:46:04,0,3218.84,-100.67,272.38
12670,2026/10/01 10:46:04,500,3218.89,-99.35,272.92
12671,2026/10/01 10:46:05,0,3219.85,-99.98,272.73
12672,2026/10/01 10:46:05,500,3216.9,-101.59,272.05
12673,2026/10/01 10:46:06,0,3218.15,-97.57,272.38
12674,2026/10/01 10:46:06,500,3217.27,-99.11,272.96
12675,2026/10/01 10:46:07,0,3216.84,-99.5,272.94
12676,2026/10/01 10:46:07,500,3215.44,-99.17,273.04
12677,2026/10/01 10:46:08,0,3214.89,-102.69,272.28
12678,2026/10/01 10:46:08,500,3216.21,-100.74,272.91
12679,2026/10/01 10:46:09,0,3214.56,-102.29,272.32
12680,2026/10/01 10:46:09,500,3216.03,-99.81,273.14
12681,2026/10/01 10:46:10,0,3214.05,-99.51,273.13
12682,2026/10/01 10:46:10,500,3214.94,-99.79,271.96
12683,2026/10/01 10:46:11,0,3213.69,-98.23,272.79
12684,2026/10/01 10:46:11,500,3213.29,-102.25,272.11
12685,2026/10/01 10:46:12,0,3212.7,-101.2,273.08
12686,2026/10/01 10:46:12,500,3213.43,-99.38,272.1
12687,2026/10/01 10:46:13,0,3213.3,-99.6,272.84
12688,2026/10/01 10:46:13,500,3212.12,-101.97,273.05
12689,2026/10/01 10:46:14,0,3212.49,-98.21,272.72
12690,2026/10/01 10:46:14,500,3211.67,-97.69,273.12
12691,2026/10/01 10:46:15,0,3210.24,-99.36,272.85
12692,2026/10/01 10:46:15,500,3211.26,-102.26,273.49
12693,2026/10/01 10:46:16,0,3210.37,-99.76,272.16
12694,2026/10/01 10:46:16,500,3208.17,-99.49,272.52
12695,2026/10/01 10:46:17,0,3209.59,-100.41,271.76
12696,2026/10/01 10:46:17,500,3208.2,-97.98,272.58
12697,2026/10/01 10:46:18,0,3208.22,-100.17,272.14
12698,2026/10/01 10:46:18,500,3208.66,-96.84,272.05
12699,2026/10/01 10:46:19,0,3208.45,-98.83,271.97
12700,2026/10/01 10:46:19,500,3207.5,-99.59,272.52
12701,2026/10/01 10:46:20,0,3208.24,-98.62,272.89
12702,2026/10/01 10:46:20,500,3207.38,-97.7,273.0
12703,2026/10/01 10:46:21,0,3206.79,-98.65,273.27
12704,2026/10/01 10:46:21,500,3206.82,-100.11,273.25
12705,2026/10/01 10:46:22,0,3207.4,-100.99,272.22
12706,2026/10/01 10:46:22,500,3204.37,-101.68,272.42
12707,2026/10/01 10:46:23,0,3206.79,-103.66,272.89
12708,2026/10/01 10:46:23,500,3204.91,-99.74,272.91
12709,2026/10/01 10:46:24,0,3204.44,-100.58,273.5
12710,2026/10/01 10:46:24,500,3204.4,-100.5,272.67
12711,2026/10/01 10:46:25,0,3203.67,-98.46,273.2
12712,2026/10/01 10:46:25,500,3203.21,-100.17,272.75
12713,2026/10/01 10:46:26,0,3204.38,-97.16,273.01
12714,2026/10/01 10:46:26,500,3203.49,-100.86,273.03
12715,2026/10/01 10:46:27,0,3201.49,-101.46,272.83
12716,2026/10/01 10:46:27,500,3203.23,-101.89,272.36
12717,2026/10/01 10:46:28,0,3202.77,-98.92,272.99
12718,2026/10/01 10:46:28,500,3200.82,-98.27,273.18
12719,2026/10/01 10:46:29,0,3201.82,-100.89,272.92
12720,2026/10/01 10:46:29,500,3201.84,-101.6,271.49
12721,2026/10/01 10:46:30,0,3199.72,-97.7,272.79
12722,2026/10/01 10:46:30,500,3200.9,-102.18,273.22
12723,2026/10/01 10:46:31,0,3199.8,-98.48,272.4
12724,2026/10/01 10:46:31,500,3200.44,-100.86,273.43
12725,2026/10/01 10:46:32,0,3198.92,-99.4,272.6
12726,2026/10/01 10:46:32,500,3200.17,-98.38,272.75
12727,2026/10/01 10:46:33,0,3198.81,-99.29,273.02
12728,2026/10/01 10:46:33,500,3198.18,-100.44,272.46
12729,2026/10/01 10:46:34,0,3197.76,-97.91,273.38
12730,2026/10/01 10:46:34,500,3198.71,-99.57,273.56
12731,2026/10/01 10:46:35,0,3197.1,-94.48,272.39
12732,2026/10/01 10:46:35,500,3198.2,-102.56,272.85
12733,2026/10/01 10:46:36,0,3197.2,-102.58,273.9
12734,2026/10/01 10:46:36,500,3195.59,-98.51,273.51
12735,2026/10/01 10:46:37,0,3196.39,-100.05,272.15
12736,2026/10/01 10:46:37,500,3196.08,-98.81,273.55
12737,2026/10/01 10:46:38,0,3194.58,-101.65,271.26
12738,2026/10/01 10:46:38,500,3195.4,-99.92,273.29
12739,2026/10/01 10:46:39,0,3195.5,-99.31,272.56
12740,2026/10/01 10:46:39,500,3195.64,-100.82,273.22
12741,2026/10/01 10:46:40,0,3195.28,-99.65,273.12
12742,2026/10/01 10:46:40,500,3196.0,-102.04,273.07
12743,2026/10/01 10:46:41,0,3193.77,-99.41,273.3
12744,2026/10/01 10:46:41,500,3193.89,-97.83,272.77
12745,2026/10/01 10:46:42,0,3192.64,-101.86,272.72
12746,2026/10/01 10:46:42,500,3194.31,-101.95,273.49
12747,2026/10/01 10:46:43,0,3191.77,-98.22,273.03
12748,2026/10/01 10:46:43,500,3193.63,-101.97,272.75
12749,2026/10/01 10:46:44,0,3193.21,-98.74,272.95
12750,2026/10/01 10:46:44,500,3190.89,-99.92,272.92
12751,2026/10/01 10:46:45,0,3192.03,-100.63,272.88
12752,2026/10/01 10:46:45,500,3191.25,-97.8,273.28
12753,2026/10/01 10:46:46,0,3190.24,-98.61,272.63
12754,2026/10/01 10:46:46,500,3190.14,-99.58,273.83
12755,2026/10/01 10:46:47,0,3190.14,-103.23,273.19
12756,2026/10/01 10:46:47,500,3189.9,-98.93,272.17
12757,2026/10/01 10:46:48,0,3190.49,-101.61,273.23
12758,2026/10/01 10:46:48,500,3189.44,-100.33,272.63
12759,2026/10/01 10:46:49,0,3188.05,-99.99,273.09
12760,2026/10/01 10:46:49,500,3188.95,-97.15,273.03
12761,2026/10/01 10:46:50,0,3186.64,-100.38,273.45
12762,2026/10/01 10:46:50,500,3187.42,-102.13,273.45
12763,2026/10/01 10:46:51,0,3187.18,-97.8,273.23
12764,2026/10/01 10:46:51,500,3187.63,-98.91,274.08
12765,2026/10/01 10:46:52,0,3188.21,-98.86,272.77
12766,2026/10/01 10:46:52,500,3186.66,-97.77,273.82
12767,2026/10/01 10:46:53,0,3185.88,-97.42,273.84
12768,2026/10/01 10:46:53,500,3185.3,-101.34,273.32
12769,2026/10/01 10:46:54,0,3186.22,-102.09,273.39
12770,2026/10/01 10:46:54,500,3185.09,-98.74,273.64
12771,2026/10/01 10:46:55,0,3184.53,-100.39,273.01
12772,2026/10/01 10:46:55,500,3185.39,-100.26,272.92
12773,2026/10/01 10:46:56,0,3185.25,-101.68,272.95
12774,2026/10/01 10:46:56,500,3183.24,-99.12,273.33
12775,2026/10/01 10:46:57,0,3182.51,-99.4,272.96
12776,2026/10/01 10:46:57,500,3183.32,-100.23,272.84
12777,2026/10/01 10:46:58,0,3182.18,-102.08,272.69
12778,2026/10/01 10:46:58,500,3181.77,-98.19,272.72
12779,2026/10/01 10:46:59,0,3181.65,-99.62,272.89
12780,2026/10/01 10:46:59,500,3183.02,-98.32,272.91
12781,2026/10/01 10:47:00,0,3182.4,-103.15,273.28
12782,2026/10/01 10:47:00,500,3183.54,-99.91,272.84
12783,2026/10/01 10:47:01,0,3180.76,-101.08,273.48
12784,2026/10/01 10:47:01,500,3182.03,-99.95,274.23
12785,2026/10/01 10:47:02,0,3181.06,-98.59,273.87
12786,2026/10/01 10:47:02,500,3179.92,-99.45,272.72
12787,2026/10/01 10:47:03,0,3179.95,-99.97,273.11
12788,2026/10/01 10:47:03,500,3179.32,-99.98,272.63
12789,2026/10/01 10:47:04,0,3179.67,-102.34,273.37
12790,2026/10/01 10:47:04,500,3179.96,-101.36,273.4
12791,2026/10/01 10:47:05,0,3178.58,-98.32,273.37
12792,2026/10/01 10:47:05,500,3179.25,-100.76,272.76
12793,2026/10/01 10:47:06,0,3179.29,-98.29,272.97
12794,2026/10/01 10:47:06,500,3179.17,-98.76,273.78
12795,2026/10/01 10:47:07,0,3176.74,-98.68,273.5
12796,2026/10/01 10:47:07,500,3177.35,-99.5,272.88
12797,2026/10/01 10:47:08,0,3177.66,-100.65,272.67
12798,2026/10/01 10:47:08,500,3175.93,-100.23,273.28
12799,2026/10/01 10:47:09,0,3175.45,-99.04,273.27
12800,2026/10/01 10:47:09,500,3176.19,-103.19,272.69
12801,2026/10/01 10:47:10,0,3175.58,-98.13,273.18
12802,2026/10/01 10:47:10,500,3175.48,-100.75,273.1
12803,2026/10/01 10:47:11,0,3174.95,-100.13,273.06
12804,2026/10/01 10:47:11,500,3176.76,-100.12,273.14
12805,2026/10/01 10:47:12,0,3174.38,-100.06,273.5
12806,2026/10/01 10:47:12,500,3174.92,-101.97,273.41
12807,2026/10/01 10:47:13,0,3174.58,-99.77,274.0
12808,2026/10/01 10:47:13,500,3172.52,-99.11,273.48
12809,2026/10/01 10:47:14,0,3174.76,-103.07,273.78
12810,2026/10/01 10:47:14,500,3173.8,-101.95,272.73
12811,2026/10/01 10:47:15,0,3173.13,-98.66,273.47
12812,2026/10/01 10:47:15,500,3173.56,-98.94,273.21
12813,2026/10/01 10:47:16,0,3172.39,-99.55,273.77
12814,2026/10/01 10:47:16,500,3172.85,-101.02,273.54
12815,2026/10/01 10:47:17,0,3170.36,-98.93,274.2
12816,2026/10/01 10:47:17,500,3172.22,-101.8,272.95
12817,2026/10/01 10:47:18,0,3171.43,-100.21,273.07
12818,2026/10/01 10:47:18,500,3171.16,-101.96,273.6
12819,2026/10/01 10:47:19,0,3170.04,-100.24,273.37
12820,2026/10/01 10:47:19,500,3170.26,-101.55,272.97
12821,2026/10/01 10:47:20,0,3169.95,-98.87,273.63
12822,2026/10/01 10:47:20,500,3168.95,-99.35,273.21
12823,2026/10/01 10:47:21,0,3169.87,-100.86,273.68
12824,2026/10/01 10:47:21,500,3170.56,-98.36,272.61
12825,2026/10/01 10:47:22,0,3167.88,-101.43,273.32
12826,2026/10/01 10:47:22,500,3169.13,-100.05,273.55
12827,2026/10/01 10:47:23,0,3168.12,-100.92,273.57
12828,2026/10/01 10:47:23,500,3167.74,-98.89,273.84
12829,2026/10/01 10:47:24,0,3167.95,-99.03,273.37
12830,2026/10/01 10:47:24,500,3167.69,-98.05,273.72
12831,2026/10/01 10:47:25,0,3167.48,-99.88,273.47
12832,2026/10/01 10:47:25,500,3166.15,-104.44,273.87
12833,2026/10/01 10:47:26,0,3167.65,-100.65,272.74
12834,2026/10/01 10:47:26,500,3166.56,-97.65,272.22
12835,2026/10/01 10:47:27,0,3166.7,-100.49,274.15
12836,2026/10/01 10:47:27,500,3166.92,-102.88,273.25
12837,2026/10/01 10:47:28,0,3164.13,-99.33,272.68
12838,2026/10/01 10:47:28,500,3165.9,-99.21,273.46
12839,2026/10/01 10:47:29,0,3164.99,-101.09,273.29
12840,2026/10/01 10:47:29,500,3165.66,-100.37,273.74
12841,2026/10/01 10:47:30,0,3163.93,-101.27,273.8
12842,2026/10/01 10:47:30,500,3165.04,-99.22,273.35
12843,2026/10/01 10:47:31,0,3163.18,-99.92,274.03
12844,2026/10/01 10:47:31,500,3164.07,-101.75,272.97
12845,2026/10/01 10:47:32,0,3163.7,-100.01,272.4
12846,2026/10/01 10:47:32,500,3163.08,-101.1,273.66
12847,2026/10/01 10:47:33,0,3162.11,-97.81,273.46
12848,2026/10/01 10:47:33,500,3162.37,-98.66,272.65
12849,2026/10/01 10:47:34,0,3163.13,-100.18,273.9
12850,2026/10/01 10:47:34,500,3163.31,-99.88,272.76
12851,2026/10/01 10:47:35,0,3163.41,-98.48,273.55
12852,2026/10/01 10:47:35,500,3162.0,-100.26,274.0
12853,2026/10/01 10:47:36,0,3161.51,-98.86,273.75
12854,2026/10/01 10:47:36,500,3161.4,-97.78,273.73
12855,2026/10/01 10:47:37,0,3162.32,-100.74,273.39
12856,2026/10/01 10:47:37,500,3160.92,-97.53,273.72
12857,2026/10/01 10:47:38,0,3160.31,-97.97,273.9
12858,2026/10/01 10:47:38,500,3159.75,-99.63,273.32
12859,2026/10/01 10:47:39,0,3159.58,-100.67,273.09
12860,2026/10/01 10:47:39,500,3159.75,-99.65,274.05
12861,2026/10/01 10:47:40,0,3158.57,-100.37,274.59
12862,2026/10/01 10:47:40,500,3158.41,-101.19,274.42
12863,2026/10/01 10:47:41,0,3158.59,-99.2,272.36
12864,2026/10/01 10:47:41,500,3158.02,-101.54,274.3
12865,2026/10/01 10:47:42,0,3158.59,-100.51,273.37
12866,2026/10/01 10:47:42,500,3158.39,-100.49,274.59
12867,2026/10/01 10:47:43,0,3157.8,-102.05,273.18
12868,2026/10/01 10:47:43,500,3157.72,-99.01,273.14
12869,2026/10/01 10:47:44,0,3157.16,-100.34,273.68
12870,2026/10/01 10:47:44,500,3153.77,-98.05,273.51
12871,2026/10/01 10:47:45,0,3155.84,-100.37,273.54
12872,2026/10/01 10:47:45,500,3156.85,-100.61,274.19
12873,2026/10/01 10:47:46,0,3155.35,-101.36,274.34
12874,2026/10/01 10:47:46,500,3156.45,-99.94,273.26
12875,2026/10/01 10:47:47,0,3156.23,-99.93,274.56
12876,2026/10/01 10:47:47,500,3155.03,-98.89,273.13
12877,2026/10/01 10:47:48,0,3154.51,-99.9,273.44
12878,2026/10/01 10:47:48,500,3154.73,-96.86,275.02
12879,2026/10/01 10:47:49,0,3154.43,-99.32,273.94
12880,2026/10/01 10:47:49,500,3154.71,-101.48,273.43
12881,2026/10/01 10:47:50,0,3152.08,-101.61,273.9
12882,2026/10/01 10:47:50,500,3153.11,-99.2,274.13
12883,2026/10/01 10:47:51,0,3152.63,-101.53,273.95
12884,2026/10/01 10:47:51,500,3151.17,-99.11,274.42
12885,2026/10/01 10:47:52,0,3152.54,-98.66,273.36
12886,2026/10/01 10:47:52,500,3151.48,-98.62,273.47
12887,2026/10/01 10:47:53,0,3152.11,-101.3,273.35
12888,2026/10/01 10:47:53,500,3151.78,-98.62,273.39
12889,2026/10/01 10:47:54,0,3152.28,-99.52,273.83
12890,2026/10/01 10:47:54,500,3151.46,-100.91,273.28
12891,2026/10/01 10:47:55,0,3150.06,-100.24,273.96
12892,2026/10/01 10:47:55,500,3151.44,-99.29,274.14
12893,2026/10/01 10:47:56,0,3152.84,-101.01,273.22
12894,2026/10/01 10:47:56,500,3151.52,-99.55,273.52
12895,2026/10/01 10:47:57,0,3150.95,-97.83,273.58
12896,2026/10/01 10:47:57,500,3150.0,-98.55,273.74
12897,2026/10/01 10:47:58,0,3149.51,-99.88,273.77
12898,2026/10/01 10:47:58,500,3149.21,-99.65,274.31
12899,2026/10/01 10:47:59,0,3149.6,-100.81,274.35
12900,2026/10/01 10:47:59,500,3148.25,-100.76,273.46
12901,2026/10/01 10:48:00,0,3149.08,-102.31,274.22
12902,2026/10/01 10:48:00,500,3148.13,-99.62,274.56
12903,2026/10/01 10:48:01,0,3147.04,-98.98,274.49
12904,2026/10/01 10:48:01,500,3147.62,-100.11,273.99
12905,2026/10/01 10:48:02,0,3148.92,-101.32,273.86
12906,2026/10/01 10:48:02,500,3147.78,-99.9,273.19
12907,2026/10/01 10:48:03,0,3144.58,-97.99,273.69
12908,2026/10/01 10:48:03,500,3146.64,-98.65,273.16
12909,2026/10/01 10:48:04,0,3147.66,-100.04,274.48
12910,2026/10/01 10:48:04,500,3146.45,-96.93,273.78
12911,2026/10/01 10:48:05,0,3146.87,-95.95,273.88
12912,2026/10/01 10:48:05,500,3145.89,-100.72,273.62
12913,2026/10/01 10:48:06,0,3146.11,-100.37,273.23
12914,2026/10/01 10:48:06,500,3145.74,-98.96,274.29
12915,2026/10/01 10:48:07,0,3144.96,-101.37,274.19
12916,2026/10/01 10:48:07,500,3145.69,-98.73,274.41
12917,2026/10/01 10:48:08,0,3146.21,-99.85,273.08
12918,2026/10/01 10:48:08,500,3145.06,-99.44,274.62
12919,2026/10/01 10:48:09,0,3144.59,-100.86,273.9
12920,2026/10/01 10:48:09,500,3143.59,-101.18,274.36
12921,2026/10/01 10:48:10,0,3144.78,-102.98,272.65
12922,2026/10/01 10:48:10,500,3143.38,-97.77,274.18
12923,2026/10/01 10:48:11,0,3144.0,-98.59,273.95
12924,2026/10/01 10:48:11,500,3143.92,-98.99,273.88
12925,2026/10/01 10:48:12,0,3143.86,-99.48,273.94
12926,2026/10/01 10:48:12,500,3143.64,-103.46,273.7
12927,2026/10/01 10:48:13,0,3143.37,-101.13,273.3
12928,2026/10/01 10:48:13,500,3141.35,-100.38,273.37
12929,2026/10/01 10:48:14,0,3141.43,-101.62,274.03
12930,2026/10/01 10:48:14,500,3140.78,-102.54,274.67
12931,2026/10/01 10:48:15,0,3140.49,-101.47,274.58
12932,2026/10/01 10:48:15,500,3142.63,-99.93,274.14
12933,2026/10/01 10:48:16,0,3140.39,-99.93,273.79
12934,2026/10/01 10:48:16,500,3140.04,-98.64,275.07
12935,2026/10/01 10:48:17,0,3140.66,-96.91,274.38
12936,2026/10/01 10:48:17,500,3139.87,-98.97,274.34
12937,2026/10/01 10:48:18,0,3142.05,-100.26,273.39
12938,2026/10/01 10:48:18,500,3139.78,-97.3,274.18
12939,2026/10/01 10:48:19,0,3140.13,-102.37,273.44
12940,2026/10/01 10:48:19,500,3138.91,-103.12,275.11
12941,2026/10/01 10:48:20,0,3137.97,-101.33,273.65
12942,2026/10/01 10:48:20,500,3138.49,-98.78,273.77
12943,2026/10/01 10:48:21,0,3138.27,-99.75,273.76
12944,2026/10/01 10:48:21,500,3138.03,-101.69,273.9
12945,2026/10/01 10:48:22,0,3137.1,-101.09,274.43
12946,2026/10/01 10:48:22,500,3138.26,-101.86,274.1
12947,2026/10/01 10:48:23,0,3137.65,-101.86,274.12
12948,2026/10/01 10:48:23,500,3136.46,-97.67,274.47
12949,2026/10/01 10:48:24,0,3137.54,-100.22,273.35
12950,2026/10/01 10:48:24,500,3137.84,-97.35,274.49
12951,2026/10/01 10:48:25,0,3137.96,-101.34,274.19
12952,2026/10/01 10:48:25,500,3134.84,-99.26,273.77
12953,2026/10/01 10:48:26,0,3135.96,-99.66,274.2
12954,2026/10/01 10:48:26,500,3135.22,-98.68,274.19
12955,2026/10/01 10:48:27,0,3135.57,-99.62,272.83
12956,2026/10/01 10:48:27,500,3136.98,-98.52,274.83
12957,2026/10/01 10:48:28,0,3135.06,-99.17,274.75
12958,2026/10/01 10:48:28,500,3135.03,-101.64,273.5
12959,2026/10/01 10:48:29,0,3134.52,-98.9,273.78
12960,2026/10/01 10:48:29,500,3136.26,-100.15,274.84
12961,2026/10/01 10:48:30,0,3132.9,-101.17,274.5
12962,2026/10/01 10:48:30,500,3134.07,-98.96,274.37
12963,2026/10/01 10:48:31,0,3133.6,-98.62,274.4
12964,2026/10/01 10:48:31,500,3132.69,-100.73,274.37
12965,2026/10/01 10:48:32,0,3134.72,-100.53,273.66
12966,2026/10/01 10:48:32,500,3132.18,-102.08,273.91
12967,2026/10/01 10:48:33,0,3133.03,-102.71,274.7
12968,2026/10/01 10:48:33,500,3133.11,-100.36,274.53
12969,2026/10/01 10:48:34,0,3132.35,-98.81,274.35
12970,2026/10/01 10:48:34,500,3131.34,-100.86,273.89
12971,2026/10/01 10:48:35,0,3132.38,-97.86,274.71
12972,2026/10/01 10:48:35,500,3131.68,-100.31,273.74
12973,2026/10/01 10:48:36,0,3132.72,-100.3,274.97
12974,2026/10/01 10:48:36,500,3132.26,-100.43,273.87
12975,2026/10/01 10:48:37,0,3133.19,-98.53,273.8
12976,2026/10/01 10:48:37,500,3131.5,-101.44,274.26
12977,2026/10/01 10:48:38,0,3131.66,-100.19,274.35
12978,2026/10/01 10:48:38,500,3130.69,-100.82,274.3
12979,2026/10/01 10:48:39,0,3132.12,-100.84,273.6
12980,2026/10/01 10:48:39,500,3130.55,-99.95,274.47
12981,2026/10/01 10:48:40,0,3130.24,-100.17,274.76
12982,2026/10/01 10:48:40,500,3130.54,-98.42,274.23
12983,2026/10/01 10:48:41,0,3129.37,-100.02,273.5
12984,2026/10/01 10:48:41,500,3129.27,-99.17,274.17
12985,2026/10/01 10:48:42,0,3129.89,-99.74,273.72
12986,2026/10/01 10:48:42,500,3129.82,-97.89,273.32
12987,2026/10/01 10:48:43,0,3129.5,-100.45,274.02
12988,2026/10/01 10:48:43,500,3128.74,-100.45,275.11
12989,2026/10/01 10:48:44,0,3128.81,-98.88,274.26
12990,2026/10/01 10:48:44,500,3129.15,-100.47,274.17
12991,2026/10/01 10:48:45,0,3127.29,-99.25,274.67
12992,2026/10/01 10:48:45,500,3127.95,-96.49,274.62
12993,2026/10/01 10:48:46,0,3125.41,-101.47,273.59
12994,2026/10/01 10:48:46,500,3128.12,-97.7,275.26
12995,2026/10/01 10:48:47,0,3126.69,-100.74,274.43
12996,2026/10/01 10:48:47,500,3126.5,-97.99,274.79
12997,2026/10/01 10:48:48,0,3126.79,-98.97,274.04
12998,2026/10/01 10:48:48,500,3127.18,-99.1,273.37
12999,2026/10/01 10:48:49,0,3128.38,-100.23,274.29
13000,2026/10/01 10:48:49,500,3125.02,-100.38,273.8
13001,2026/10/01 10:48:50,0,3125.37,-101.08,274.95
13002,2026/10/01 10:48:50,500,3126.02,-99.99,273.66
13003,2026/10/01 10:48:51,0,3125.05,-100.28,274.38
13004,2026/10/01 10:48:51,500,3126.09,-99.71,274.67
13005,2026/10/01 10:48:52,0,3125.08,-102.12,274.59
13006,2026/10/01 10:48:52,500,3125.71,-99.97,274.13
13007,2026/10/01 10:48:53,0,3124.59,-98.11,273.5
13008,2026/10/01 10:48:53,500,3125.02,-98.58,273.64
13009,2026/10/01 10:48:54,0,3123.61,-99.97,274.02
13010,2026/10/01 10:48:54,500,3125.72,-96.16,273.7
13011,2026/10/01 10:48:55,0,3122.6,-100.87,274.37
13012,2026/10/01 10:48:55,500,3123.19,-100.13,274.03
13013,2026/10/01 10:48:56,0,3122.42,-102.18,273.77
13014,2026/10/01 10:48:56,500,3123.99,-100.61,273.71
13015,2026/10/01 10:48:57,0,3123.57,-97.32,273.63
13016,2026/10/01 10:48:57,500,3121.96,-100.55,274.4
13017,2026/10/01 10:48:58,0,3123.53,-102.29,274.07
13018,2026/10/01 10:48:58,500,3121.97,-98.69,274.45
13019,2026/10/01 10:48:59,0,3122.63,-99.42,274.41
13020,2026/10/01 10:48:59,500,3122.62,-98.75,274.35
13021,2026/10/01 10:49:00,0,3121.72,-100.45,274.78
13022,2026/10/01 10:49:00,500,3122.44,-101.51,273.72
13023,2026/10/01 10:49:01,0,3121.39,-100.28,274.79
13024,2026/10/01 10:49:01,500,3121.58,-99.17,274.66
13025,2026/10/01 10:49:02,0,3120.89,-100.11,274.37
13026,2026/10/01 10:49:02,500,3119.41,-99.42,274.07
13027,2026/10/01 10:49:03,0,3120.6,-100.81,274.5
13028,2026/10/01 10:49:03,500,3119.8,-99.36,274.71
13029,2026/10/01 10:49:04,0,3121.41,-100.0,273.79
13030,2026/10/01 10:49:04,500,3119.01,-101.06,274.8
13031,2026/10/01 10:49:05,0,3120.88,-99.79,275.37
13032,2026/10/01 10:49:05,500,3119.56,-100.58,274.47
13033,2026/10/01 10:49:06,0,3119.83,-99.07,275.16
13034,2026/10/01 10:49:06,500,3118.2,-98.69,274.75
13035,2026/10/01 10:49:07,0,3118.86,-99.25,274.65
13036,2026/10/01 10:49:07,500,3118.37,-102.45,274.17
13037,2026/10/01 10:49:08,0,3120.39,-101.45,274.36
13038,2026/10/01 10:49:08,500,3117.96,-100.95,274.04
13039,2026/10/01 10:49:09,0,3119.24,-101.19,275.01
13040,2026/10/01 10:49:09,500,3119.05,-100.81,274.17
13041,2026/10/01 10:49:10,0,3118.83,-98.61,275.43
13042,2026/10/01 10:49:10,500,3117.25,-98.95,274.77
13043,2026/10/01 10:49:11,0,3118.97,-100.64,274.75
13044,2026/10/01 10:49:11,500,3118.94,-99.11,273.9
13045,2026/10/01 10:49:12,0,3117.43,-99.51,274.9
13046,2026/10/01 10:49:12,500,3116.57,-100.05,274.46
13047,2026/10/01 10:49:13,0,3116.06,-98.28,274.29
13048,2026/10/01 10:49:13,500,3116.93,-100.99,274.25
13049,2026/10/01 10:49:14,0,3116.41,-99.92,273.96
13050,2026/10/01 10:49:14,500,3116.31,-101.58,274.59
13051,2026/10/01 10:49:15,0,3114.89,-101.5,274.51
13052,2026/10/01 10:49:15,500,3115.8,-102.04,273.94
13053,2026/10/01 10:49:16,0,3116.5,-101.48,274.86
13054,2026/10/01 10:49:16,500,3116.04,-99.88,275.67
13055,2026/10/01 10:49:17,0,3114.87,-100.45,273.9
13056,2026/10/01 10:49:17,500,3114.92,-100.4,274.56
13057,2026/10/01 10:49:18,0,3113.64,-100.45,275.45
13058,2026/10/01 10:49:18,500,3114.09,-97.34,274.23
13059,2026/10/01 10:49:19,0,3114.16,-101.71,274.85
13060,2026/10/01 10:49:19,500,3114.75,-101.87,274.83
13061,2026/10/01 10:49:20,0,3113.49,-101.27,274.96
13062,2026/10/01 10:49:20,500,3113.03,-100.11,275.56
13063,2026/10/01 10:49:21,0,3114.28,-99.23,273.75
13064,2026/10/01 10:49:21,500,3113.15,-99.07,274.74
13065,2026/10/01 10:49:22,0,3112.62,-98.58,274.4
13066,2026/10/01 10:49:22,500,3113.76,-100.16,274.64
13067,2026/10/01 10:49:23,0,3113.29,-100.59,274.69
13068,2026/10/01 10:49:23,500,3112.56,-97.55,274.52
13069,2026/10/01 10:49:24,0,3112.26,-104.18,274.13
13070,2026/10/01 10:49:24,500,3112.66,-99.91,274.17
13071,2026/10/01 10:49:25,0,3112.6,-99.35,275.74
13072,2026/10/01 10:49:25,500,3112.15,-97.19,273.99
13073,2026/10/01 10:49:26,0,3111.89,-102.49,275.3
13074,2026/10/01 10:49:26,500,3111.12,-100.63,274.18
13075,2026/10/01 10:49:27,0,3110.99,-102.04,274.75
13076,2026/10/01 10:49:27,500,3111.1,-102.7,275.69
13077,2026/10/01 10:49:28,0,3110.28,-100.31,275.1
13078,2026/10/01 10:49:28,500,3110.0,-98.75,273.99
13079,2026/10/01 10:49:29,0,3110.61,-98.19,274.55
13080,2026/10/01 10:49:29,500,3111.29,-100.8,274.71
13081,2026/10/01 10:49:30,0,3108.66,-99.0,275.24
13082,2026/10/01 10:49:30,500,3109.82,-100.3,274.75
13083,2026/10/01 10:49:31,0,3110.16,-99.17,274.65
13084,2026/10/01 10:49:31,500,3110.62,-98.27,275.6
13085,2026/10/01 10:49:32,0,3111.02,-100.29,275.53
13086,2026/10/01 10:49:32,500,3109.19,-98.38,275.1
13087,2026/10/01 10:49:33,0,3110.79,-101.82,274.44
13088,2026/10/01 10:49:33,500,3109.4,-99.02,273.43
13089,2026/10/01 10:49:34,0,3109.5,-98.45,274.12
13090,2026/10/01 10:49:34,500,3107.82,-98.6,273.99
13091,2026/10/01 10:49:35,0,3108.85,-101.78,274.74
13092,2026/10/01 10:49:35,500,3109.03,-100.31,275.24
13093,2026/10/01 10:49:36,0,3107.58,-99.55,275.76
13094,2026/10/01 10:49:36,500,3105.86,-99.34,275.42
13095,2026/10/01 10:49:37,0,3107.89,-99.83,274.43
13096,2026/10/01 10:49:37,500,3107.42,-97.86,274.92
13097,2026/10/01 10:49:38,0,3108.49,-101.94,275.0
13098,2026/10/01 10:49:38,500,3106.8,-100.36,274.02
13099,2026/10/01 10:49:39,0,3106.49,-102.53,274.37
13100,2026/10/01 10:49:39,500,3105.94,-99.07,274.59
13101,2026/10/01 10:49:40,0,3106.19,-99.17,275.88
13102,2026/10/01 10:49:40,500,3108.65,-94.98,275.01
13103,2026/10/01 10:49:41,0,3105.07,-98.46,274.16
13104,2026/10/01 10:49:41,500,3105.1,-99.5,274.61
13105,2026/10/01 10:49:42,0,3105.94,-99.62,275.05
13106,2026/10/01 10:49:42,500,3107.39,-100.47,274.71
13107,2026/10/01 10:49:43,0,3106.23,-99.8,274.66
13108,2026/10/01 10:49:43,500,3106.7,-99.59,275.21
13109,2026/10/01 10:49:44,0,3104.98,-102.95,275.55
13110,2026/10/01 10:49:44,500,3104.0,-99.7,275.46
13111,2026/10/01 10:49:45,0,3104.57,-99.85,274.7
13112,2026/10/01 10:49:45,500,3104.66,-97.37,274.78
13113,2026/10/01 10:49:46,0,3104.59,-100.2,274.71
13114,2026/10/01 10:49:46,500,3104.24,-101.15,275.4
13115,2026/10/01 10:49:47,0,3104.71,-99.6,274.68
13116,2026/10/01 10:49:47,500,3103.49,-99.89,273.91
13117,2026/10/01 10:49:48,0,3103.15,-100.2,275.12
13118,2026/10/01 10:49:48,500,3102.75,-101.92,275.15
13119,2026/10/01 10:49:49,0,3103.71,-100.23,274.69
13120,2026/10/01 10:49:49,500,3103.46,-100.87,275.82
13121,2026/10/01 10:49:50,0,3104.07,-100.32,274.63
13122,2026/10/01 10:49:50,500,3104.27,-98.9,275.61
13123,2026/10/01 10:49:51,0,3101.89,-101.01,274.24
13124,2026/10/01 10:49:51,500,3102.7,-100.33,275.05
13125,2026/10/01 10:49:52,0,3102.35,-99.19,274.51
13126,2026/10/01 10:49:52,500,3101.11,-100.4,274.88
13127,2026/10/01 10:49:53,0,3101.75,-96.09,275.3
13128,2026/10/01 10:49:53,500,3103.26,-99.63,274.64
13129,2026/10/01 10:49:54,0,3101.33,-101.86,274.58
13130,2026/10/01 10:49:54,500,3101.02,-101.26,274.82
13131,2026/10/01 10:49:55,0,3101.45,-101.41,276.82
13132,2026/10/01 10:49:55,500,3102.05,-101.24,275.05
13133,2026/10/01 10:49:56,0,3100.91,-99.19,275.02
13134,2026/10/01 10:49:56,500,3101.09,-101.66,275.17
13135,2026/10/01 10:49:57,0,3098.99,-100.5,274.1
13136,2026/10/01 10:49:57,500,3101.11,-98.29,275.42
13137,2026/10/01 10:49:58,0,3100.66,-100.78,275.32
13138,2026/10/01 10:49:58,500,3101.02,-98.99,274.08
13139,2026/10/01 10:49:59,0,3098.66,-102.52,276.18
13140,2026/10/01 10:49:59,500,3099.74,-100.56,274.98
13141,2026/10/01 10:50:00,0,3100.59,-101.33,274.42
13142,2026/10/01 10:50:00,500,3099.2,-99.55,275.14
13143,2026/10/01 10:50:01,0,3099.52,-101.55,274.54
13144,2026/10/01 10:50:01,500,3098.99,-96.9,274.19
13145,2026/10/01 10:50:02,0,3098.84,-102.46,274.86
13146,2026/10/01 10:50:02,500,3099.92,-98.3,274.89
13147,2026/10/01 10:50:03,0,3097.68,-98.68,274.22
13148,2026/10/01 10:50:03,500,3098.62,-99.54,274.62
13149,2026/10/01 10:50:04,0,3098.7,-99.92,274.5
13150,2026/10/01 10:50:04,500,3099.08,-97.22,274.84
13151,2026/10/01 10:50:05,0,3098.07,-96.29,275.35
13152,2026/10/01 10:50:05,500,3098.78,-100.31,275.1
13153,2026/10/01 10:50:06,0,3097.8,-99.76,275.02
13154,2026/10/01 10:50:06,500,3097.77,-100.83,274.12
13155,2026/10/01 10:50:07,0,3097.58,-101.75,275.03
13156,2026/10/01 10:50:07,500,3097.88,-99.31,274.5
13157,2026/10/01 10:50:08,0,3097.62,-99.63,274.19
13158,2026/10/01 10:50:08,500,3096.14,-102.42,275.49
13159,2026/10/01 10:50:09,0,3097.04,-99.32,274.39
13160,2026/10/01 10:50:09,500,3097.14,-99.58,275.11
13161,2026/10/01 10:50:10,0,3097.71,-100.9,274.82
13162,2026/10/01 10:50:10,500,3095.58,-101.0,274.59
13163,2026/10/01 10:50:11,0,3096.65,-99.36,275.68
13164,2026/10/01 10:50:11,500,3095.78,-97.59,274.78
13165,2026/10/01 10:50:12,0,3096.06,-99.4,274.81
13166,2026/10/01 10:50:12,500,3094.88,-98.83,274.72
13167,2026/10/01 10:50:13,0,3095.57,-101.25,275.18
13168,2026/10/01 10:50:13,500,3095.68,-100.62,275.01
13169,2026/10/01 10:50:14,0,3094.49,-99.09,274.75
13170,2026/10/01 10:50:14,500,3096.27,-102.04,274.64
13171,2026/10/01 10:50:15,0,3093.71,-99.69,275.08
13172,2026/10/01 10:50:15,500,3095.22,-99.26,274.78
13173,2026/10/01 10:50:16,0,3092.69,-100.06,275.98
13174,2026/10/01 10:50:16,500,3094.27,-99.52,274.86
13175,2026/10/01 10:50:17,0,3094.7,-99.91,275.29
13176,2026/10/01 10:50:17,500,3094.73,-100.93,275.08
13177,2026/10/01 10:50:18,0,3093.92,-101.77,274.99
13178,2026/10/01 10:50:18,500,3093.65,-100.14,275.58
13179,2026/10/01 10:50:19,0,3094.14,-98.04,275.43
13180,2026/10/01 10:50:19,500,3094.29,-98.46,275.42
13181,2026/10/01 10:50:20,0,3094.48,-100.52,275.42
13182,2026/10/01 10:50:20,500,3092.19,-100.55,274.34
13183,2026/10/01 10:50:21,0,3092.91,-100.66,275.37
13184,2026/10/01 10:50:21,500,3091.16,-100.66,275.03
13185,2026/10/01 10:50:22,0,3091.66,-99.57,274.91
13186,2026/10/01 10:50:22,500,3092.04,-98.41,276.9
13187,2026/10/01 10:50:23,0,3093.14,-96.61,274.43
13188,2026/10/01 10:50:23,500,3091.91,-101.24,275.13
13189,2026/10/01 10:50:24,0,3091.91,-99.02,275.09
13190,2026/10/01 10:50:24,500,3092.23,-99.19,275.14
13191,2026/10/01 10:50:25,0,3091.3,-100.49,274.68
13192,2026/10/01 10:50:25,500,3090.09,-101.54,275.3
13193,2026/10/01 10:50:26,0,3090.93,-99.59,274.63
13194,2026/10/01 10:50:26,500,3091.28,-96.82,275.34
13195,2026/10/01 10:50:27,0,3091.6,-99.6,275.28
13196,2026/10/01 10:50:27,500,3090.91,-101.18,275.08
13197,2026/10/01 10:50:28,0,3091.28,-100.24,275.17
13198,2026/10/01 10:50:28,500,3091.51,-101.71,276.01
13199,2026/10/01 10:50:29,0,3091.52,-99.97,275.51
13200,2026/10/01 10:50:29,500,3090.61,-98.97,275.31
13201,2026/10/01 10:50:30,0,3089.41,-101.04,275.44
13202,2026/10/01 10:50:30,500,3089.17,-104.88,275.25
13203,2026/10/01 10:50:31,0,3089.1,-99.58,275.51
13204,2026/10/01 10:50:31,500,3089.01,-100.75,274.94
13205,2026/10/01 10:50:32,0,3089.8,-101.13,276.35
13206,2026/10/01 10:50:32,500,3091.08,-101.14,275.34
13207,2026/10/01 10:50:33,0,3089.59,-99.4,276.66
13208,2026/10/01 10:50:33,500,3089.2,-100.61,276.36
13209,2026/10/01 10:50:34,0,3089.89,-98.6,275.01
13210,2026/10/01 10:50:34,500,3088.31,-98.57,275.38
13211,2026/10/01 10:50:35,0,3089.66,-100.41,275.45
13212,2026/10/01 10:50:35,500,3089.45,-100.78,275.74
13213,2026/10/01 10:50:36,0,3088.58,-99.81,275.34
13214,2026/10/01 10:50:36,500,3090.06,-100.22,275.88
13215,2026/10/01 10:50:37,0,3089.13,-102.63,274.4
13216,2026/10/01 10:50:37,500,3088.12,-97.13,274.98
13217,2026/10/01 10:50:38,0,3087.83,-98.93,275.19
13218,2026/10/01 10:50:38,500,3087.45,-100.7,274.96
13219,2026/10/01 10:50:39,0,3087.54,-102.87,274.43
13220,2026/10/01 10:50:39,500,3087.42,-100.27,275.74
13221,2026/10/01 10:50:40,0,3087.1,-100.88,274.75
13222,2026/10/01 10:50:40,500,3087.04,-100.09,274.97
13223,2026/10/01 10:50:41,0,3086.11,-103.25,275.69
13224,2026/10/01 10:50:41,500,3086.47,-100.71,275.93
13225,2026/10/01 10:50:42,0,3085.5,-100.62,275.04
13226,2026/10/01 10:50:42,500,3086.96,-100.29,274.81
13227,2026/10/01 10:50:43,0,3086.55,-100.35,274.92
13228,2026/10/01 10:50:43,500,3086.25,-99.92,275.89
13229,2026/10/01 10:50:44,0,3086.91,-97.72,275.92
13230,2026/10/01 10:50:44,500,3085.36,-100.77,275.51
13231,2026/10/01 10:50:45,0,3085.34,-101.37,275.47
13232,2026/10/01 10:50:45,500,3084.58,-102.59,274.69
13233,2026/10/01 10:50:46,0,3086.44,-997.74,275.58
13234,2026/10/01 10:50:46,500,3085.97,-102.1,275.75
13235,2026/10/01 10:50:47,0,3086.41,-98.56,275.44
13236,2026/10/01 10:50:47,500,3086.47,-100.14,275.46
13237,2026/10/01 10:50:48,0,3084.72,-98.59,274.85
13238,2026/10/01 10:50:48,500,3084.35,-97.8,275.96
13239,2026/10/01 10:50:49,0,3083.34,-101.3,274.7
13240,2026/10/01 10:50:49,500,3083.76,-100.52,275.37
13241,2026/10/01 10:50:50,0,3084.23,-98.0,275.61
13242,2026/10/01 10:50:50,500,3082.7,-99.72,275.96
13243,2026/10/01 10:50:51,0,3083.35,-99.22,275.92
13244,2026/10/01 10:50:51,500,3084.0,-98.45,275.96
13245,2026/10/01 10:50:52,0,3084.65,-98.66,275.25
13246,2026/10/01 10:50:52,500,3083.22,-99.38,276.56
13247,2026/10/01 10:50:53,0,3083.75,-97.91,275.95
13248,2026/10/01 10:50:53,500,3085.0,-100.1,275.23
13249,2026/10/01 10:50:54,0,3081.93,-99.22,275.27
13250,2026/10/01 10:50:54,500,3084.1,-100.27,275.8
13251,2026/10/01 10:50:55,0,3083.4,-98.47,275.19
13252,2026/10/01 10:50:55,500,3083.97,-101.05,274.79
13253,2026/10/01 10:50:56,0,3083.59,-102.52,275.47
13254,2026/10/01 10:50:56,500,3082.15,-99.02,274.3
13255,2026/10/01 10:50:57,0,3082.55,-101.53,275.62
13256,2026/10/01 10:50:57,500,3081.24,-101.68,275.76
13257,2026/10/01 10:50:58,0,3081.85,-98.1,275.31
13258,2026/10/01 10:50:58,500,3082.16,-98.55,276.02
13259,2026/10/01 10:50:59,0,3082.24,-100.51,275.88
13260,2026/10/01 10:50:59,500,3082.49,-104.57,274.95
13261,2026/10/01 10:51:00,0,3082.99,-99.2,275.48
13262,2026/10/01 10:51:00,500,3081.24,-99.01,275.2
13263,2026/10/01 10:51:01,0,3082.37,-99.22,275.31
13264,2026/10/01 10:51:01,500,3081.53,-99.29,276.04
13265,2026/10/01 10:51:02,0,3080.13,-100.27,275.79
13266,2026/10/01 10:51:02,500,3080.92,-100.62,275.12
13267,2026/10/01 10:51:03,0,3081.0,-101.66,275.59
13268,2026/10/01 10:51:03,500,3080.11,-101.05,275.11
13269,2026/10/01 10:51:04,0,3079.81,-99.52,275.25
13270,2026/10/01 10:51:04,500,3079.65,-99.49,276.26
13271,2026/10/01 10:51:05,0,3079.94,-98.82,276.77
13272,2026/10/01 10:51:05,500,3079.55,-102.11,276.39
13273,2026/10/01 10:51:06,0,3081.09,-102.49,275.64
13274,2026/10/01 10:51:06,500,3078.01,-100.57,275.6
13275,2026/10/01 10:51:07,0,3079.93,-101.53,276.02
13276,2026/10/01 10:51:07,500,3080.13,-99.72,275.57
13277,2026/10/01 10:51:08,0,3078.8,-101.96,274.81
13278,2026/10/01 10:51:08,500,3079.25,-98.23,276.43
13279,2026/10/01 10:51:09,0,3079.03,-101.23,274.93
13280,2026/10/01 10:51:09,500,3079.11,-97.61,276.13
13281,2026/10/01 10:51:10,0,3079.57,-99.21,275.91
13282,2026/10/01 10:51:10,500,3079.37,-101.58,276.47
13283,2026/10/01 10:51:11,0,3078.3,-96.86,275.97
13284,2026/10/01 10:51:11,500,3077.45,-99.6,275.25
13285,2026/10/01 10:51:12,0,3078.65,-99.75,276.09
13286,2026/10/01 10:51:12,500,3077.86,-100.1,275.37
13287,2026/10/01 10:51:13,0,3077.83,-99.3,275.07
13288,2026/10/01 10:51:13,500,3078.31,-99.21,274.64
13289,2026/10/01 10:51:14,0,3077.65,-101.3,275.5
13290,2026/10/01 10:51:14,500,3078.11,-100.32,274.72
13291,2026/10/01 10:51:15,0,3079.75,-99.83,276.29
13292,2026/10/01 10:51:15,500,3078.16,-99.13,274.79
13293,2026/10/01 10:51:16,0,3078.55,-99.1,275.39
13294,2026/10/01 10:51:16,500,3077.76,-99.75,275.41
13295,2026/10/01 10:51:17,0,3077.28,-100.83,275.67
13296,2026/10/01 10:51:17,500,3077.51,-100.9,275.16
13297,2026/10/01 10:51:18,0,3077.35,-101.79,276.16
13298,2026/10/01 10:51:18,500,3077.53,-99.11,275.68
13299,2026/10/01 10:51:19,0,3076.75,-100.92,275.59
13300,2026/10/01 10:51:19,500,3075.53,-100.29,275.28
13301,2026/10/01 10:51:20,0,3075.28,-99.64,275.88
13302,2026/10/01 10:51:20,500,3076.69,-99.99,276.31
13303,2026/10/01 10:51:21,0,3075.3,-100.01,276.96
13304,2026/10/01 10:51:21,500,3076.62,-101.36,275.15
13305,2026/10/01 10:51:22,0,3077.01,-99.6,275.55
13306,2026/10/01 10:51:22,500,3075.64,-100.47,274.67
13307,2026/10/01 10:51:23,0,3076.66,-100.13,275.97
13308,2026/10/01 10:51:23,500,3075.77,-98.26,274.95
13309,2026/10/01 10:51:24,0,3075.46,-99.24,275.78
13310,2026/10/01 10:51:24,500,3075.37,-100.86,276.26
13311,2026/10/01 10:51:25,0,3074.52,-100.22,275.44
13312,2026/10/01 10:51:25,500,3074.3,-97.6,275.18
13313,2026/10/01 10:51:26,0,3073.62,-100.46,276.31
13314,2026/10/01 10:51:26,500,3074.23,-99.94,276.01
13315,2026/10/01 10:51:27,0,3076.4,-99.0,275.09
13316,2026/10/01 10:51:27,500,3073.37,-99.68,275.73
13317,2026/10/01 10:51:28,0,3073.5,-100.56,275.24
13318,2026/10/01 10:51:28,500,3073.67,-101.12,276.2
13319,2026/10/01 10:51:29,0,3073.59,-100.02,275.74
13320,2026/10/01 10:51:29,500,3074.28,-99.01,276.44
13321,2026/10/01 10:51:30,0,3073.46,-98.02,275.21
13322,2026/10/01 10:51:30,500,3073.66,-102.2,275.8
13323,2026/10/01 10:51:31,0,3073.02,-97.36,275.68
13324,2026/10/01 10:51:31,500,3073.2,-100.43,275.82
13325,2026/10/01 10:51:32,0,3073.41,-98.61,275.41
13326,2026/10/01 10:51:32,500,3073.22,-101.11,274.57
13327,2026/10/01 10:51:33,0,3074.79,-102.42,276.04
13328,2026/10/01 10:51:33,500,3073.07,-101.97,275.73
13329,2026/10/01 10:51:34,0,3072.8,-100.5,275.29
13330,2026/10/01 10:51:34,500,3070.85,-99.21,275.46
13331,2026/10/01 10:51:35,0,3072.92,-99.95,275.13
13332,2026/10/01 10:51:35,500,3071.02,-100.38,274.79
13333,2026/10/01 10:51:36,0,3072.92,-98.32,276.24
13334,2026/10/01 10:51:36,500,3072.47,-100.0,276.01
13335,2026/10/01 10:51:37,0,3072.88,-99.58,275.06
13336,2026/10/01 10:51:37,500,3071.61,-95.33,277.0
13337,2026/10/01 10:51:38,0,3072.02,-100.01,275.17
13338,2026/10/01 10:51:38,500,3072.42,-101.04,276.1
13339,2026/10/01 10:51:39,0,3071.02,-99.28,275.75
13340,2026/10/01 10:51:39,500,3072.13,-98.9,275.12
13341,2026/10/01 10:51:40,0,3071.97,-99.55,275.93
13342,2026/10/01 10:51:40,500,3071.29,-99.76,275.66
13343,2026/10/01 10:51:41,0,3072.55,-97.78,275.44
13344,2026/10/01 10:51:41,500,3071.58,-97.96,276.42
13345,2026/10/01 10:51:42,0,3069.71,-100.18,276.08
13346,2026/10/01 10:51:42,500,3071.72,-100.97,276.13
13347,2026/10/01 10:51:43,0,3070.28,-99.36,275.67
13348,2026/10/01 10:51:43,500,3071.33,-100.97,275.95
13349,2026/10/01 10:51:44,0,3070.81,-98.67,275.77
13350,2026/10/01 10:51:44,500,3068.34,-99.36,276.03
13351,2026/10/01 10:51:45,0,3070.82,-95.99,275.3
13352,2026/10/01 10:51:45,500,3070.04,-97.79,274.6
13353,2026/10/01 10:51:46,0,3069.74,-101.62,276.47
13354,2026/10/01 10:51:46,500,3069.65,-100.78,275.79
13355,2026/10/01 10:51:47,0,3070.5,-102.87,276.09
13356,2026/10/01 10:51:47,500,3069.02,-103.21,275.46
13357,2026/10/01 10:51:48,0,3070.53,-99.83,275.7
13358,2026/10/01 10:51:48,500,3068.31,-101.79,276.57
13359,2026/10/01 10:51:49,0,3069.64,-97.54,276.0
13360,2026/10/01 10:51:49,500,3069.91,-98.26,276.92
13361,2026/10/01 10:51:50,0,3069.77,-100.41,276.27
13362,2026/10/01 10:51:50,500,3069.21,-100.49,275.49
13363,2026/10/01 10:51:51,0,3068.78,-97.77,276.05
13364,2026/10/01 10:51:51,500,3068.39,-97.43,276.67
13365,2026/10/01 10:51:52,0,3067.74,-101.4,275.95
13366,2026/10/01 10:51:52,500,3068.05,-101.59,276.16
13367,2026/10/01 10:51:53,0,3067.72,-100.45,276.55
13368,2026/10/01 10:51:53,500,3067.47,-99.35,274.67
13369,2026/10/01 10:51:54,0,3069.7,-100.77,276.2
13370,2026/10/01 10:51:54,500,3066.77,-99.32,276.53
13371,2026/10/01 10:51:55,0,3068.93,-97.07,275.47
13372,2026/10/01 10:51:55,500,3066.93,-102.11,276.38
13373,2026/10/01 10:51:56,0,3066.99,-100.67,275.86
13374,2026/10/01 10:51:56,500,3066.86,-102.08,275.02
13375,2026/10/01 10:51:57,0,3066.69,-101.25,276.27
13376,2026/10/01 10:51:57,500,3068.21,-100.44,275.87
13377,2026/10/01 10:51:58,0,3067.83,-101.09,275.84
13378,2026/10/01 10:51:58,500,3067.06,-99.22,276.2
13379,2026/10/01 10:51:59,0,3069.3,-99.77,275.41
13380,2026/10/01 10:51:59,500,3067.01,-99.55,276.27
13381,2026/10/01 10:52:00,0,3066.96,-100.46,275.44
13382,2026/10/01 10:52:00,500,3066.25,-100.32,276.65
13383,2026/10/01 10:52:01,0,3066.04,-100.53,276.47
13384,2026/10/01 10:52:01,500,3066.15,-100.37,276.67
13385,2026/10/01 10:52:02,0,3067.15,-99.37,276.14
13386,2026/10/01 10:52:02,500,3066.81,-102.89,275.7
13387,2026/10/01 10:52:03,0,3067.28,-99.57,275.55
13388,2026/10/01 10:52:03,500,3065.56,-101.3,275.52
13389,2026/10/01 10:52:04,0,3066.49,-100.51,275.83
13390,2026/10/01 10:52:04,500,3066.16,-102.34,275.58
13391,2026/10/01 10:52:05,0,3066.15,-100.54,276.09
13392,2026/10/01 10:52:05,500,3065.0,-99.58,275.53
13393,2026/10/01 10:52:06,0,3064.75,-99.31,275.62
13394,2026/10/01 10:52:06,500,3065.91,-101.78,275.75
13395,2026/10/01 10:52:07,0,3066.06,-99.39,275.55
13396,2026/10/01 10:52:07,500,3064.76,-98.29,275.77
13397,2026/10/01 10:52:08,0,3065.64,-100.74,276.24
13398,2026/10/01 10:52:08,500,3066.0,-100.0,275.51
13399,2026/10/01 10:52:09,0,3064.64,-103.1,275.35
13400,2026/10/01 10:52:09,500,3063.67,-101.35,275.87
13401,2026/10/01 10:52:10,0,3063.66,-99.59,275.39
13402,2026/10/01 10:52:10,500,3064.07,-98.57,276.63
13403,2026/10/01 10:52:11,0,3064.14,-100.9,275.62
13404,2026/10/01 10:52:11,500,3064.36,-96.0,275.99
13405,2026/10/01 10:52:12,0,3064.27,-99.53,276.2
13406,2026/10/01 10:52:12,500,3063.96,-101.91,275.35
13407,2026/10/01 10:52:13,0,3064.61,-98.07,275.56
13408,2026/10/01 10:52:13,500,3063.36,-101.88,275.67
13409,2026/10/01 10:52:14,0,3064.87,-99.51,276.38
13410,2026/10/01 10:52:14,500,3064.5,-101.39,276.91
13411,2026/10/01 10:52:15,0,3064.34,-102.04,276.92
13412,2026/10/01 10:52:15,500,3063.01,-98.56,276.63
13413,2026/10/01 10:52:16,0,3063.34,-100.39,275.38
13414,2026/10/01 10:52:16,500,3063.91,-97.41,275.56
13415,2026/10/01 10:52:17,0,3063.06,-101.53,276.7
13416,2026/10/01 10:52:17,500,3062.56,-102.34,276.77
13417,2026/10/01 10:52:18,0,3062.42,-100.72,276.41
13418,2026/10/01 10:52:18,500,3062.35,-95.66,276.42
13419,2026/10/01 10:52:19,0,3061.87,-98.75,275.8
13420,2026/10/01 10:52:19,500,3064.99,-99.17,276.88
13421,2026/10/01 10:52:20,0,3061.03,-99.12,275.66
13422,2026/10/01 10:52:20,500,3061.7,-100.73,275.22
13423,2026/10/01 10:52:21,0,3062.86,-95.91,276.43
13424,2026/10/01 10:52:21,500,3061.74,-99.31,275.74
13425,2026/10/01 10:52:22,0,3061.9,-99.45,275.39
13426,2026/10/01 10:52:22,500,3062.39,-98.52,276.48
13427,2026/10/01 10:52:23,0,3062.8,-101.91,275.13
13428,2026/10/01 10:52:23,500,3061.65,-101.32,276.28
13429,2026/10/01 10:52:24,0,3062.5,-100.37,275.83
13430,2026/10/01 10:52:24,500,3060.3,-98.51,276.86
13431,2026/10/01 10:52:25,0,3061.07,-101.95,276.29
13432,2026/10/01 10:52:25,500,3061.85,-100.1,276.6
13433,2026/10/01 10:52:26,0,3062.93,-100.31,275.52
13434,2026/10/01 10:52:26,500,3060.48,-102.36,275.22
13435,2026/10/01 10:52:27,0,3060.24,-100.76,275.89
13436,2026/10/01 10:52:27,500,3061.32,-99.19,276.38
13437,2026/10/01 10:52:28,0,3060.99,-102.22,276.11
13438,2026/10/01 10:52:28,500,3060.27,-97.88,276.66
13439,2026/10/01 10:52:29,0,3059.77,-99.3,276.36
13440,2026/10/01 10:52:29,500,3060.23,-99.48,275.56
13441,2026/10/01 10:52:30,0,3060.96,-99.99,276.32
13442,2026/10/01 10:52:30,500,3060.17,-101.64,276.18
13443,2026/10/01 10:52:31,0,3061.28,-100.97,276.73
13444,2026/10/01 10:52:31,500,3060.13,-99.46,275.64
13445,2026/10/01 10:52:32,0,3060.62,-100.98,275.77
13446,2026/10/01 10:52:32,500,3060.26,-99.72,276.31
13447,2026/10/01 10:52:33,0,3059.62,-101.35,276.82
13448,2026/10/01 10:52:33,500,3060.51,-99.32,276.01
13449,2026/10/01 10:52:34,0,3058.77,-99.21,276.42
13450,2026/10/01 10:52:34,500,3059.2,-102.44,276.14
13451,2026/10/01 10:52:35,0,3059.21,-99.9,276.1
13452,2026/10/01 10:52:35,500,3059.75,-102.28,276.7
13453,2026/10/01 10:52:36,0,3059.85,-102.79,276.19
13454,2026/10/01 10:52:36,500,3058.59,-100.89,275.91
13455,2026/10/01 10:52:37,0,3058.38,-95.8,275.89
13456,2026/10/01 10:52:37,500,3059.11,-98.84,275.99
13457,2026/10/01 10:52:38,0,3057.72,-97.91,275.8
13458,2026/10/01 10:52:38,500,3059.66,-99.09,276.03
13459,2026/10/01 10:52:39,0,3058.57,-99.69,276.18
13460,2026/10/01 10:52:39,500,3057.72,-98.66,276.3
13461,2026/10/01 10:52:40,0,3057.61,-100.96,275.66
13462,2026/10/01 10:52:40,500,3058.71,-99.29,275.95
13463,2026/10/01 10:52:41,0,3058.59,-98.23,275.98
13464,2026/10/01 10:52:41,500,3057.65,-98.95,275.78
13465,2026/10/01 10:52:42,0,3058.08,-98.14,275.88
13466,2026/10/01 10:52:42,500,3057.17,-99.73,276.62
13467,2026/10/01 10:52:43,0,3057.77,-97.46,276.86
13468,2026/10/01 10:52:43,500,3059.06,-100.31,276.02
13469,2026/10/01 10:52:44,0,3059.49,-96.82,275.83
13470,2026/10/01 10:52:44,500,3057.52,-99.14,276.14
13471,2026/10/01 10:52:45,0,3057.93,-100.58,276.23
13472,2026/10/01 10:52:45,500,3057.81,-101.77,276.54
13473,2026/10/01 10:52:46,0,3056.02,-101.21,276.0
13474,2026/10/01 10:52:46,500,3056.38,-101.44,275.93
13475,2026/10/01 10:52:47,0,3055.35,-100.13,277.43
13476,2026/10/01 10:52:47,500,3057.47,-101.91,275.56
13477,2026/10/01 10:52:48,0,3058.57,-98.06,276.66
13478,2026/10/01 10:52:48,500,3057.77,-99.83,276.96
13479,2026/10/01 10:52:49,0,3056.86,-99.89,276.09
13480,2026/10/01 10:52:49,500,3056.65,-101.75,276.44
13481,2026/10/01 10:52:50,0,3056.36,-101.15,275.38
13482,2026/10/01 10:52:50,500,3057.39,-103.33,276.24
13483,2026/10/01 10:52:51,0,3056.62,-97.57,276.81
13484,2026/10/01 10:52:51,500,3056.4,-102.13,276.29
13485,2026/10/01 10:52:52,0,3055.38,-102.01,276.25
13486,2026/10/01 10:52:52,500,3056.65,-97.88,277.1
13487,2026/10/01 10:52:53,0,3055.95,-99.42,276.65
13488,2026/10/01 10:52:53,500,3056.3,-99.82,276.6
13489,2026/10/01 10:52:54,0,3056.69,-99.49,275.84
13490,2026/10/01 10:52:54,500,3054.49,-98.57,275.03
13491,2026/10/01 10:52:55,0,3055.46,-99.85,276.44
13492,2026/10/01 10:52:55,500,3055.26,-102.32,276.26
13493,2026/10/01 10:52:56,0,3055.09,-98.9,276.64
13494,2026/10/01 10:52:56,500,3054.53,-99.37,276.32
13495,2026/10/01 10:52:57,0,3054.75,-98.24,276.29
13496,2026/10/01 10:52:57,500,3054.36,-101.87,276.28
13497,2026/10/01 10:52:58,0,3055.81,-101.09,275.72
13498,2026/10/01 10:52:58,500,3055.36,-99.41,275.35
13499,2026/10/01 10:52:59,0,3055.21,-101.42,275.83
13500,2026/10/01 10:52:59,500,3053.33,-103.53,275.73
13501,2026/10/01 10:53:00,0,3056.34,-99.7,276.26
13502,2026/10/01 10:53:00,500,3054.36,-98.66,275.47
13503,2026/10/01 10:53:01,0,3055.99,-100.19,276.05
13504,2026/10/01 10:53:01,500,3055.11,-99.18,277.26
13505,2026/10/01 10:53:02,0,3054.23,-99.39,276.26
13506,2026/10/01 10:53:02,500,3055.96,-99.98,276.32
13507,2026/10/01 10:53:03,0,3054.69,-99.8,276.31
13508,2026/10/01 10:53:03,500,3053.96,-97.98,276.41
13509,2026/10/01 10:53:04,0,3053.74,-101.45,276.04
13510,2026/10/01 10:53:04,500,3054.79,-98.84,276.23
13511,2026/10/01 10:53:05,0,3053.45,-101.77,276.04
13512,2026/10/01 10:53:05,500,3053.48,-101.19,275.57
13513,2026/10/01 10:53:06,0,3053.22,-98.21,276.91
13514,2026/10/01 10:53:06,500,3053.0,-101.81,275.88
13515,2026/10/01 10:53:07,0,3052.96,-100.36,277.13
13516,2026/10/01 10:53:07,500,3054.85,-96.46,275.95
13517,2026/10/01 10:53:08,0,3054.14,-98.46,275.65
13518,2026/10/01 10:53:08,500,3053.44,-101.11,277.3
13519,2026/10/01 10:53:09,0,3052.72,-100.85,275.6
13520,2026/10/01 10:53:09,500,3052.63,-100.26,275.21
13521,2026/10/01 10:53:10,0,3052.69,-98.03,275.62
13522,2026/10/01 10:53:10,500,3054.33,-101.5,276.28
13523,2026/10/01 10:53:11,0,3053.04,-101.59,275.68
13524,2026/10/01 10:53:11,500,3053.32,-98.93,276.07
13525,2026/10/01 10:53:12,0,3052.79,-102.52,275.34
13526,2026/10/01 10:53:12,500,3051.84,-101.37,276.9
13527,2026/10/01 10:53:13,0,3052.54,-100.13,276.57
13528,2026/10/01 10:53:13,500,3051.51,-100.05,275.73
13529,2026/10/01 10:53:14,0,3053.24,-102.05,275.21
13530,2026/10/01 10:53:14,500,3051.6,-99.47,275.92
13531,2026/10/01 10:53:15,0,3051.65,-99.17,276.7
13532,2026/10/01 10:53:15,500,3052.67,-100.99,276.92
13533,2026/10/01 10:53:16,0,3051.38,-97.51,276.26
13534,2026/10/01 10:53:16,500,3051.67,-99.49,276.13
13535,2026/10/01 10:53:17,0,3049.65,-101.51,276.1
13536,2026/10/01 10:53:17,500,3051.42,-97.57,276.54
13537,2026/10/01 10:53:18,0,3052.07,-100.78,276.83
13538,2026/10/01 10:53:18,500,3051.0,-99.73,276.32
13539,2026/10/01 10:53:19,0,3051.87,-100.73,276.21
13540,2026/10/01 10:53:19,500,3051.32,-99.06,276.79
13541,2026/10/01 10:53:20,0,3052.12,-100.72,277.15
13542,2026/10/01 10:53:20,500,3050.57,-100.63,276.26
13543,2026/10/01 10:53:21,0,3050.88,-100.24,276.45
13544,2026/10/01 10:53:21,500,3049.82,-100.75,276.04
13545,2026/10/01 10:53:22,0,3050.83,-98.39,276.46
13546,2026/10/01 10:53:22,500,3050.48,-101.89,275.96
13547,2026/10/01 10:53:23,0,3051.51,-100.06,277.13
13548,2026/10/01 10:53:23,500,3050.15,-99.87,276.87
13549,2026/10/01 10:53:24,0,3050.23,-100.19,277.3
13550,2026/10/01 10:53:24,500,3049.94,-98.55,276.15
13551,2026/10/01 10:53:25,0,3050.42,-102.26,277.47
13552,2026/10/01 10:53:25,500,3051.91,-99.15,276.56
13553,2026/10/01 10:53:26,0,3047.43,-101.87,276.37
13554,2026/10/01 10:53:26,500,3050.11,-100.76,277.07
13555,2026/10/01 10:53:27,0,3051.0,-102.02,275.94
13556,2026/10/01 10:53:27,500,3049.57,-100.5,276.47
13557,2026/10/01 10:53:28,0,3050.32,-100.87,276.37
13558,2026/10/01 10:53:28,500,3050.76,-97.54,276.66
13559,2026/10/01 10:53:29,0,3049.51,-99.64,276.24
13560,2026/10/01 10:53:29,500,3049.13,-99.34,276.19
13561,2026/10/01 10:53:30,0,3050.32,-101.66,276.27
13562,2026/10/01 10:53:30,500,3049.88,-98.89,276.32
13563,2026/10/01 10:53:31,0,3049.35,-97.54,276.51
13564,2026/10/01 10:53:31,500,3049.81,-98.7,277.12
13565,2026/10/01 10:53:32,0,3050.01,-101.97,275.4
13566,2026/10/01 10:53:32,500,3049.11,-100.7,276.86
13567,2026/10/01 10:53:33,0,3049.32,-99.84,276.25
13568,2026/10/01 10:53:33,500,3049.41,-100.87,276.39
13569,2026/10/01 10:53:34,0,3048.54,-96.2,275.94
13570,2026/10/01 10:53:34,500,3049.78,-100.72,276.51
13571,2026/10/01 10:53:35,0,3047.92,-100.07,276.3
13572,2026/10/01 10:53:35,500,3048.56,-100.9,276.38
13573,2026/10/01 10:53:36,0,3049.2,-99.65,276.79
13574,2026/10/01 10:53:36,500,3047.66,-97.93,276.82
13575,2026/10/01 10:53:37,0,3049.12,-99.83,277.21
13576,2026/10/01 10:53:37,500,3048.5,-100.33,276.21
13577,2026/10/01 10:53:38,0,3049.32,-101.61,276.85
13578,2026/10/01 10:53:38,500,3048.67,-98.19,276.83
13579,2026/10/01 10:53:39,0,3047.97,-100.22,276.56
13580,2026/10/01 10:53:39,500,3048.21,-100.28,277.36
13581,2026/10/01 10:53:40,0,3048.16,-103.51,276.2
13582,2026/10/01 10:53:40,500,3049.48,-100.19,276.6
13583,2026/10/01 10:53:41,0,3047.85,-100.6,276.68
13584,2026/10/01 10:53:41,500,3047.59,-102.74,275.93
13585,2026/10/01 10:53:42,0,3047.47,-98.52,277.17
13586,2026/10/01 10:53:42,500,3047.7,-100.8,276.48
13587,2026/10/01 10:53:43,0,3046.56,-97.16,276.76
13588,2026/10/01 10:53:43,500,3047.08,-97.88,277.33
13589,2026/10/01 10:53:44,0,3046.5,-101.08,276.65
13590,2026/10/01 10:53:44,500,3046.52,-97.95,276.57
13591,2026/10/01 10:53:45,0,3047.79,-97.58,276.58
13592,2026/10/01 10:53:45,500,3047.09,-100.84,276.05
13593,2026/10/01 10:53:46,0,3046.4,-101.55,276.37
13594,2026/10/01 10:53:46,500,3046.79,-103.23,276.48
13595,2026/10/01 10:53:47,0,3046.64,-99.43,276.61
13596,2026/10/01 10:53:47,500,3046.8,-101.46,277.25
13597,2026/10/01 10:53:48,0,3045.47,-99.38,277.03
13598,2026/10/01 10:53:48,500,3045.73,-100.85,276.28
13599,2026/10/01 10:53:49,0,3045.37,-101.17,276.56
13600,2026/10/01 10:53:49,500,3045.73,-100.84,277.28
13601,2026/10/01 10:53:50,0,3045.79,-101.95,275.72
13602,2026/10/01 10:53:50,500,3045.47,-100.84,276.47
13603,2026/10/01 10:53:51,0,3046.83,-101.1,275.93
13604,2026/10/01 10:53:51,500,3047.61,-100.02,277.81
13605,2026/10/01 10:53:52,0,3046.72,-99.84,276.98
13606,2026/10/01 10:53:52,500,3045.53,-101.61,276.35
13607,2026/10/01 10:53:53,0,3046.08,-98.35,276.58
13608,2026/10/01 10:53:53,500,3045.78,-100.24,276.19
13609,2026/10/01 10:53:54,0,3045.27,-97.75,277.6
13610,2026/10/01 10:53:54,500,3046.74,-99.64,275.46
13611,2026/10/01 10:53:55,0,3047.21,-99.9,276.77
13612,2026/10/01 10:53:55,500,3044.35,-100.74,276.58
13613,2026/10/01 10:53:56,0,3046.6,-99.08,276.1
13614,2026/10/01 10:53:56,500,3044.9,-99.95,276.49
13615,2026/10/01 10:53:57,0,3045.09,-98.71,275.81
13616,2026/10/01 10:53:57,500,3045.45,-97.59,277.41
13617,2026/10/01 10:53:58,0,3046.39,-101.09,276.64
13618,2026/10/01 10:53:58,500,3045.3,-99.08,277.09
13619,2026/10/01 10:53:59,0,3045.33,-99.12,276.39
13620,2026/10/01 10:53:59,500,3045.61,-99.31,277.31
13621,2026/10/01 10:54:00,0,3045.66,-100.65,276.65
13622,2026/10/01 10:54:00,500,3045.18,-100.62,277.18
13623,2026/10/01 10:54:01,0,3045.51,-100.88,276.93
13624,2026/10/01 10:54:01,500,3044.15,-100.91,276.63
13625,2026/10/01 10:54:02,0,3043.16,-101.26,277.15
13626,2026/10/01 10:54:02,500,3045.94,-100.16,278.74
13627,2026/10/01 10:54:03,0,3043.57,-101.14,276.09
13628,2026/10/01 10:54:03,500,3043.9,-99.35,276.6
13629,2026/10/01 10:54:04,0,3043.99,-99.91,276.01
13630,2026/10/01 10:54:04,500,3043.78,-99.75,276.87
13631,2026/10/01 10:54:05,0,3043.53,-100.41,276.78
13632,2026/10/01 10:54:05,500,3044.41,-99.9,277.64
13633,2026/10/01 10:54:06,0,3044.34,-100.37,276.54
13634,2026/10/01 10:54:06,500,3044.38,-98.83,277.15
13635,2026/10/01 10:54:07,0,3044.26,-100.66,275.64
13636,2026/10/01 10:54:07,500,3043.41,-99.44,276.75
13637,2026/10/01 10:54:08,0,3043.34,-101.96,276.25
13638,2026/10/01 10:54:08,500,3044.49,-98.93,276.98
13639,2026/10/01 10:54:09,0,3043.11,-100.84,277.26
13640,2026/10/01 10:54:09,500,3043.02,-101.37,276.39
13641,2026/10/01 10:54:10,0,3044.12,-101.71,276.96
13642,2026/10/01 10:54:10,500,3043.29,-101.83,276.52
13643,2026/10/01 10:54:11,0,3042.83,-100.72,276.72
13644,2026/10/01 10:54:11,500,3042.77,-97.75,276.91
13645,2026/10/01 10:54:12,0,3043.99,-100.96,276.2
13646,2026/10/01 10:54:12,500,3043.49,-103.31,276.21
13647,2026/10/01 10:54:13,0,3043.14,-99.45,277.14
13648,2026/10/01 10:54:13,500,3041.94,-101.67,276.37
13649,2026/10/01 10:54:14,0,3043.0,-98.78,277.35
13650,2026/10/01 10:54:14,500,3042.56,-100.63,275.83
13651,2026/10/01 10:54:15,0,3041.93,-100.41,277.19
13652,2026/10/01 10:54:15,500,3042.11,-98.2,276.73
13653,2026/10/01 10:54:16,0,3043.08,-99.07,276.68
13654,2026/10/01 10:54:16,500,3043.44,-101.87,276.8
13655,2026/10/01 10:54:17,0,3041.53,-101.65,276.01
13656,2026/10/01 10:54:17,500,3041.56,-102.68,277.29
13657,2026/10/01 10:54:18,0,3042.79,-96.1,276.52
13658,2026/10/01 10:54:18,500,3041.84,-101.29,276.32
13659,2026/10/01 10:54:19,0,3042.54,-98.25,277.82
13660,2026/10/01 10:54:19,500,3041.69,990.92,276.57
13661,2026/10/01 10:54:20,0,3042.42,999.58,276.31
13662,2026/10/01 10:54:20,500,3040.79,-99.97,277.16
13663,2026/10/01 10:54:21,0,3042.26,-100.49,276.88
13664,2026/10/01 10:54:21,500,3040.07,-98.8,277.26
13665,2026/10/01 10:54:22,0,3042.42,-98.78,276.8
13666,2026/10/01 10:54:22,500,3041.58,-100.89,277.24
13667,2026/10/01 10:54:23,0,3041.89,-102.16,277.79
13668,2026/10/01 10:54:23,500,3041.66,-101.8,276.39
13669,2026/10/01 10:54:24,0,3040.04,-103.42,276.54
13670,2026/10/01 10:54:24,500,3042.43,-100.41,275.97
13671,2026/10/01 10:54:25,0,3041.53,-100.02,276.96
13672,2026/10/01 10:54:25,500,3041.8,-101.71,276.84
13673,2026/10/01 10:54:26,0,3040.49,-101.9,277.41
13674,2026/10/01 10:54:26,500,3041.25,-100.02,276.77
13675,2026/10/01 10:54:27,0,3039.94,-100.95,276.74
13676,2026/10/01 10:54:27,500,3041.04,-100.32,276.88
13677,2026/10/01 10:54:28,0,3040.1,-100.55,276.67
13678,2026/10/01 10:54:28,500,3044.79,-99.63,276.98
13679,2026/10/01 10:54:29,0,3041.2,-100.85,276.91
13680,2026/10/01 10:54:29,500,3041.71,-100.73,277.07
13681,2026/10/01 10:54:30,0,3040.38,-102.82,276.69
13682,2026/10/01 10:54:30,500,3040.83,-992.56,277.08
13683,2026/10/01 10:54:31,0,3041.17,-993.16,277.11
13684,2026/10/01 10:54:31,500,3039.52,-100.27,276.65
13685,2026/10/01 10:54:32,0,3039.77,-97.13,276.77
13686,2026/10/01 10:54:32,500,3041.02,-99.76,276.73
13687,2026/10/01 10:54:33,0,3040.0,-100.23,276.2
13688,2026/10/01 10:54:33,500,3039.51,-99.25,276.58
13689,2026/10/01 10:54:34,0,3039.54,-96.83,277.2
13690,2026/10/01 10:54:34,500,3039.0,-99.62,277.25
13691,2026/10/01 10:54:35,0,3038.34,-103.34,277.0
13692,2026/10/01 10:54:35,500,3038.49,-99.35,276.32
13693,2026/10/01 10:54:36,0,3039.82,-101.32,277.32
13694,2026/10/01 10:54:36,500,3040.25,-102.88,277.76
13695,2026/10/01 10:54:37,0,3041.66,-97.45,277.13
13696,2026/10/01 10:54:37,500,3039.55,-97.78,276.84
13697,2026/10/01 10:54:38,0,3038.49,-101.36,276.41
13698,2026/10/01 10:54:38,500,3039.43,-101.35,276.84
13699,2026/10/01 10:54:39,0,3039.95,-99.76,276.6
13700,2026/10/01 10:54:39,500,3040.14,-101.33,276.75
13701,2026/10/01 10:54:40,0,3040.0,-100.2,277.5
13702,2026/10/01 10:54:40,500,3039.64,-101.07,277.3
13703,2026/10/01 10:54:41,0,3039.2,-100.6,276.69
13704,2026/10/01 10:54:41,500,3039.65,-102.11,276.9
13705,2026/10/01 10:54:42,0,3038.04,-98.76,276.86
13706,2026/10/01 10:54:42,500,3037.32,-98.19,276.65
13707,2026/10/01 10:54:43,0,3040.54,-100.15,276.2
13708,2026/10/01 10:54:43,500,3038.76,-100.05,277.29
13709,2026/10/01 10:54:44,0,3039.16,-99.06,277.46
13710,2026/10/01 10:54:44,500,3036.43,-100.0,276.57
13711,2026/10/01 10:54:45,0,3039.84,-97.41,276.55
13712,2026/10/01 10:54:45,500,3039.46,-101.97,277.34
13713,2026/10/01 10:54:46,0,3037.22,-98.71,276.55
13714,2026/10/01 10:54:46,500,3038.16,-100.17,276.19
13715,2026/10/01 10:54:47,0,3038.56,-101.68,276.67
13716,2026/10/01 10:54:47,500,3037.27,-96.63,277.57
13717,2026/10/01 10:54:48,0,3038.61,-96.42,276.63
13718,2026/10/01 10:54:48,500,3038.99,-100.31,276.57
13719,2026/10/01 10:54:49,0,3038.35,-99.33,276.66
13720,2026/10/01 10:54:49,500,3036.78,-100.71,276.33
13721,2026/10/01 10:54:50,0,3037.14,-100.47,276.25
13722,2026/10/01 10:54:50,500,3037.8,-101.7,276.78
13723,2026/10/01 10:54:51,0,3037.64,-101.92,276.21
13724,2026/10/01 10:54:51,500,3037.59,-97.23,276.71
13725,2026/10/01 10:54:52,0,3037.5,-100.06,277.05
13726,2026/10/01 10:54:52,500,3036.21,-99.92,277.11
13727,2026/10/01 10:54:53,0,3038.23,-101.22,276.85
13728,2026/10/01 10:54:53,500,3038.03,-99.72,276.32
13729,2026/10/01 10:54:54,0,3037.88,-102.26,276.72
13730,2026/10/01 10:54:54,500,3037.74,-101.16,277.1
13731,2026/10/01 10:54:55,0,3037.11,-101.8,277.24
13732,2026/10/01 10:54:55,500,3036.79,-98.06,276.8
13733,2026/10/01 10:54:56,0,3036.4,-102.48,276.58
13734,2026/10/01 10:54:56,500,3038.39,-101.77,276.98
13735,2026/10/01 10:54:57,0,3037.07,-103.07,276.76
13736,2026/10/01 10:54:57,500,3035.7,-101.34,276.43
13737,2026/10/01 10:54:58,0,3036.94,-100.69,277.1
13738,2026/10/01 10:54:58,500,3035.24,-98.53,276.96
13739,2026/10/01 10:54:59,0,3037.04,-100.33,276.4
13740,2026/10/01 10:54:59,500,3036.9,-100.62,276.64
13741,2026/10/01 10:55:00,0,3039.11,0.45,276.84
13742,2026/10/01 10:55:00,500,3041.53,-0.66,276.15
13743,2026/10/01 10:55:01,0,3045.47,3.61,276.52
13744,2026/10/01 10:55:01,500,3047.68,-0.89,277.18
13745,2026/10/01 10:55:02,0,3048.9,0.62,276.6
13746,2026/10/01 10:55:02,500,3054.12,1.24,276.42
13747,2026/10/01 10:55:03,0,3055.09,-0.93,277.34
13748,2026/10/01 10:55:03,500,3057.47,0.25,276.95
13749,2026/10/01 10:55:04,0,3062.28,-0.75,277.1
13750,2026/10/01 10:55:04,500,3064.7,0.41,276.34
13751,2026/10/01 10:55:05,0,3066.16,0.15,276.57
13752,2026/10/01 10:55:05,500,3068.13,-0.21,276.68
13753,2026/10/01 10:55:06,0,3071.02,-1.73,276.78
13754,2026/10/01 10:55:06,500,3074.01,2.8,277.78
13755,2026/10/01 10:55:07,0,3077.94,0.88,276.66
13756,2026/10/01 10:55:07,500,3080.59,-2.38,277.14
13757,2026/10/01 10:55:08,0,3082.27,-0.63,277.72
13758,2026/10/01 10:55:08,500,3085.22,-2.35,277.41
13759,2026/10/01 10:55:09,0,3087.09,1.14,276.61
13760,2026/10/01 10:55:09,500,3089.11,-0.03,277.08
13761,2026/10/01 10:55:10,0,3091.15,0.01,276.55
13762,2026/10/01 10:55:10,500,3095.13,-1.26,276.44
13763,2026/10/01 10:55:11,0,3098.11,-0.47,276.86
13764,2026/10/01 10:55:11,500,3099.49,1.18,276.86
13765,2026/10/01 10:55:12,0,3103.34,1.58,276.65
13766,2026/10/01 10:55:12,500,3104.57,1.27,276.29
13767,2026/10/01 10:55:13,0,3107.42,-2.33,276.11
13768,2026/10/01 10:55:13,500,3109.64,-0.28,275.73
13769,2026/10/01 10:55:14,0,3113.26,0.38,276.39
13770,2026/10/01 10:55:14,500,3115.11,-1.1,276.41
13771,2026/10/01 10:55:15,0,3117.1,-2.49,276.68
13772,2026/10/01 10:55:15,500,3119.63,-1.93,275.51
13773,2026/10/01 10:55:16,0,3121.03,2.25,276.27
13774,2026/10/01 10:55:16,500,3122.6,-1.79,276.1
13775,2026/10/01 10:55:17,0,3126.35,0.07,276.15
13776,2026/10/01 10:55:17,500,3129.01,-0.23,276.78
13777,2026/10/01 10:55:18,0,3131.96,-0.23,276.78
13778,2026/10/01 10:55:18,500,3133.77,-0.48,276.62
13779,2026/10/01 10:55:19,0,3135.88,1.18,276.14
13780,2026/10/01 10:55:19,500,3136.24,0.05,275.98
13781,2026/10/01 10:55:20,0,3141.35,-0.94,276.65
13782,2026/10/01 10:55:20,500,3143.43,0.08,276.88
13783,2026/10/01 10:55:21,0,3146.22,-1.92,276.8
13784,2026/10/01 10:55:21,500,3147.9,0.71,276.23
13785,2026/10/01 10:55:22,0,3151.09,-1.02,275.98
13786,2026/10/01 10:55:22,500,3152.02,-0.94,276.29
13787,2026/10/01 10:55:23,0,3154.7,0.77,276.3
13788,2026/10/01 10:55:23,500,3157.2,-0.61,275.7
13789,2026/10/01 10:55:24,0,3159.79,-0.53,275.78
13790,2026/10/01 10:55:24,500,3161.84,1.75,277.38
13791,2026/10/01 10:55:25,0,3164.13,-1.46,275.63
13792,2026/10/01 10:55:25,500,3166.19,0.75,276.24
13793,2026/10/01 10:55:26,0,3168.04,1.42,275.53
13794,2026/10/01 10:55:26,500,3171.13,1.75,275.71
13795,2026/10/01 10:55:27,0,3171.27,3.26,275.29
13796,2026/10/01 10:55:27,500,3174.3,-0.96,275.27
13797,2026/10/01 10:55:28,0,3178.26,-1.3,276.01
13798,2026/10/01 10:55:28,500,3178.62,1.23,275.93
13799,2026/10/01 10:55:29,0,3181.27,1.41,276.58
13800,2026/10/01 10:55:29,500,3184.6,-1.19,275.65
13801,2026/10/01 10:55:30,0,3185.53,0.73,275.7
13802,2026/10/01 10:55:30,500,3187.1,4.09,275.58
13803,2026/10/01 10:55:31,0,3190.86,0.16,275.09
13804,2026/10/01 10:55:31,500,3191.79,1.39,275.85
13805,2026/10/01 10:55:32,0,3193.96,2.37,275.45
13806,2026/10/01 10:55:32,500,3194.65,3.76,274.79
13807,2026/10/01 10:55:33,0,3198.23,0.37,276.04
13808,2026/10/01 10:55:33,500,3200.96,1.88,275.18
13809,2026/10/01 10:55:34,0,3202.15,-1.18,275.61
13810,2026/10/01 10:55:34,500,3203.54,0.04,275.61
13811,2026/10/01 10:55:35,0,3206.24,-0.67,275.51
13812,2026/10/01 10:55:35,500,3208.18,-2.83,274.88
13813,2026/10/01 10:55:36,0,3210.52,-2.4,276.06
13814,2026/10/01 10:55:36,500,3212.34,0.65,274.98
13815,2026/10/01 10:55:37,0,3216.11,0.67,274.09
13816,2026/10/01 10:55:37,500,3217.04,-1.56,275.72
13817,2026/10/01 10:55:38,0,3217.41,2.34,275.69
13818,2026/10/01 10:55:38,500,3220.86,-1.66,274.66
13819,2026/10/01 10:55:39,0,3222.77,0.39,275.23
13820,2026/10/01 10:55:39,500,3225.74,-0.62,275.76
13821,2026/10/01 10:55:40,0,3226.63,0.16,275.9
13822,2026/10/01 10:55:40,500,3228.58,1.35,275.48
13823,2026/10/01 10:55:41,0,3232.18,1.14,275.57
13824,2026/10/01 10:55:41,500,3231.78,1.06,275.49
13825,2026/10/01 10:55:42,0,3235.22,0.87,275.04
13826,2026/10/01 10:55:42,500,3236.57,-1.91,274.55
13827,2026/10/01 10:55:43,0,3238.04,1.7,274.94
13828,2026/10/01 10:55:43,500,3239.84,-1.59,275.61
13829,2026/10/01 10:55:44,0,3243.36,-0.16,275.58
13830,2026/10/01 10:55:44,500,3244.55,-0.53,275.11
13831,2026/10/01 10:55:45,0,3246.55,0.53,274.82
13832,2026/10/01 10:55:45,500,3248.67,-0.73,275.83
13833,2026/10/01 10:55:46,0,3250.11,-0.24,275.01
13834,2026/10/01 10:55:46,500,3250.86,2.43,275.24
13835,2026/10/01 10:55:47,0,3252.32,-1.94,274.3
13836,2026/10/01 10:55:47,500,3256.66,-0.0,274.85
13837,2026/10/01 10:55:48,0,3257.45,-1.67,275.4
13838,2026/10/01 10:55:48,500,3259.18,1.01,274.16
13839,2026/10/01 10:55:49,0,3262.4,-1.09,274.8
13840,2026/10/01 10:55:49,500,3261.93,0.06,275.0
13841,2026/10/01 10:55:50,0,3262.58,-1.99,275.49
13842,2026/10/01 10:55:50,500,3264.96,1.94,275.25
13843,2026/10/01 10:55:51,0,3267.79,0.11,275.58
13844,2026/10/01 10:55:51,500,3270.1,0.21,275.13
13845,2026/10/01 10:55:52,0,3272.91,1.24,275.14
13846,2026/10/01 10:55:52,500,3274.25,-1.88,274.2
13847,2026/10/01 10:55:53,0,3273.3,-0.92,274.16
13848,2026/10/01 10:55:53,500,3279.35,0.26,275.47
13849,2026/10/01 10:55:54,0,3278.54,-2.64,274.39
13850,2026/10/01 10:55:54,500,3281.6,-2.48,274.32
13851,2026/10/01 10:55:55,0,3282.8,-1.23,273.42
13852,2026/10/01 10:55:55,500,3284.11,-1.71,275.08
13853,2026/10/01 10:55:56,0,3285.64,-0.52,273.97
13854,2026/10/01 10:55:56,500,3286.66,0.78,274.1
13855,2026/10/01 10:55:57,0,3288.24,1.12,275.04
13856,2026/10/01 10:55:57,500,3290.84,2.71,273.37
13857,2026/10/01 10:55:58,0,3291.57,-0.03,275.13
13858,2026/10/01 10:55:58,500,3295.69,0.23,274.01
13859,2026/10/01 10:55:59,0,3296.14,-0.04,274.34
13860,2026/10/01 10:55:59,500,3299.41,0.48,274.0
13861,2026/10/01 10:56:00,0,3299.06,0.6,273.7
13862,2026/10/01 10:56:00,500,3300.6,1.38,273.97
13863,2026/10/01 10:56:01,0,3303.21,1.38,273.91
13864,2026/10/01 10:56:01,500,3304.18,0.78,273.69
13865,2026/10/01 10:56:02,0,3306.81,2.27,275.06
13866,2026/10/01 10:56:02,500,3308.82,0.04,273.78
13867,2026/10/01 10:56:03,0,3310.18,-0.92,273.3
13868,2026/10/01 10:56:03,500,3312.02,-0.67,273.19
13869,2026/10/01 10:56:04,0,3313.2,-0.16,274.42
13870,2026/10/01 10:56:04,500,3313.71,-1.63,273.32
13871,2026/10/01 10:56:05,0,3316.67,-0.92,274.08
13872,2026/10/01 10:56:05,500,3317.91,-1.71,275.13
13873,2026/10/01 10:56:06,0,3318.45,0.52,274.22
13874,2026/10/01 10:56:06,500,3320.14,0.53,274.27
13875,2026/10/01 10:56:07,0,3322.04,-2.65,273.82
13876,2026/10/01 10:56:07,500,3324.57,-0.98,274.06
13877,2026/10/01 10:56:08,0,3325.34,2.74,273.94
13878,2026/10/01 10:56:08,500,3326.8,0.94,274.18
13879,2026/10/01 10:56:09,0,3328.23,0.68,274.83
13880,2026/10/01 10:56:09,500,3329.62,997.13,273.77
13881,2026/10/01 10:56:10,0,3330.51,990.63,273.57
13882,2026/10/01 10:56:10,500,3333.61,-0.02,273.91
13883,2026/10/01 10:56:11,0,3333.68,-1.2,274.41
13884,2026/10/01 10:56:11,500,3336.07,-0.74,273.74
13885,2026/10/01 10:56:12,0,3337.2,-0.71,274.02
13886,2026/10/01 10:56:12,500,3339.65,-2.23,274.12
13887,2026/10/01 10:56:13,0,3340.27,-1.99,274.92
13888,2026/10/01 10:56:13,500,3341.23,-0.3,274.29
13889,2026/10/01 10:56:14,0,3344.31,-1.27,273.37
13890,2026/10/01 10:56:14,500,3344.34,-0.45,272.69
13891,2026/10/01 10:56:15,0,3346.6,-2.41,273.84
13892,2026/10/01 10:56:15,500,3348.97,1.2,273.39
13893,2026/10/01 10:56:16,0,3348.83,3.12,273.48
13894,2026/10/01 10:56:16,500,3350.79,1.54,273.21
13895,2026/10/01 10:56:17,0,3351.98,1.7,273.44
13896,2026/10/01 10:56:17,500,3353.87,0.94,273.41
13897,2026/10/01 10:56:18,0,3355.15,0.4,273.59
13898,2026/10/01 10:56:18,500,3357.38,0.13,273.29
13899,2026/10/01 10:56:19,0,3357.57,-1.37,273.25
13900,2026/10/01 10:56:19,500,3360.51,1.04,273.85
13901,2026/10/01 10:56:20,0,3362.19,0.95,273.57
13902,2026/10/01 10:56:20,500,3362.52,-0.69,273.55
13903,2026/10/01 10:56:21,0,3363.09,0.79,273.51
13904,2026/10/01 10:56:21,500,3365.09,-1.04,273.06
13905,2026/10/01 10:56:22,0,3366.41,-0.95,274.21
13906,2026/10/01 10:56:22,500,3369.32,1.16,274.49
13907,2026/10/01 10:56:23,0,3369.2,0.65,274.07
13908,2026/10/01 10:56:23,500,3371.76,-0.35,272.55
13909,2026/10/01 10:56:24,0,3372.11,-0.52,273.08
13910,2026/10/01 10:56:24,500,3373.43,0.26,273.75
13911,2026/10/01 10:56:25,0,3374.46,-2.75,273.0
13912,2026/10/01 10:56:25,500,3375.89,-1.14,273.0
13913,2026/10/01 10:56:26,0,3378.16,-1.9,272.65
13914,2026/10/01 10:56:26,500,3378.2,0.02,273.13
13915,2026/10/01 10:56:27,0,3380.89,1.63,272.89
13916,2026/10/01 10:56:27,500,3382.61,0.72,272.08
13917,2026/10/01 10:56:28,0,3382.3,-0.77,273.83
13918,2026/10/01 10:56:28,500,3385.06,-1.06,273.45
13919,2026/10/01 10:56:29,0,3386.25,-1.13,272.55
13920,2026/10/01 10:56:29,500,3387.41,3.0,273.63
13921,2026/10/01 10:56:30,0,3387.51,0.1,273.24
13922,2026/10/01 10:56:30,500,3389.22,0.3,273.74
13923,2026/10/01 10:56:31,0,3390.51,-3.17,273.51
13924,2026/10/01 10:56:31,500,3393.57,-1.77,272.73
13925,2026/10/01 10:56:32,0,3393.17,-0.07,273.44
13926,2026/10/01 10:56:32,500,3394.31,-0.75,273.44
13927,2026/10/01 10:56:33,0,3394.8,0.2,273.59
13928,2026/10/01 10:56:33,500,3396.21,0.18,273.54
13929,2026/10/01 10:56:34,0,3397.7,0.9,274.07
13930,2026/10/01 10:56:34,500,3399.79,-2.8,273.48
13931,2026/10/01 10:56:35,0,3399.61,-1.66,272.6
13932,2026/10/01 10:56:35,500,3401.46,-0.15,273.06
13933,2026/10/01 10:56:36,0,3401.75,-0.97,272.42
13934,2026/10/01 10:56:36,500,3405.59,-0.47,273.53
13935,2026/10/01 10:56:37,0,3405.78,0.16,272.48
13936,2026/10/01 10:56:37,500,3407.17,-1.12,274.01
13937,2026/10/01 10:56:38,0,3407.27,0.29,272.73
13938,2026/10/01 10:56:38,500,3410.28,0.82,272.83
13939,2026/10/01 10:56:39,0,3411.77,0.1,272.6
13940,2026/10/01 10:56:39,500,3411.82,1.08,272.46
13941,2026/10/01 10:56:40,0,3412.58,-3.26,272.53
13942,2026/10/01 10:56:40,500,3414.6,-0.88,272.89
13943,2026/10/01 10:56:41,0,3415.93,1.34,272.77
13944,2026/10/01 10:56:41,500,3417.23,-1.3,272.53
13945,2026/10/01 10:56:42,0,3418.24,-1.5,272.87
13946,2026/10/01 10:56:42,500,3419.65,-0.19,272.43
13947,2026/10/01 10:56:43,0,3419.5,-0.03,272.68
13948,2026/10/01 10:56:43,500,3421.95,-0.8,273.55
13949,2026/10/01 10:56:44,0,3422.01,2.77,272.36
13950,2026/10/01 10:56:44,500,3421.52,0.43,272.47
13951,2026/10/01 10:56:45,0,3424.31,-1.35,272.03
13952,2026/10/01 10:56:45,500,3425.38,-2.16,272.42
13953,2026/10/01 10:56:46,0,3427.16,0.61,272.76
13954,2026/10/01 10:56:46,500,3428.77,-1.39,272.29
13955,2026/10/01 10:56:47,0,3429.38,3.23,271.97
13956,2026/10/01 10:56:47,500,3431.96,0.64,272.69
13957,2026/10/01 10:56:48,0,3431.06,0.84,272.73
13958,2026/10/01 10:56:48,500,3431.0,0.37,272.78
13959,2026/10/01 10:56:49,0,3433.93,1.68,271.84
13960,2026/10/01 10:56:49,500,3434.38,-3.59,273.12
13961,2026/10/01 10:56:50,0,3435.05,-1.8,272.18
13962,2026/10/01 10:56:50,500,3436.78,1.55,271.9
13963,2026/10/01 10:56:51,0,3437.48,2.25,272.89
13964,2026/10/01 10:56:51,500,3438.65,-1.85,273.03
13965,2026/10/01 10:56:52,0,3441.5,-2.73,272.19
13966,2026/10/01 10:56:52,500,3441.46,0.25,271.91
13967,2026/10/01 10:56:53,0,3442.22,0.73,272.53
13968,2026/10/01 10:56:53,500,3444.78,0.22,271.62
13969,2026/10/01 10:56:54,0,3444.34,-0.09,273.55
13970,2026/10/01 10:56:54,500,3444.65,-2.78,271.74
13971,2026/10/01 10:56:55,0,3445.63,-0.56,272.41
13972,2026/10/01 10:56:55,500,3447.68,-0.34,272.14
13973,2026/10/01 10:56:56,0,3447.48,-0.82,271.74
13974,2026/10/01 10:56:56,500,3448.9,-2.88,271.71
13975,2026/10/01 10:56:57,0,3450.57,0.88,272.72
13976,2026/10/01 10:56:57,500,3452.82,1.3,272.33
13977,2026/10/01 10:56:58,0,3453.98,-1.19,271.78
13978,2026/10/01 10:56:58,500,3454.5,-0.28,271.82
13979,2026/10/01 10:56:59,0,3454.99,-0.75,271.68
13980,2026/10/01 10:56:59,500,3455.56,-0.73,272.51
13981,2026/10/01 10:57:00,0,3457.34,0.74,272.51
13982,2026/10/01 10:57:00,500,3459.47,0.78,272.29
13983,2026/10/01 10:57:01,0,3459.16,1.61,272.14
13984,2026/10/01 10:57:01,500,3459.68,1.58,272.31
13985,2026/10/01 10:57:02,0,3460.92,-0.26,271.15
13986,2026/10/01 10:57:02,500,3461.83,4.26,272.1
13987,2026/10/01 10:57:03,0,3463.47,2.32,272.47
13988,2026/10/01 10:57:03,500,3463.4,-0.99,272.04
13989,2026/10/01 10:57:04,0,3465.32,0.19,271.93
13990,2026/10/01 10:57:04,500,3466.43,-2.98,271.57
13991,2026/10/01 10:57:05,0,3467.22,0.04,271.58
13992,2026/10/01 10:57:05,500,3467.05,2.51,271.59
13993,2026/10/01 10:57:06,0,3468.76,4.17,271.94
13994,2026/10/01 10:57:06,500,3469.42,-0.18,271.57
13995,2026/10/01 10:57:07,0,3470.74,0.5,270.88
13996,2026/10/01 10:57:07,500,3471.22,0.91,272.17
13997,2026/10/01 10:57:08,0,3473.69,2.97,272.02
13998,2026/10/01 10:57:08,500,3473.79,-1.47,271.92
13999,2026/10/01 10:57:09,0,3473.29,3.98,271.25
14000,2026/10/01 10:57:09,500,3474.46,-0.48,271.46
14001,2026/10/01 10:57:10,0,3477.42,-1.76,271.94
14002,2026/10/01 10:57:10,500,3477.24,-0.47,271.68
14003,2026/10/01 10:57:11,0,3478.0,-1.21,271.3
14004,2026/10/01 10:57:11,500,3480.14,0.63,272.28
14005,2026/10/01 10:57:12,0,3480.03,-2.48,271.19
14006,2026/10/01 10:57:12,500,3480.11,0.21,270.1
14007,2026/10/01 10:57:13,0,3481.07,1.0,271.62
14008,2026/10/01 10:57:13,500,3483.38,2.22,271.62
14009,2026/10/01 10:57:14,0,3485.41,1.02,271.57
14010,2026/10/01 10:57:14,500,3485.36,2.13,271.72
14011,2026/10/01 10:57:15,0,3485.27,-0.91,271.23
14012,2026/10/01 10:57:15,500,3486.29,0.59,272.0
14013,2026/10/01 10:57:16,0,3487.4,-3.34,270.79
14014,2026/10/01 10:57:16,500,3486.63,-0.17,271.44
14015,2026/10/01 10:57:17,0,3489.14,0.58,271.12
14016,2026/10/01 10:57:17,500,3490.47,0.72,271.92
14017,2026/10/01 10:57:18,0,3492.29,-2.36,271.0
14018,2026/10/01 10:57:18,500,3492.62,-0.59,271.42
14019,2026/10/01 10:57:19,0,3494.15,-0.38,271.4
14020,2026/10/01 10:57:19,500,3494.82,-0.64,271.44
14021,2026/10/01 10:57:20,0,3495.45,1.09,270.96
14022,2026/10/01 10:57:20,500,3495.21,-0.33,271.49
14023,2026/10/01 10:57:21,0,3496.31,0.15,271.31
14024,2026/10/01 10:57:21,500,3495.55,-0.73,271.45
14025,2026/10/01 10:57:22,0,3497.83,1.6,272.04
14026,2026/10/01 10:57:22,500,3499.02,1.71,271.3
14027,2026/10/01 10:57:23,0,3499.18,-0.46,270.72
14028,2026/10/01 10:57:23,500,3499.01,4.28,272.18
14029,2026/10/01 10:57:24,0,3502.34,-1.15,271.67
14030,2026/10/01 10:57:24,500,3502.23,1.51,271.49
14031,2026/10/01 10:57:25,0,3504.1,-1.43,271.06
14032,2026/10/01 10:57:25,500,3504.14,1.16,271.5
14033,2026/10/01 10:57:26,0,3505.46,1.04,270.09
14034,2026/10/01 10:57:26,500,3506.1,-1.52,271.87
14035,2026/10/01 10:57:27,0,3505.44,-0.2,271.53
14036,2026/10/01 10:57:27,500,3506.38,2.8,270.97
14037,2026/10/01 10:57:28,0,3507.25,-1.22,271.48
14038,2026/10/01 10:57:28,500,3507.62,0.6,271.34
14039,2026/10/01 10:57:29,0,3510.6,0.5,270.5
14040,2026/10/01 10:57:29,500,3510.02,-0.06,271.08
14041,2026/10/01 10:57:30,0,3511.14,-2.6,271.16
14042,2026/10/01 10:57:30,500,3510.5,1.24,270.89
14043,2026/10/01 10:57:31,0,3513.0,0.02,270.83
14044,2026/10/01 10:57:31,500,3512.8,1.66,271.37
14045,2026/10/01 10:57:32,0,3514.91,0.35,270.99
14046,2026/10/01 10:57:32,500,3514.13,0.1,271.83
14047,2026/10/01 10:57:33,0,3516.51,0.56,270.54
14048,2026/10/01 10:57:33,500,3516.97,-1.48,271.06
14049,2026/10/01 10:57:34,0,3516.61,2.34,270.37
14050,2026/10/01 10:57:34,500,3518.87,-0.56,271.16
14051,2026/10/01 10:57:35,0,3519.42,-0.54,270.24
14052,2026/10/01 10:57:35,500,3519.64,1.94,270.93
14053,2026/10/01 10:57:36,0,3519.21,0.37,271.36
14054,2026/10/01 10:57:36,500,3521.39,-0.35,270.77
14055,2026/10/01 10:57:37,0,3521.55,0.62,270.24
14056,2026/10/01 10:57:37,500,3522.28,0.94,271.19
14057,2026/10/01 10:57:38,0,3523.04,-0.18,270.88
14058,2026/10/01 10:57:38,500,3523.69,1.38,270.64
14059,2026/10/01 10:57:39,0,3523.76,-1.91,270.18
14060,2026/10/01 10:57:39,500,3523.97,0.39,269.84
14061,2026/10/01 10:57:40,0,3524.53,1.2,271.75
14062,2026/10/01 10:57:40,500,3526.87,0.93,270.32
14063,2026/10/01 10:57:41,0,3525.41,-3.36,270.1
14064,2026/10/01 10:57:41,500,3528.65,-0.19,270.73
14065,2026/10/01 10:57:42,0,3529.19,-1.82,270.05
14066,2026/10/01 10:57:42,500,3529.25,1.93,270.79
14067,2026/10/01 10:57:43,0,3531.02,-0.59,271.2
14068,2026/10/01 10:57:43,500,3530.7,1.76,269.98
14069,2026/10/01 10:57:44,0,3531.95,-1.83,270.34
14070,2026/10/01 10:57:44,500,3530.75,0.59,270.69
14071,2026/10/01 10:57:45,0,3531.22,0.01,269.85
14072,2026/10/01 10:57:45,500,3533.52,4.15,269.98
14073,2026/10/01 10:57:46,0,3534.73,1.77,270.36
14074,2026/10/01 10:57:46,500,3535.84,1.67,271.39
14075,2026/10/01 10:57:47,0,3535.63,3.04,269.96
14076,2026/10/01 10:57:47,500,3536.65,0.43,270.23
14077,2026/10/01 10:57:48,0,3537.76,-0.15,271.59
14078,2026/10/01 10:57:48,500,3537.71,-0.32,270.73
14079,2026/10/01 10:57:49,0,3538.95,0.49,269.47
14080,2026/10/01 10:57:49,500,3538.25,-4.16,270.19
14081,2026/10/01 10:57:50,0,3538.5,0.0,270.58
14082,2026/10/01 10:57:50,500,3540.06,0.34,270.99
14083,2026/10/01 10:57:51,0,3541.77,-0.23,270.95
14084,2026/10/01 10:57:51,500,3541.25,-2.3,270.52
14085,2026/10/01 10:57:52,0,3542.99,-0.22,270.58
14086,2026/10/01 10:57:52,500,3542.31,-2.3,269.55
14087,2026/10/01 10:57:53,0,3543.31,2.66,269.84
14088,2026/10/01 10:57:53,500,3544.62,-0.39,269.52
14089,2026/10/01 10:57:54,0,3544.54,-3.09,270.67
14090,2026/10/01 10:57:54,500,3545.32,-0.31,270.32
14091,2026/10/01 10:57:55,0,3544.27,1.34,270.17
14092,2026/10/01 10:57:55,500,3547.67,0.26,270.87
14093,2026/10/01 10:57:56,0,3547.54,-1.37,270.35
14094,2026/10/01 10:57:56,500,3547.51,-1.02,270.64
14095,2026/10/01 10:57:57,0,3550.37,-0.43,270.43
14096,2026/10/01 10:57:57,500,3548.9,-0.66,270.46
14097,2026/10/01 10:57:58,0,3549.74,-1.89,269.5
14098,2026/10/01 10:57:58,500,3550.01,-0.1,270.49
14099,2026/10/01 10:57:59,0,3552.28,-2.0,270.22
14100,2026/10/01 10:57:59,500,3553.16,1.42,269.76
14101,2026/10/01 10:58:00,0,3553.7,1.61,270.29
14102,2026/10/01 10:58:00,500,3554.3,-1.5,270.58
14103,2026/10/01 10:58:01,0,3553.38,-1.07,269.87
14104,2026/10/01 10:58:01,500,3555.8,-0.63,269.53
14105,2026/10/01 10:58:02,0,3554.91,-0.05,269.53
14106,2026/10/01 10:58:02,500,3554.44,0.39,269.17
14107,2026/10/01 10:58:03,0,3555.93,0.69,269.77
14108,2026/10/01 10:58:03,500,3557.13,0.66,270.13
14109,2026/10/01 10:58:04,0,3556.95,2.33,270.69
14110,2026/10/01 10:58:04,500,3558.17,0.09,269.4
14111,2026/10/01 10:58:05,0,3559.07,-1.95,269.97
14112,2026/10/01 10:58:05,500,3559.56,-2.41,269.78
14113,2026/10/01 10:58:06,0,3560.34,2.45,269.75
14114,2026/10/01 10:58:06,500,3560.26,0.76,268.97
14115,2026/10/01 10:58:07,0,3560.4,0.31,269.21
14116,2026/10/01 10:58:07,500,3560.38,0.67,270.61
14117,2026/10/01 10:58:08,0,3562.07,0.24,270.19
14118,2026/10/01 10:58:08,500,3562.28,0.65,269.81
14119,2026/10/01 10:58:09,0,3563.18,-0.56,269.89
14120,2026/10/01 10:58:09,500,3562.19,1.58,270.01
14121,2026/10/01 10:58:10,0,3563.2,-0.79,269.4
14122,2026/10/01 10:58:10,500,3565.39,-1.35,269.4
14123,2026/10/01 10:58:11,0,3564.23,-2.54,269.28
14124,2026/10/01 10:58:11,500,3565.95,-0.36,269.66
14125,2026/10/01 10:58:12,0,3565.99,1.9,268.98
14126,2026/10/01 10:58:12,500,3566.49,-0.69,269.21
14127,2026/10/01 10:58:13,0,3567.83,-2.07,269.78
14128,2026/10/01 10:58:13,500,3568.33,0.43,269.33
14129,2026/10/01 10:58:14,0,3569.3,-0.98,268.62
14130,2026/10/01 10:58:14,500,3568.52,2.32,269.29
14131,2026/10/01 10:58:15,0,3569.24,1.61,269.73
14132,2026/10/01 10:58:15,500,3571.39,-1.91,269.5
14133,2026/10/01 10:58:16,0,3570.85,-0.26,268.58
14134,2026/10/01 10:58:16,500,3571.86,-1.13,269.93
14135,2026/10/01 10:58:17,0,3571.7,-1.74,269.27
14136,2026/10/01 10:58:17,500,3572.99,-0.08,269.55
14137,2026/10/01 10:58:18,0,3571.17,1.23,269.88
14138,2026/10/01 10:58:18,500,3574.61,-0.12,269.28
14139,2026/10/01 10:58:19,0,3573.85,-0.77,268.37
14140,2026/10/01 10:58:19,500,3573.74,-3.31,270.19
14141,2026/10/01 10:58:20,0,3574.41,-1.0,268.19
14142,2026/10/01 10:58:20,500,3575.56,0.83,269.11
14143,2026/10/01 10:58:21,0,3576.2,-2.01,269.91
14144,2026/10/01 10:58:21,500,3576.92,1.92,268.9
14145,2026/10/01 10:58:22,0,3576.36,-0.88,268.91
14146,2026/10/01 10:58:22,500,3578.52,0.29,269.11
14147,2026/10/01 10:58:23,0,3577.92,-0.6,269.11
14148,2026/10/01 10:58:23,500,3578.38,-1.76,268.75
14149,2026/10/01 10:58:24,0,3579.16,0.66,268.85
14150,2026/10/01 10:58:24,500,3580.38,-0.9,269.69
14151,2026/10/01 10:58:25,0,3580.32,-1.25,268.87
14152,2026/10/01 10:58:25,500,3580.41,-3.56,269.37
14153,2026/10/01 10:58:26,0,3581.08,1.95,268.65
14154,2026/10/01 10:58:26,500,3582.81,0.01,269.78
14155,2026/10/01 10:58:27,0,3583.17,1.66,269.54
14156,2026/10/01 10:58:27,500,3583.11,0.93,269.01
14157,2026/10/01 10:58:28,0,3583.42,1.66,269.36
14158,2026/10/01 10:58:28,500,3585.64,-0.85,269.79
14159,2026/10/01 10:58:29,0,3584.64,-2.06,268.51
14160,2026/10/01 10:58:29,500,3584.89,1.14,268.47
14161,2026/10/01 10:58:30,0,3585.07,0.2,269.17
14162,2026/10/01 10:58:30,500,3585.99,-0.7,268.32
14163,2026/10/01 10:58:31,0,3583.75,1.11,268.17
14164,2026/10/01 10:58:31,500,3587.48,0.46,268.13
14165,2026/10/01 10:58:32,0,3586.11,0.96,268.99
14166,2026/10/01 10:58:32,500,3587.02,-1.53,267.88
14167,2026/10/01 10:58:33,0,3586.94,1.47,268.68
14168,2026/10/01 10:58:33,500,3587.94,-0.01,267.15
14169,2026/10/01 10:58:34,0,3588.72,1.63,269.07
14170,2026/10/01 10:58:34,500,3590.16,1.45,269.09
14171,2026/10/01 10:58:35,0,3590.94,1.03,268.71
14172,2026/10/01 10:58:35,500,3591.92,-0.17,269.4
14173,2026/10/01 10:58:36,0,3590.91,1.06,269.19
14174,2026/10/01 10:58:36,500,3591.11,1.67,268.38
14175,2026/10/01 10:58:37,0,3592.36,0.91,268.32
14176,2026/10/01 10:58:37,500,3591.5,0.3,269.18
14177,2026/10/01 10:58:38,0,3591.86,1.07,269.07
14178,2026/10/01 10:58:38,500,3592.78,-0.79,268.58
14179,2026/10/01 10:58:39,0,3593.49,2.27,267.82
14180,2026/10/01 10:58:39,500,3592.31,-2.52,269.14
14181,2026/10/01 10:58:40,0,3595.26,0.05,268.7
14182,2026/10/01 10:58:40,500,3595.04,-0.61,268.62
14183,2026/10/01 10:58:41,0,3595.92,-0.96,267.21
14184,2026/10/01 10:58:41,500,3594.46,0.46,268.88
14185,2026/10/01 10:58:42,0,3595.62,-1.69,268.57
14186,2026/10/01 10:58:42,500,3596.01,3.23,268.32
14187,2026/10/01 10:58:43,0,3596.85,-2.03,268.15
14188,2026/10/01 10:58:43,500,3597.41,-1.43,268.61
14189,2026/10/01 10:58:44,0,3598.56,-1.57,268.77
14190,2026/10/01 10:58:44,500,3598.37,0.3,268.33
14191,2026/10/01 10:58:45,0,3598.12,1.52,268.79
14192,2026/10/01 10:58:45,500,3600.89,0.79,267.92
14193,2026/10/01 10:58:46,0,3599.34,2.21,268.15
14194,2026/10/01 10:58:46,500,3599.25,-1.24,268.81
14195,2026/10/01 10:58:47,0,3598.88,0.99,268.25
14196,2026/10/01 10:58:47,500,3600.88,-0.46,269.29
14197,2026/10/01 10:58:48,0,3601.77,0.34,268.56
14198,2026/10/01 10:58:48,500,3600.71,1.66,267.82
14199,2026/10/01 10:58:49,0,3602.54,-2.54,267.6
14200,2026/10/01 10:58:49,500,3602.51,2.99,268.76
14201,2026/10/01 10:58:50,0,3601.43,-0.22,268.05
14202,2026/10/01 10:58:50,500,3603.75,-2.41,268.8
14203,2026/10/01 10:58:51,0,3603.44,-1.04,268.06
14204,2026/10/01 10:58:51,500,3603.15,0.15,268.43
14205,2026/10/01 10:58:52,0,3605.22,-1.04,268.13
14206,2026/10/01 10:58:52,500,3605.6,-3.07,268.41
14207,2026/10/01 10:58:53,0,3604.33,0.15,268.63
14208,2026/10/01 10:58:53,500,3605.88,-1.08,268.26
14209,2026/10/01 10:58:54,0,3606.2,0.98,268.56
14210,2026/10/01 10:58:54,500,3606.37,-1.6,267.37
14211,2026/10/01 10:58:55,0,3606.4,3.39,268.41
14212,2026/10/01 10:58:55,500,3607.08,0.77,268.2
14213,2026/10/01 10:58:56,0,3608.34,0.3,268.04
14214,2026/10/01 10:58:56,500,3608.3,0.93,266.96
14215,2026/10/01 10:58:57,0,3606.81,-2.73,267.31
14216,2026/10/01 10:58:57,500,3607.02,-0.75,268.24
14217,2026/10/01 10:58:58,0,3607.63,2.67,268.29
14218,2026/10/01 10:58:58,500,3608.41,-0.48,268.3
14219,2026/10/01 10:58:59,0,3609.26,-0.09,268.08
14220,2026/10/01 10:58:59,500,3609.88,-0.7,267.47
14221,2026/10/01 10:59:00,0,3610.56,2.2,267.54
14222,2026/10/01 10:59:00,500,3610.96,-0.37,266.98
14223,2026/10/01 10:59:01,0,3611.32,-1.88,268.08
14224,2026/10/01 10:59:01,500,3612.64,3.87,268.96
14225,2026/10/01 10:59:02,0,3610.75,-2.06,267.95
14226,2026/10/01 10:59:02,500,3612.73,-0.15,267.6
14227,2026/10/01 10:59:03,0,3613.09,-1.26,267.98
14228,2026/10/01 10:59:03,500,3612.18,-1.05,267.88
14229,2026/10/01 10:59:04,0,3613.97,-1.59,267.06
14230,2026/10/01 10:59:04,500,3614.2,-0.81,268.04
14231,2026/10/01 10:59:05,0,3614.23,1.48,267.85
14232,2026/10/01 10:59:05,500,3612.69,-2.85,267.8
14233,2026/10/01 10:59:06,0,3615.75,-998.4,268.87
14234,2026/10/01 10:59:06,500,3615.51,-992.44,267.81
14235,2026/10/01 10:59:07,0,3616.0,991.27,268.75
14236,2026/10/01 10:59:07,500,3613.32,996.01,267.41
14237,2026/10/01 10:59:08,0,3615.96,998.47,267.06
14238,2026/10/01 10:59:08,500,3615.58,2.14,267.39
14239,2026/10/01 10:59:09,0,3618.11,-2.62,268.37
14240,2026/10/01 10:59:09,500,3616.54,1.09,267.39
14241,2026/10/01 10:59:10,0,3618.95,-1.12,267.04
14242,2026/10/01 10:59:10,500,3618.87,1.24,267.91
14243,2026/10/01 10:59:11,0,3618.62,-0.92,267.53
14244,2026/10/01 10:59:11,500,3619.69,1.06,268.0
14245,2026/10/01 10:59:12,0,3618.37,-2.32,267.36
14246,2026/10/01 10:59:12,500,3618.85,-2.54,267.22
14247,2026/10/01 10:59:13,0,3620.53,-0.17,268.5
14248,2026/10/01 10:59:13,500,3619.38,2.15,267.23
14249,2026/10/01 10:59:14,0,3619.4,0.8,267.22
14250,2026/10/01 10:59:14,500,3620.53,0.79,267.85
14251,2026/10/01 10:59:15,0,3620.41,1.29,266.21
14252,2026/10/01 10:59:15,500,3622.94,-0.6,267.96
14253,2026/10/01 10:59:16,0,3622.39,0.92,268.47
14254,2026/10/01 10:59:16,500,3621.64,-0.87,268.0
14255,2026/10/01 10:59:17,0,3621.62,-0.47,267.03
14256,2026/10/01 10:59:17,500,3623.02,-0.28,267.17
14257,2026/10/01 10:59:18,0,3624.02,-0.82,267.55
14258,2026/10/01 10:59:18,500,3623.62,-0.1,267.69
14259,2026/10/01 10:59:19,0,3622.94,-0.38,268.3
14260,2026/10/01 10:59:19,500,3622.87,-1.06,268.26
14261,2026/10/01 10:59:20,0,3624.04,-0.21,267.35
14262,2026/10/01 10:59:20,500,3624.91,0.23,267.18
14263,2026/10/01 10:59:21,0,3624.59,-1.65,267.04
14264,2026/10/01 10:59:21,500,3626.08,0.63,267.74
14265,2026/10/01 10:59:22,0,3626.01,-0.74,267.94
14266,2026/10/01 10:59:22,500,3626.09,0.3,267.42
14267,2026/10/01 10:59:23,0,3626.61,-1.0,267.37
14268,2026/10/01 10:59:23,500,3625.4,1.58,268.42
14269,2026/10/01 10:59:24,0,3626.42,1.43,267.68
14270,2026/10/01 10:59:24,500,3626.29,-1.57,266.3
14271,2026/10/01 10:59:25,0,3627.73,0.79,267.3
14272,2026/10/01 10:59:25,500,3626.91,2.17,267.4
14273,2026/10/01 10:59:26,0,3628.09,-1.42,267.15
14274,2026/10/01 10:59:26,500,3628.2,-1.3,267.9
14275,2026/10/01 10:59:27,0,3629.11,1.1,267.09
14276,2026/10/01 10:59:27,500,3627.97,-1.96,266.75
14277,2026/10/01 10:59:28,0,3629.58,-1.17,266.87
14278,2026/10/01 10:59:28,500,3628.66,-1.52,267.55
14279,2026/10/01 10:59:29,0,3629.03,1.12,266.52
14280,2026/10/01 10:59:29,500,3629.98,-1.04,266.94
14281,2026/10/01 10:59:30,0,3631.34,-0.43,267.6
14282,2026/10/01 10:59:30,500,3630.0,-1.12,266.48
14283,2026/10/01 10:59:31,0,3629.54,1.72,266.62
14284,2026/10/01 10:59:31,500,3630.5,-1.29,266.28
14285,2026/10/01 10:59:32,0,3631.23,-2.11,266.67
14286,2026/10/01 10:59:32,500,3633.32,-2.17,266.84
14287,2026/10/01 10:59:33,0,3632.42,-996.5,266.97
14288,2026/10/01 10:59:33,500,3631.79,-991.46,266.61
14289,2026/10/01 10:59:34,0,3632.56,1.87,266.87
14290,2026/10/01 10:59:34,500,3634.21,-1.89,267.53
14291,2026/10/01 10:59:35,0,3633.04,-0.35,267.2
14292,2026/10/01 10:59:35,500,3633.32,3.64,268.08
14293,2026/10/01 10:59:36,0,3633.46,-0.45,266.66
14294,2026/10/01 10:59:36,500,3634.62,-0.85,266.76
14295,2026/10/01 10:59:37,0,3633.91,-0.03,267.05
14296,2026/10/01 10:59:37,500,3635.3,0.79,266.7
14297,2026/10/01 10:59:38,0,3635.73,0.77,266.93
14298,2026/10/01 10:59:38,500,3635.64,-0.92,265.97
14299,2026/10/01 10:59:39,0,3635.24,-0.88,266.73
14300,2026/10/01 10:59:39,500,3634.57,-0.44,267.34
14301,2026/10/01 10:59:40,0,3635.77,-1.1,267.84
14302,2026/10/01 10:59:40,500,3635.69,-1.85,267.6
14303,2026/10/01 10:59:41,0,3635.86,2.71,266.92
14304,2026/10/01 10:59:41,500,3636.56,-0.61,267.09
14305,2026/10/01 10:59:42,0,3637.4,-0.53,267.0
14306,2026/10/01 10:59:42,500,3636.78,-0.48,266.54
14307,2026/10/01 10:59:43,0,3636.44,-0.12,266.32
14308,2026/10/01 10:59:43,500,3637.03,0.65,266.91
14309,2026/10/01 10:59:44,0,3639.41,-0.7,266.72
14310,2026/10/01 10:59:44,500,3638.75,1.71,267.18
14311,2026/10/01 10:59:45,0,3637.8,0.9,265.56
14312,2026/10/01 10:59:45,500,3639.85,-0.29,266.65
14313,2026/10/01 10:59:46,0,3638.89,-1.0,267.32
14314,2026/10/01 10:59:46,500,3641.15,1.63,266.99
14315,2026/10/01 10:59:47,0,3639.79,-0.24,266.2
14316,2026/10/01 10:59:47,500,3640.29,-1.86,266.02
14317,2026/10/01 10:59:48,0,3640.75,1.53,266.64
14318,2026/10/01 10:59:48,500,3641.52,-1.09,267.04
14319,2026/10/01 10:59:49,0,3640.23,1.3,266.9
14320,2026/10/01 10:59:49,500,3641.95,-3.77,266.68
14321,2026/10/01 10:59:50,0,3640.58,-0.55,266.93
14322,2026/10/01 10:59:50,500,3641.03,1.74,266.72
14323,2026/10/01 10:59:51,0,3641.57,0.01,266.88
14324,2026/10/01 10:59:51,500,3642.54,0.9,267.04
14325,2026/10/01 10:59:52,0,3641.78,-1.35,266.33
14326,2026/10/01 10:59:52,500,3643.61,0.52,266.1
14327,2026/10/01 10:59:53,0,3643.59,0.01,266.89
14328,2026/10/01 10:59:53,500,3642.8,0.37,266.26
14329,2026/10/01 10:59:54,0,3642.23,3.06,265.53
14330,2026/10/01 10:59:54,500,3644.04,1.96,267.2
14331,2026/10/01 10:59:55,0,3641.8,1.19,266.6
14332,2026/10/01 10:59:55,500,3644.31,1.21,266.56
14333,2026/10/01 10:59:56,0,3643.29,-1.36,266.35
14334,2026/10/01 10:59:56,500,3645.19,-0.71,266.85
14335,2026/10/01 10:59:57,0,3643.3,-2.3,265.77
14336,2026/10/01 10:59:57,500,3644.12,-1.9,266.4
14337,2026/10/01 10:59:58,0,3645.23,-1.33,266.53
14338,2026/10/01 10:59:58,500,3645.59,-0.04,266.65
14339,2026/10/01 10:59:59,0,3644.83,-1.84,265.51
14340,2026/10/01 10:59:59,500,3645.29,-0.06,266.65
14341,2026/10/01 11:00:00,0,3647.25,99.77,266.15
14342,2026/10/01 11:00:00,500,3648.21,98.3,266.05
14343,2026/10/01 11:00:01,0,3648.04,102.29,265.6
14344,2026/10/01 11:00:01,500,3648.76,98.01,267.51
14345,2026/10/01 11:00:02,0,3649.07,101.68,266.34
14346,2026/10/01 11:00:02,500,3651.28,96.62,266.54
14347,2026/10/01 11:00:03,0,3652.64,99.79,265.9
14348,2026/10/01 11:00:03,500,3653.02,98.2,265.67
14349,2026/10/01 11:00:04,0,3653.07,99.02,266.86
14350,2026/10/01 11:00:04,500,3656.15,102.72,265.79
14351,2026/10/01 11:00:05,0,3653.95,99.48,267.12
14352,2026/10/01 11:00:05,500,3657.24,98.34,267.38
14353,2026/10/01 11:00:06,0,3657.62,100.73,266.11
14354,2026/10/01 11:00:06,500,3658.72,99.47,266.28
14355,2026/10/01 11:00:07,0,3658.62,100.23,265.25
14356,2026/10/01 11:00:07,500,3660.03,98.63,265.66
14357,2026/10/01 11:00:08,0,3661.28,98.7,266.86
14358,2026/10/01 11:00:08,500,3661.88,98.82,267.18
14359,2026/10/01 11:00:09,0,3661.41,101.2,266.17
14360,2026/10/01 11:00:09,500,3665.11,99.66,266.26
14361,2026/10/01 11:00:10,0,3665.15,98.43,265.79
14362,2026/10/01 11:00:10,500,3665.55,100.24,266.03
14363,2026/10/01 11:00:11,0,3666.49,100.12,267.27
14364,2026/10/01 11:00:11,500,3668.65,100.86,266.77
14365,2026/10/01 11:00:12,0,3667.59,99.28,265.73
14366,2026/10/01 11:00:12,500,3668.3,99.88,266.92
14367,2026/10/01 11:00:13,0,3670.64,100.63,267.84
14368,2026/10/01 11:00:13,500,3671.21,98.49,266.47
14369,2026/10/01 11:00:14,0,3670.91,101.33,266.34
14370,2026/10/01 11:00:14,500,3673.47,100.02,266.98
14371,2026/10/01 11:00:15,0,3673.71,98.35,267.2
14372,2026/10/01 11:00:15,500,3673.64,98.34,267.12
14373,2026/10/01 11:00:16,0,3675.62,99.85,266.56
14374,2026/10/01 11:00:16,500,3676.38,99.17,266.52
14375,2026/10/01 11:00:17,0,3676.91,101.13,265.88
14376,2026/10/01 11:00:17,500,3678.16,99.57,266.14
14377,2026/10/01 11:00:18,0,3679.22,100.45,266.94
14378,2026/10/01 11:00:18,500,3680.32,98.73,266.51
14379,2026/10/01 11:00:19,0,3680.54,99.97,266.91
14380,2026/10/01 11:00:19,500,3681.1,101.97,266.68
14381,2026/10/01 11:00:20,0,3682.37,99.78,266.84
14382,2026/10/01 11:00:20,500,3684.0,99.17,266.83
14383,2026/10/01 11:00:21,0,3684.41,98.7,267.2
14384,2026/10/01 11:00:21,500,3684.5,99.97,267.26
14385,2026/10/01 11:00:22,0,3685.67,102.11,266.84
14386,2026/10/01 11:00:22,500,3687.81,97.95,266.76
14387,2026/10/01 11:00:23,0,3687.93,99.93,266.85
14388,2026/10/01 11:00:23,500,3688.31,97.43,266.49
14389,2026/10/01 11:00:24,0,3689.95,99.38,267.44
14390,2026/10/01 11:00:24,500,3689.46,100.39,266.62
14391,2026/10/01 11:00:25,0,3691.0,97.63,266.84
14392,2026/10/01 11:00:25,500,3693.09,99.33,267.02
14393,2026/10/01 11:00:26,0,3692.96,100.44,267.09
14394,2026/10/01 11:00:26,500,3694.58,100.2,267.08
14395,2026/10/01 11:00:27,0,3694.06,100.51,266.89
14396,2026/10/01 11:00:27,500,3694.59,98.54,267.79
14397,2026/10/01 11:00:28,0,3696.74,100.44,267.02
14398,2026/10/01 11:00:28,500,3695.18,99.1,266.87
14399,2026/10/01 11:00:29,0,3697.63,101.07,267.9
14400,2026/10/01 11:00:29,500,3699.15,96.53,266.63
