Date/Heure;Courant (A);Tension (V)
01/10/2026 09:00:00;2,0006;3,7008
01/10/2026 09:00:01;1,9979;3,7024
01/10/2026 09:00:02;2,0015;3,7039
01/10/2026 09:00:03;2,0019;3,705
01/10/2026 09:00:04;1,9961;3,7061
01/10/2026 09:00:05;1,9974;3,7074
01/10/2026 09:00:06;2,0003;3,7112
01/10/2026 09:00:07;1,9994;3,7123
01/10/2026 09:00:08;2,0;3,7125
01/10/2026 09:00:09;1,9983;3,7148
01/10/2026 09:00:10;2,0018;3,7161
01/10/2026 09:00:11;2,0016;3,7169
01/10/2026 09:00:12;2,0001;3,7198
01/10/2026 09:00:13;2,0023;3,7208
01/10/2026 09:00:14;2,0009;3,7218
01/10/2026 09:00:15;1,9983;3,7229
01/10/2026 09:00:16;2,0007;3,7244
01/10/2026 09:00:17;1,9981;3,7272
01/10/2026 09:00:18;2,0018;3,729
01/10/2026 09:00:19;1,9999;3,7298
01/10/2026 09:00:20;1,9996;3,7329
01/10/2026 09:00:21;1,9986;3,7337
01/10/2026 09:00:22;2,0024;3,7359
01/10/2026 09:00:23;1,9997;3,7367
01/10/2026 09:00:24;1,9991;3,7377
01/10/2026 09:00:25;1,9993;3,7401
01/10/2026 09:00:26;2,0011;3,7402
01/10/2026 09:00:27;2,0007;3,7436
01/10/2026 09:00:28;2,0008;3,7436
01/10/2026 09:00:29;2,0009;3,747
01/10/2026 09:00:30;2,0043;3,7472
01/10/2026 09:00:31;1,9992;3,7501
01/10/2026 09:00:32;1,999;3,7495
01/10/2026 09:00:33;1,9984;3,7514
01/10/2026 09:00:34;2,0012;3,754
01/10/2026 09:00:35;2,0023;3,7562
01/10/2026 09:00:36;1,9998;3,7582
01/10/2026 09:00:37;1,9983;3,7581
01/10/2026 09:00:38;1,9984;3,7613
01/10/2026 09:00:39;2,0013;3,7607
01/10/2026 09:00:40;2,0015;3,7635
01/10/2026 09:00:41;2,0011;3,7629
01/10/2026 09:00:42;1,9987;3,7657
01/10/2026 09:00:43;2,0005;3,7644
01/10/2026 09:00:44;2,0002;3,7671
01/10/2026 09:00:45;2,0004;3,7701
01/10/2026 09:00:46;2,0017;3,7698
01/10/2026 09:00:47;2,0004;3,7729
01/10/2026 09:00:48;2,0014;3,7748
01/10/2026 09:00:49;2,0001;3,7748
01/10/2026 09:00:50;2,0006;3,7758
01/10/2026 09:00:51;2,0013;3,7777
01/10/2026 09:00:52;1,9971;3,7786
01/10/2026 09:00:53;1,9994;3,7809
01/10/2026 09:00:54;1,9991;3,7825
01/10/2026 09:00:55;1,9987;3,7834
01/10/2026 09:00:56;1,9994;3,7868
01/10/2026 09:00:57;2,003;3,7858
01/10/2026 09:00:58;1,9983;3,7893
01/10/2026 09:00:59;2,0019;3,7882
01/10/2026 09:01:00;1,9966;3,7907
01/10/2026 09:01:01;1,9993;3,7932
01/10/2026 09:01:02;2,0003;3,7945
01/10/2026 09:01:03;2,0012;3,7943
01/10/2026 09:01:04;2,0014;3,7966
01/10/2026 09:01:05;2,0016;3,7978
01/10/2026 09:01:06;1,9993;3,7982
01/10/2026 09:01:07;1,9991;3,8007
01/10/2026 09:01:08;2,0017;3,8033
01/10/2026 09:01:09;1,9996;3,8032
01/10/2026 09:01:10;1,9974;3,8046
01/10/2026 09:01:11;1,9977;3,806
01/10/2026 09:01:12;1,9982;3,8052
01/10/2026 09:01:13;2,001;3,8085
01/10/2026 09:01:14;2,0003;3,8083
01/10/2026 09:01:15;2,0014;3,81
01/10/2026 09:01:16;1,9991;3,8141
01/10/2026 09:01:17;2,0003;3,8129
01/10/2026 09:01:18;2,0013;3,8137
01/10/2026 09:01:19;1,9994;3,8169
01/10/2026 09:01:20;2,0009;3,8161
01/10/2026 09:01:21;1,9987;3,8179
01/10/2026 09:01:22;1,9993;3,8208
01/10/2026 09:01:23;1,9992;3,8209
01/10/2026 09:01:24;1,9976;3,8205
01/10/2026 09:01:25;2,001;3,8239
01/10/2026 09:01:26;1,9991;3,8242
01/10/2026 09:01:27;2,0;3,8274
01/10/2026 09:01:28;2,001;3,8265
01/10/2026 09:01:29;2,0009;3,8294
01/10/2026 09:01:30;2,0013;3,8314
01/10/2026 09:01:31;1,9998;3,83
01/10/2026 09:01:32;1,9992;3,8319
01/10/2026 09:01:33;1,9998;3,8337
01/10/2026 09:01:34;1,9966;3,8336
01/10/2026 09:01:35;1,9971;3,836
01/10/2026 09:01:36;1,9974;3,8367
01/10/2026 09:01:37;1,998;3,8379
01/10/2026 09:01:38;2,0008;3,8394
01/10/2026 09:01:39;1,9982;3,8406
01/10/2026 09:01:40;1,9992;3,8419
01/10/2026 09:01:41;2,0026;3,8423
01/10/2026 09:01:42;1,9993;3,8436
01/10/2026 09:01:43;2,0015;3,8452
01/10/2026 09:01:44;1,9981;3,8464
01/10/2026 09:01:45;1,9996;3,8472
01/10/2026 09:01:46;1,9981;3,8492
01/10/2026 09:01:47;1,9993;3,8482
01/10/2026 09:01:48;2,0017;3,8504
01/10/2026 09:01:49;1,9965;3,852
01/10/2026 09:01:50;2,0009;3,8526
01/10/2026 09:01:51;2,0005;3,8563
01/10/2026 09:01:52;1,9988;3,8558
01/10/2026 09:01:53;1,9971;3,8571
01/10/2026 09:01:54;2,0001;3,8576
01/10/2026 09:01:55;1,9989;3,8592
01/10/2026 09:01:56;2,0005;3,8591
01/10/2026 09:01:57;2,0;3,8613
01/10/2026 09:01:58;2,0032;3,8617
01/10/2026 09:01:59;1,9995;3,8634
01/10/2026 09:02:00;1,998;3,8623
01/10/2026 09:02:01;2,0004;3,8648
01/10/2026 09:02:02;2,0004;3,8685
01/10/2026 09:02:03;2,0027;3,869
01/10/2026 09:02:04;2,0017;3,8706
01/10/2026 09:02:05;2,0007;3,8718
01/10/2026 09:02:06;2,0029;3,8721
01/10/2026 09:02:07;1,9976;3,8721
01/10/2026 09:02:08;1,9987;3,8726
01/10/2026 09:02:09;1,9981;3,8759
01/10/2026 09:02:10;1,9992;3,8759
01/10/2026 09:02:11;1,9972;3,8794
01/10/2026 09:02:12;2,0013;3,8776
01/10/2026 09:02:13;1,9996;3,881
01/10/2026 09:02:14;1,9971;3,88
01/10/2026 09:02:15;1,998;3,8825
01/10/2026 09:02:16;2,0006;3,8839
01/10/2026 09:02:17;2,0017;3,8823
01/10/2026 09:02:18;2,004;3,8839
01/10/2026 09:02:19;2,0058;3,8844
01/10/2026 09:02:20;2,0008;3,8852
01/10/2026 09:02:21;1,998;3,8882
01/10/2026 09:02:22;1,9957;3,8883
01/10/2026 09:02:23;2,0005;3,8896
01/10/2026 09:02:24;1,9984;3,8912
01/10/2026 09:02:25;1,9992;3,8898
01/10/2026 09:02:26;1,9988;3,894
01/10/2026 09:02:27;1,9997;3,8933
01/10/2026 09:02:28;2,0021;3,8952
01/10/2026 09:02:29;2,0003;3,8963
01/10/2026 09:02:30;1,9997;3,8981
01/10/2026 09:02:31;1,9979;3,8976
01/10/2026 09:02:32;1,9967;3,8966
01/10/2026 09:02:33;1,999;3,8998
01/10/2026 09:02:34;1,9999;3,901
01/10/2026 09:02:35;2,0035;3,9007
01/10/2026 09:02:36;2,0003;3,9029
01/10/2026 09:02:37;2,002;3,9034
01/10/2026 09:02:38;1,999;3,9034
01/10/2026 09:02:39;1,9976;3,9064
01/10/2026 09:02:40;1,9981;3,9061
01/10/2026 09:02:41;1,9985;3,9072
01/10/2026 09:02:42;2,0043;3,9082
01/10/2026 09:02:43;1,9984;3,9108
01/10/2026 09:02:44;2,0017;3,9105
01/10/2026 09:02:45;1,9982;3,9116
01/10/2026 09:02:46;2,0019;3,912
01/10/2026 09:02:47;2,0008;3,9139
01/10/2026 09:02:48;1,9997;3,9157
01/10/2026 09:02:49;1,9999;3,916
01/10/2026 09:02:50;1,9987;3,917
01/10/2026 09:02:51;2,0009;3,9178
01/10/2026 09:02:52;1,9991;3,9168
01/10/2026 09:02:53;1,9975;3,9182
01/10/2026 09:02:54;1,9974;3,9198
01/10/2026 09:02:55;2,0003;3,9203
01/10/2026 09:02:56;2,0032;3,9208
01/10/2026 09:02:57;2,0003;3,921
01/10/2026 09:02:58;1,9998;3,9224
01/10/2026 09:02:59;2,0006;3,9244
01/10/2026 09:03:00;2,0026;3,9255
01/10/2026 09:03:01;2,0004;3,9257
01/10/2026 09:03:02;1,9992;3,9275
01/10/2026 09:03:03;2,0022;3,9279
01/10/2026 09:03:04;2,0009;3,9303
01/10/2026 09:03:05;2,0031;3,93
01/10/2026 09:03:06;2,0004;3,9317
01/10/2026 09:03:07;1,9976;3,9321
01/10/2026 09:03:08;1,9973;3,9314
01/10/2026 09:03:09;2,0033;3,9336
01/10/2026 09:03:10;2,0034;3,9334
01/10/2026 09:03:11;1,9996;3,9354
01/10/2026 09:03:12;1,9992;3,9356
01/10/2026 09:03:13;2,0029;3,9376
01/10/2026 09:03:14;1,9978;3,9368
01/10/2026 09:03:15;1,9982;3,939
01/10/2026 09:03:16;2,0013;3,9404
01/10/2026 09:03:17;1,9992;3,9416
01/10/2026 09:03:18;2,0;3,9408
01/10/2026 09:03:19;1,9997;3,9425
01/10/2026 09:03:20;2,0007;3,9435
01/10/2026 09:03:21;2,0028;3,9457
01/10/2026 09:03:22;2,0002;3,9435
01/10/2026 09:03:23;2,0013;3,9449
01/10/2026 09:03:24;1,9959;3,9495
01/10/2026 09:03:25;1,9999;3,9473
01/10/2026 09:03:26;1,9983;3,9465
01/10/2026 09:03:27;1,9976;3,9486
01/10/2026 09:03:28;1,9982;3,9473
01/10/2026 09:03:29;1,9993;3,9511
01/10/2026 09:03:30;2,0018;3,9525
01/10/2026 09:03:31;1,9973;3,9516
01/10/2026 09:03:32;2,0001;3,9529
01/10/2026 09:03:33;1,999;3,9551
01/10/2026 09:03:34;1,9993;3,9532
01/10/2026 09:03:35;2,002;3,9545
01/10/2026 09:03:36;2,0011;3,9564
01/10/2026 09:03:37;2,0027;3,9567
01/10/2026 09:03:38;1,9997;3,9579
01/10/2026 09:03:39;1,9986;3,9578
01/10/2026 09:03:40;1,9996;3,9601
01/10/2026 09:03:41;2,0005;3,9605
01/10/2026 09:03:42;2,0004;3,962
01/10/2026 09:03:43;1,9978;3,9624
01/10/2026 09:03:44;2,0002;3,9632
01/10/2026 09:03:45;2,0005;3,9624
01/10/2026 09:03:46;2,005;3,9651
01/10/2026 09:03:47;2,0038;3,9651
01/10/2026 09:03:48;1,9983;3,966
01/10/2026 09:03:49;1,9994;3,968
01/10/2026 09:03:50;1,9971;3,967
01/10/2026 09:03:51;1,9988;3,9698
01/10/2026 09:03:52;2,0006;3,9707
01/10/2026 09:03:53;2,0024;3,9708
01/10/2026 09:03:54;1,9985;3,9698
01/10/2026 09:03:55;1,9987;3,9694
01/10/2026 09:03:56;1,9957;3,9734
01/10/2026 09:03:57;1,9997;3,9732
01/10/2026 09:03:58;1,9979;3,9731
01/10/2026 09:03:59;1,9989;3,9758
01/10/2026 09:04:00;1,9982;3,9745
01/10/2026 09:04:01;1,9998;3,9757
01/10/2026 09:04:02;1,9965;3,9774
01/10/2026 09:04:03;1,9971;3,9765
01/10/2026 09:04:04;2,0043;3,9782
01/10/2026 09:04:05;1,9974;3,9801
01/10/2026 09:04:06;1,9978;3,98
01/10/2026 09:04:07;2,0037;3,9818
01/10/2026 09:04:08;2,0058;3,9824
01/10/2026 09:04:09;1,9977;3,982
01/10/2026 09:04:10;1,9993;3,9804
01/10/2026 09:04:11;2,0007;3,9823
01/10/2026 09:04:12;2,0035;3,9849
01/10/2026 09:04:13;1,998;3,9833
01/10/2026 09:04:14;1,9995;3,9853
01/10/2026 09:04:15;2,0016;3,9866
01/10/2026 09:04:16;2,0009;3,9885
01/10/2026 09:04:17;1,9992;3,9871
01/10/2026 09:04:18;1,9997;3,9878
01/10/2026 09:04:19;1,9973;3,9891
01/10/2026 09:04:20;1,9995;3,9902
01/10/2026 09:04:21;1,9995;3,9904
01/10/2026 09:04:22;2,0005;3,9923
01/10/2026 09:04:23;1,9989;3,9911
01/10/2026 09:04:24;2,0009;3,9927
01/10/2026 09:04:25;2,002;3,9937
01/10/2026 09:04:26;2,0003;3,9936
01/10/2026 09:04:27;2,0007;3,9955
01/10/2026 09:04:28;2,0001;3,9955
01/10/2026 09:04:29;2,0;3,9968
01/10/2026 09:04:30;1,9986;3,9969
01/10/2026 09:04:31;2,0006;3,9978
01/10/2026 09:04:32;1,9998;3,9974
01/10/2026 09:04:33;2,0042;3,9981
01/10/2026 09:04:34;2,0031;4,0006
01/10/2026 09:04:35;2,0008;4,0007
01/10/2026 09:04:36;1,9985;3,9997
01/10/2026 09:04:37;1,9978;4,0016
01/10/2026 09:04:38;2,0024;3,9997
01/10/2026 09:04:39;2,0005;4,0021
01/10/2026 09:04:40;2,001;4,0043
01/10/2026 09:04:41;1,9965;4,0039
01/10/2026 09:04:42;2,0019;4,0048
01/10/2026 09:04:43;2,0009;4,0023
01/10/2026 09:04:44;1,9978;4,0056
01/10/2026 09:04:45;1,9991;4,007
01/10/2026 09:04:46;2,0005;4,0077
01/10/2026 09:04:47;2,0001;4,0089
01/10/2026 09:04:48;1,9994;4,0083
01/10/2026 09:04:49;1,9998;4,009
01/10/2026 09:04:50;1,9995;4,0085
01/10/2026 09:04:51;2,0003;4,0103
01/10/2026 09:04:52;2,0029;4,0098
01/10/2026 09:04:53;1,9949;4,0099
01/10/2026 09:04:54;1,9995;4,0113
01/10/2026 09:04:55;2,0004;4,0145
01/10/2026 09:04:56;2,0006;4,0133
01/10/2026 09:04:57;1,9993;4,0144
01/10/2026 09:04:58;1,9965;4,0143
01/10/2026 09:04:59;2,0007;4,0137
01/10/2026 09:05:00;2,0035;4,017
01/10/2026 09:05:01;1,9969;4,0145
01/10/2026 09:05:02;2,0017;4,0167
01/10/2026 09:05:03;1,9993;4,0178
01/10/2026 09:05:04;1,9999;4,0187
01/10/2026 09:05:05;1,9979;4,0184
01/10/2026 09:05:06;1,9993;4,0179
01/10/2026 09:05:07;2,0026;4,0195
01/10/2026 09:05:08;2,0012;4,0202
01/10/2026 09:05:09;2,0035;4,0207
01/10/2026 09:05:10;2,0024;4,0231
01/10/2026 09:05:11;2,0009;4,0215
01/10/2026 09:05:12;2,0035;4,0236
01/10/2026 09:05:13;2,0009;4,024
01/10/2026 09:05:14;2,0017;4,0254
01/10/2026 09:05:15;1,9994;4,0249
01/10/2026 09:05:16;2,0001;4,0264
01/10/2026 09:05:17;1,9986;4,026
01/10/2026 09:05:18;2,002;4,0272
01/10/2026 09:05:19;1,9976;4,0258
01/10/2026 09:05:20;2,0016;4,0253
01/10/2026 09:05:21;1,9996;4,0289
01/10/2026 09:05:22;2,0023;4,0295
01/10/2026 09:05:23;2,0015;4,0301
01/10/2026 09:05:24;2,0036;4,0297
01/10/2026 09:05:25;2,0015;4,0323
01/10/2026 09:05:26;1,9969;4,0309
01/10/2026 09:05:27;1,9999;4,0323
01/10/2026 09:05:28;1,9977;4,033
01/10/2026 09:05:29;1,999;4,0347
01/10/2026 09:05:30;2,003;4,0332
01/10/2026 09:05:31;2,0013;4,0335
01/10/2026 09:05:32;1,9986;4,0332
01/10/2026 09:05:33;1,998;4,0368
01/10/2026 09:05:34;2,0001;4,0362
01/10/2026 09:05:35;1,9976;4,0368
01/10/2026 09:05:36;1,9987;4,04
01/10/2026 09:05:37;2,0006;4,0377
01/10/2026 09:05:38;2,0023;4,0366
01/10/2026 09:05:39;2,0012;4,0383
01/10/2026 09:05:40;1,9954;4,038
01/10/2026 09:05:41;2,0006;4,0392
01/10/2026 09:05:42;2,0001;4,0397
01/10/2026 09:05:43;2,0008;4,04
01/10/2026 09:05:44;2,0032;4,0398
01/10/2026 09:05:45;1,9959;4,0433
01/10/2026 09:05:46;1,9988;4,0425
01/10/2026 09:05:47;2,0012;4,0425
01/10/2026 09:05:48;1,9968;4,044
01/10/2026 09:05:49;2,003;4,0442
01/10/2026 09:05:50;2,0007;4,0446
01/10/2026 09:05:51;2,0017;4,0455
01/10/2026 09:05:52;1,9989;4,0455
01/10/2026 09:05:53;2,0016;4,0465
01/10/2026 09:05:54;2,0021;4,0471
01/10/2026 09:05:55;2,0005;4,047
01/10/2026 09:05:56;2,0005;4,0472
01/10/2026 09:05:57;2,0005;4,0494
01/10/2026 09:05:58;1,9983;4,0479
01/10/2026 09:05:59;1,9997;4,0493
01/10/2026 09:06:00;1,9997;4,0498
01/10/2026 09:06:01;2,0008;4,0493
01/10/2026 09:06:02;2,002;4,0496
01/10/2026 09:06:03;1,9979;4,0505
01/10/2026 09:06:04;1,9997;4,0509
01/10/2026 09:06:05;2,003;4,0504
01/10/2026 09:06:06;1,9985;4,0517
01/10/2026 09:06:07;1,9984;4,0531
01/10/2026 09:06:08;2,0004;4,0546
01/10/2026 09:06:09;2,0017;4,0544
01/10/2026 09:06:10;2,0;4,0517
01/10/2026 09:06:11;2,0027;4,0555
01/10/2026 09:06:12;2,0017;4,0547
01/10/2026 09:06:13;2,0017;4,0562
01/10/2026 09:06:14;2,0011;4,0563
01/10/2026 09:06:15;2,0047;4,0566
01/10/2026 09:06:16;1,9996;4,0571
01/10/2026 09:06:17;1,996;4,0577
01/10/2026 09:06:18;2,0032;4,0595
01/10/2026 09:06:19;1,9991;4,0586
01/10/2026 09:06:20;2,0002;4,0602
01/10/2026 09:06:21;2,0026;4,0605
01/10/2026 09:06:22;1,9968;4,0607
01/10/2026 09:06:23;1,9975;4,0587
01/10/2026 09:06:24;1,9968;4,0621
01/10/2026 09:06:25;1,9984;4,061
01/10/2026 09:06:26;2,0009;4,0626
01/10/2026 09:06:27;2,001;4,0614
01/10/2026 09:06:28;2,0006;4,0616
01/10/2026 09:06:29;1,9972;4,0653
01/10/2026 09:06:30;1,9954;4,0628
01/10/2026 09:06:31;2,0001;4,0653
01/10/2026 09:06:32;1,9991;4,0648
01/10/2026 09:06:33;2,0009;4,0647
01/10/2026 09:06:34;2,0014;4,0655
01/10/2026 09:06:35;2,0003;4,0647
01/10/2026 09:06:36;2,0015;4,0664
01/10/2026 09:06:37;2,0005;4,0658
01/10/2026 09:06:38;2,0011;4,0669
01/10/2026 09:06:39;1,9986;4,0687
01/10/2026 09:06:40;1,9996;4,0685
01/10/2026 09:06:41;2,0004;4,0672
01/10/2026 09:06:42;2,0016;4,0699
01/10/2026 09:06:43;1,9992;4,0695
01/10/2026 09:06:44;2,001;4,0694
01/10/2026 09:06:45;1,9995;4,0711
01/10/2026 09:06:46;1,9998;4,0706
01/10/2026 09:06:47;2,0017;4,0701
01/10/2026 09:06:48;1,996;4,0735
01/10/2026 09:06:49;1,9974;4,0721
01/10/2026 09:06:50;1,997;4,0724
01/10/2026 09:06:51;1,9953;4,0725
01/10/2026 09:06:52;1,9986;4,0745
01/10/2026 09:06:53;2,0015;4,0733
01/10/2026 09:06:54;1,9994;4,0727
01/10/2026 09:06:55;2,0004;4,074
01/10/2026 09:06:56;2,0022;4,0764
01/10/2026 09:06:57;2,0027;4,0763
01/10/2026 09:06:58;1,9999;4,0756
01/10/2026 09:06:59;2,0027;4,0777
01/10/2026 09:07:00;2,0002;4,0774
01/10/2026 09:07:01;1,9983;4,0768
01/10/2026 09:07:02;1,9988;4,0774
01/10/2026 09:07:03;1,997;4,0783
01/10/2026 09:07:04;1,9982;4,0775
01/10/2026 09:07:05;1,9993;4,0787
01/10/2026 09:07:06;2,0016;4,0795
01/10/2026 09:07:07;2,0034;4,0779
01/10/2026 09:07:08;1,9972;4,0798
01/10/2026 09:07:09;2,0008;4,08
01/10/2026 09:07:10;1,9979;4,0818
01/10/2026 09:07:11;2,0009;4,0793
01/10/2026 09:07:12;1,9997;4,0812
01/10/2026 09:07:13;1,9963;4,0814
01/10/2026 09:07:14;2,0019;4,0833
01/10/2026 09:07:15;1,9988;4,0827
01/10/2026 09:07:16;1,9989;4,0849
01/10/2026 09:07:17;1,9979;4,0842
01/10/2026 09:07:18;1,9987;4,0835
01/10/2026 09:07:19;2,0009;4,0845
01/10/2026 09:07:20;1,9996;4,0843
01/10/2026 09:07:21;2,0007;4,0859
01/10/2026 09:07:22;2,0007;4,0841
01/10/2026 09:07:23;2,0026;4,085
01/10/2026 09:07:24;1,9993;4,0866
01/10/2026 09:07:25;1,997;4,0878
01/10/2026 09:07:26;2,0021;4,0847
01/10/2026 09:07:27;1,9993;4,0887
01/10/2026 09:07:28;2,0022;4,0875
01/10/2026 09:07:29;2,0008;4,0862
01/10/2026 09:07:30;1,9997;4,0854
01/10/2026 09:07:31;2,0007;4,0873
01/10/2026 09:07:32;2,0039;4,0892
01/10/2026 09:07:33;2,0042;4,0895
01/10/2026 09:07:34;2,0001;4,0905
01/10/2026 09:07:35;2,0003;4,0897
01/10/2026 09:07:36;2,0022;4,0895
01/10/2026 09:07:37;1,9983;4,0906
01/10/2026 09:07:38;2,0007;4,0914
01/10/2026 09:07:39;1,9999;4,092
01/10/2026 09:07:40;2,0006;4,0913
01/10/2026 09:07:41;1,9983;4,0934
01/10/2026 09:07:42;1,9968;4,0922
01/10/2026 09:07:43;1,9959;4,0923
01/10/2026 09:07:44;1,9978;4,093
01/10/2026 09:07:45;1,9991;4,095
01/10/2026 09:07:46;1,9994;4,0941
01/10/2026 09:07:47;2,0039;4,0939
01/10/2026 09:07:48;2,0022;4,0959
01/10/2026 09:07:49;1,9981;4,0974
01/10/2026 09:07:50;2,0007;4,0958
01/10/2026 09:07:51;1,9992;4,0972
01/10/2026 09:07:52;1,9994;4,0974
01/10/2026 09:07:53;2,0004;4,0961
01/10/2026 09:07:54;2,0012;4,097
01/10/2026 09:07:55;1,9993;4,0961
01/10/2026 09:07:56;2,0021;4,0975
01/10/2026 09:07:57;1,9977;4,0974
01/10/2026 09:07:58;2,0;4,098
01/10/2026 09:07:59;2,0052;4,098
01/10/2026 09:08:00;2,0004;4,0988
01/10/2026 09:08:01;2,0029;4,0999
01/10/2026 09:08:02;2,0002;4,0996
01/10/2026 09:08:03;2,0012;4,0982
01/10/2026 09:08:04;1,9999;4,0996
01/10/2026 09:08:05;1,9997;4,0992
01/10/2026 09:08:06;1,9984;4,1013
01/10/2026 09:08:07;2,0009;4,1019
01/10/2026 09:08:08;1,9983;4,102
01/10/2026 09:08:09;2,0013;4,1012
01/10/2026 09:08:10;2,0022;4,1026
01/10/2026 09:08:11;2,0007;4,1022
01/10/2026 09:08:12;1,9994;4,1019
01/10/2026 09:08:13;2,0009;4,1041
01/10/2026 09:08:14;1,9994;4,1045
01/10/2026 09:08:15;2,0019;4,1049
01/10/2026 09:08:16;1,9963;4,1037
01/10/2026 09:08:17;1,9993;4,1058
01/10/2026 09:08:18;1,996;4,1044
01/10/2026 09:08:19;1,997;4,1059
01/10/2026 09:08:20;2,0027;4,1051
01/10/2026 09:08:21;2,0018;4,1057
01/10/2026 09:08:22;1,9986;4,1038
01/10/2026 09:08:23;1,997;4,1062
01/10/2026 09:08:24;1,9941;4,1069
01/10/2026 09:08:25;1,9989;4,1067
01/10/2026 09:08:26;2,0048;4,1092
01/10/2026 09:08:27;2,0009;4,1066
01/10/2026 09:08:28;1,9989;4,1075
01/10/2026 09:08:29;2,0009;4,1074
01/10/2026 09:08:30;1,9969;4,1081
01/10/2026 09:08:31;1,9994;4,11
01/10/2026 09:08:32;2,0002;4,1107
01/10/2026 09:08:33;1,9998;4,1089
01/10/2026 09:08:34;2,0016;4,1091
01/10/2026 09:08:35;2,0007;4,109
01/10/2026 09:08:36;2,0013;4,1118
01/10/2026 09:08:37;1,9986;4,1119
01/10/2026 09:08:38;2,0018;4,111
01/10/2026 09:08:39;2,0033;4,11
01/10/2026 09:08:40;1,9981;4,1103
01/10/2026 09:08:41;1,9982;4,1121
01/10/2026 09:08:42;2,0027;4,1128
01/10/2026 09:08:43;1,9996;4,1105
01/10/2026 09:08:44;2,0028;4,1125
01/10/2026 09:08:45;1,9991;4,1147
01/10/2026 09:08:46;2,0029;4,1132
01/10/2026 09:08:47;2,0003;4,1152
01/10/2026 09:08:48;2,0005;4,1146
01/10/2026 09:08:49;2,0031;4,1132
01/10/2026 09:08:50;1,9993;4,1143
01/10/2026 09:08:51;1,9981;4,1147
01/10/2026 09:08:52;1,9991;4,1142
01/10/2026 09:08:53;2,0009;4,1144
01/10/2026 09:08:54;1,9969;4,1172
01/10/2026 09:08:55;2,0013;4,115
01/10/2026 09:08:56;1,9989;4,1173
01/10/2026 09:08:57;2,0023;4,1161
01/10/2026 09:08:58;1,9952;4,1168
01/10/2026 09:08:59;1,9984;4,1176
01/10/2026 09:09:00;1,9966;4,1168
01/10/2026 09:09:01;1,9983;4,1182
01/10/2026 09:09:02;2,0005;4,1159
01/10/2026 09:09:03;1,9996;4,1186
01/10/2026 09:09:04;1,9995;4,116
01/10/2026 09:09:05;1,9997;4,1185
01/10/2026 09:09:06;2,0004;4,1198
01/10/2026 09:09:07;1,998;4,1199
01/10/2026 09:09:08;2,0014;4,1182
01/10/2026 09:09:09;2,0013;4,1186
01/10/2026 09:09:10;2,0008;4,1194
01/10/2026 09:09:11;2,0011;4,1205
01/10/2026 09:09:12;2,0006;4,1186
01/10/2026 09:09:13;2,0041;4,1208
01/10/2026 09:09:14;1,9998;4,1214
01/10/2026 09:09:15;1,9994;4,1211
01/10/2026 09:09:16;1,9985;4,1222
01/10/2026 09:09:17;1,9979;4,1221
01/10/2026 09:09:18;1,9975;4,1216
01/10/2026 09:09:19;1,9982;4,1205
01/10/2026 09:09:20;1,9999;4,1228
01/10/2026 09:09:21;2,0007;4,122
01/10/2026 09:09:22;2,0001;4,1226
01/10/2026 09:09:23;1,9985;4,1239
01/10/2026 09:09:24;2,0018;4,1251
01/10/2026 09:09:25;2,0015;4,1239
01/10/2026 09:09:26;1,9997;4,1248
01/10/2026 09:09:27;1,9987;4,123
01/10/2026 09:09:28;2,0011;4,125
01/10/2026 09:09:29;2,0004;4,1249
01/10/2026 09:09:30;1,9971;4,1264
01/10/2026 09:09:31;1,9999;4,1249
01/10/2026 09:09:32;2,0005;4,1255
01/10/2026 09:09:33;1,9982;4,127
01/10/2026 09:09:34;2,0004;4,1261
01/10/2026 09:09:35;1,9971;4,1253
01/10/2026 09:09:36;2,0027;4,1292
01/10/2026 09:09:37;2,0025;4,1259
01/10/2026 09:09:38;1,9995;4,1271
01/10/2026 09:09:39;2,0007;4,1278
01/10/2026 09:09:40;1,9952;4,1279
01/10/2026 09:09:41;1,9977;4,1277
01/10/2026 09:09:42;1,9994;4,128
01/10/2026 09:09:43;1,9979;4,1282
01/10/2026 09:09:44;2,0014;4,1275
01/10/2026 09:09:45;2,004;4,131
01/10/2026 09:09:46;1,9976;4,1289
01/10/2026 09:09:47;1,9983;4,1299
01/10/2026 09:09:48;2,0005;4,1292
01/10/2026 09:09:49;2,0032;4,1295
01/10/2026 09:09:50;1,9976;4,1296
01/10/2026 09:09:51;2,0005;4,1287
01/10/2026 09:09:52;2,0036;4,1303
01/10/2026 09:09:53;1,9967;4,1303
01/10/2026 09:09:54;1,9974;4,1321
01/10/2026 09:09:55;1,9992;4,13
01/10/2026 09:09:56;1,999;4,1308
01/10/2026 09:09:57;2,0016;4,1308
01/10/2026 09:09:58;2,0005;4,1333
01/10/2026 09:09:59;1,9965;4,1312
01/10/2026 09:10:00;2,001;4,1329
01/10/2026 09:10:01;1,9988;4,1335
01/10/2026 09:10:02;2,0025;4,1326
01/10/2026 09:10:03;1,9987;4,1316
01/10/2026 09:10:04;1,9987;4,1319
01/10/2026 09:10:05;2,0011;4,1343
01/10/2026 09:10:06;2,0015;4,1324
01/10/2026 09:10:07;2,0009;4,1343
01/10/2026 09:10:08;1,9966;4,1342
01/10/2026 09:10:09;2,0011;4,1347
01/10/2026 09:10:10;1,9979;4,135
01/10/2026 09:10:11;2,0005;4,1338
01/10/2026 09:10:12;1,9972;4,134
01/10/2026 09:10:13;2,0009;4,1359
01/10/2026 09:10:14;1,9984;4,1348
01/10/2026 09:10:15;1,9974;4,1329
01/10/2026 09:10:16;2,0014;4,1365
01/10/2026 09:10:17;2,0005;4,135
01/10/2026 09:10:18;1,9988;4,1367
01/10/2026 09:10:19;2,0029;4,1379
01/10/2026 09:10:20;1,9991;4,1367
01/10/2026 09:10:21;2,0001;4,1379
01/10/2026 09:10:22;2,0005;4,1373
01/10/2026 09:10:23;1,9988;4,1389
01/10/2026 09:10:24;2,0009;4,1365
01/10/2026 09:10:25;1,9989;4,1377
01/10/2026 09:10:26;1,9992;4,1386
01/10/2026 09:10:27;2,0027;4,138
01/10/2026 09:10:28;1,9979;4,1395
01/10/2026 09:10:29;1,9952;4,1381
01/10/2026 09:10:30;2,0032;4,1408
01/10/2026 09:10:31;2,0051;4,1411
01/10/2026 09:10:32;1,9992;4,1395
01/10/2026 09:10:33;1,9961;4,1399
01/10/2026 09:10:34;1,9994;4,1408
01/10/2026 09:10:35;1,9994;4,1386
01/10/2026 09:10:36;1,9996;4,1387
01/10/2026 09:10:37;1,9978;4,1414
01/10/2026 09:10:38;2,0012;4,1407
01/10/2026 09:10:39;2,001;4,1404
01/10/2026 09:10:40;1,997;4,1408
01/10/2026 09:10:41;2,0014;4,1386
01/10/2026 09:10:42;2,0041;4,141
01/10/2026 09:10:43;2,0003;4,1406
01/10/2026 09:10:44;1,9993;4,1425
01/10/2026 09:10:45;1,9997;4,1428
01/10/2026 09:10:46;2,0012;4,1425
01/10/2026 09:10:47;1,9965;4,1425
01/10/2026 09:10:48;2,0003;4,1408
01/10/2026 09:10:49;1,9992;4,1431
01/10/2026 09:10:50;2,0037;4,1433
01/10/2026 09:10:51;1,9997;4,1442
01/10/2026 09:10:52;2,0033;4,1452
01/10/2026 09:10:53;1,9978;4,1416
01/10/2026 09:10:54;2,0012;4,1431
01/10/2026 09:10:55;2,0006;4,1429
01/10/2026 09:10:56;1,9983;4,144
01/10/2026 09:10:57;2,0004;4,1441
01/10/2026 09:10:58;2,0024;4,144
01/10/2026 09:10:59;1,9994;4,1454
01/10/2026 09:11:00;1,9966;4,1435
01/10/2026 09:11:01;2,0;4,1437
01/10/2026 09:11:02;1,9982;4,1439
01/10/2026 09:11:03;1,9993;4,1448
01/10/2026 09:11:04;1,9998;4,1441
01/10/2026 09:11:05;1,9966;4,1455
01/10/2026 09:11:06;1,9968;4,1455
01/10/2026 09:11:07;2,001;4,1451
01/10/2026 09:11:08;1,999;4,1469
01/10/2026 09:11:09;1,9949;4,1462
01/10/2026 09:11:10;2,0016;4,1475
01/10/2026 09:11:11;2,0005;4,1464
01/10/2026 09:11:12;1,9986;4,1467
01/10/2026 09:11:13;1,9974;4,1464
01/10/2026 09:11:14;2,0017;4,1471
01/10/2026 09:11:15;2,0007;4,148
01/10/2026 09:11:16;2,0048;4,1471
01/10/2026 09:11:17;2,0008;4,1482
01/10/2026 09:11:18;2,0008;4,147
01/10/2026 09:11:19;1,9997;4,1488
01/10/2026 09:11:20;2,0016;4,1476
01/10/2026 09:11:21;2,0013;4,1492
01/10/2026 09:11:22;2,0025;4,1486
01/10/2026 09:11:23;1,999;4,1502
01/10/2026 09:11:24;1,9991;4,1477
01/10/2026 09:11:25;1,999;4,1476
01/10/2026 09:11:26;2,0016;4,1486
01/10/2026 09:11:27;2,003;4,148
01/10/2026 09:11:28;1,9991;4,1482
01/10/2026 09:11:29;1,9992;4,1503
01/10/2026 09:11:30;2,0006;4,1499
01/10/2026 09:11:31;1,9995;4,1496
01/10/2026 09:11:32;2,0019;4,1498
01/10/2026 09:11:33;1,9955;4,1498
01/10/2026 09:11:34;1,9983;4,1522
01/10/2026 09:11:35;1,9984;4,15
01/10/2026 09:11:36;1,9954;4,1495
01/10/2026 09:11:37;1,9981;4,1518
01/10/2026 09:11:38;1,9982;4,151
01/10/2026 09:11:39;1,9996;4,1534
01/10/2026 09:11:40;2,0022;4,151
01/10/2026 09:11:41;1,9995;4,1525
01/10/2026 09:11:42;1,9979;4,1529
01/10/2026 09:11:43;1,9999;4,1515
01/10/2026 09:11:44;2,0021;4,1514
01/10/2026 09:11:45;1,998;4,1531
01/10/2026 09:11:46;1,9982;4,153
01/10/2026 09:11:47;2,0011;4,1512
01/10/2026 09:11:48;1,9996;4,1517
01/10/2026 09:11:49;2,0013;4,1504
01/10/2026 09:11:50;2,0;4,1537
01/10/2026 09:11:51;2,0014;4,153
01/10/2026 09:11:52;1,9979;4,1533
01/10/2026 09:11:53;2,0;4,1519
01/10/2026 09:11:54;1,9996;4,1526
01/10/2026 09:11:55;1,9976;4,1534
01/10/2026 09:11:56;1,9969;4,1534
01/10/2026 09:11:57;2,0014;4,1543
01/10/2026 09:11:58;1,9993;4,1549
01/10/2026 09:11:59;1,998;4,1568
01/10/2026 09:12:00;1,9998;4,1546
01/10/2026 09:12:01;2,0023;4,1559
01/10/2026 09:12:02;1,9954;4,1541
01/10/2026 09:12:03;1,997;4,1534
01/10/2026 09:12:04;1,9982;4,1549
01/10/2026 09:12:05;2,0029;4,1538
01/10/2026 09:12:06;2,0006;4,1556
01/10/2026 09:12:07;2,0015;4,1549
01/10/2026 09:12:08;1,9977;4,1539
01/10/2026 09:12:09;1,9978;4,1577
01/10/2026 09:12:10;2,0009;4,1556
01/10/2026 09:12:11;2,0001;4,1546
01/10/2026 09:12:12;2,0011;4,1573
01/10/2026 09:12:13;1,9996;4,1558
01/10/2026 09:12:14;2,0006;4,1578
01/10/2026 09:12:15;2,0003;4,1561
01/10/2026 09:12:16;2,0016;4,1565
01/10/2026 09:12:17;2,0016;4,1575
01/10/2026 09:12:18;1,9968;4,1579
01/10/2026 09:12:19;1,9955;4,1582
01/10/2026 09:12:20;2,002;4,1575
01/10/2026 09:12:21;2,0024;4,1582
01/10/2026 09:12:22;1,998;4,1586
01/10/2026 09:12:23;1,9963;4,1582
01/10/2026 09:12:24;2,0002;4,158
01/10/2026 09:12:25;2,0019;4,1568
01/10/2026 09:12:26;2,0036;4,159
01/10/2026 09:12:27;2,001;4,1586
01/10/2026 09:12:28;1,9993;4,1583
01/10/2026 09:12:29;1,9982;4,1601
01/10/2026 09:12:30;2,0;4,1575
01/10/2026 09:12:31;1,9994;4,1607
01/10/2026 09:12:32;1,998;4,1592
01/10/2026 09:12:33;2,0041;4,1597
01/10/2026 09:12:34;2,0036;4,1591
01/10/2026 09:12:35;2,0023;4,158
01/10/2026 09:12:36;1,9982;4,1596
01/10/2026 09:12:37;2,0017;4,1602
01/10/2026 09:12:38;2,0013;4,1607
01/10/2026 09:12:39;2,0009;4,16
01/10/2026 09:12:40;2,0025;4,1581
01/10/2026 09:12:41;2,0013;4,1589
01/10/2026 09:12:42;2,0015;4,1626
01/10/2026 09:12:43;2,0013;4,1596
01/10/2026 09:12:44;2,0007;4,1623
01/10/2026 09:12:45;1,9964;4,16
01/10/2026 09:12:46;2,0002;4,1609
01/10/2026 09:12:47;1,9989;4,1618
01/10/2026 09:12:48;1,9974;4,1605
01/10/2026 09:12:49;2,0034;4,1631
01/10/2026 09:12:50;2,0035;4,1617
01/10/2026 09:12:51;2,0027;4,1622
01/10/2026 09:12:52;2,0005;4,1616
01/10/2026 09:12:53;2,0027;4,1626
01/10/2026 09:12:54;2,0;4,1637
01/10/2026 09:12:55;2,0004;4,1621
01/10/2026 09:12:56;1,9978;4,1641
01/10/2026 09:12:57;2,0008;4,1619
01/10/2026 09:12:58;2,0001;4,1634
01/10/2026 09:12:59;1,9974;4,1632
01/10/2026 09:13:00;1,9999;4,1618
01/10/2026 09:13:01;1,9998;4,1632
01/10/2026 09:13:02;2,0036;4,1631
01/10/2026 09:13:03;2,0018;4,1624
01/10/2026 09:13:04;2,0;4,1637
01/10/2026 09:13:05;2,0005;4,1636
01/10/2026 09:13:06;2,0001;4,1635
01/10/2026 09:13:07;1,9996;4,1637
01/10/2026 09:13:08;1,9978;4,1638
01/10/2026 09:13:09;1,9997;4,1636
01/10/2026 09:13:10;1,9985;4,1642
01/10/2026 09:13:11;1,9975;4,1636
01/10/2026 09:13:12;2,001;4,167
01/10/2026 09:13:13;2,0008;4,163
01/10/2026 09:13:14;1,9964;4,164
01/10/2026 09:13:15;1,9998;4,1642
01/10/2026 09:13:16;2,002;4,1668
01/10/2026 09:13:17;2,0021;4,1636
01/10/2026 09:13:18;2,0021;4,1655
01/10/2026 09:13:19;2,0001;4,1654
01/10/2026 09:13:20;1,9983;4,1656
01/10/2026 09:13:21;1,9978;4,1666
01/10/2026 09:13:22;2,0007;4,1667
01/10/2026 09:13:23;2,0008;4,1652
01/10/2026 09:13:24;2,0026;4,1659
01/10/2026 09:13:25;2,0022;4,164
01/10/2026 09:13:26;1,9997;4,166
01/10/2026 09:13:27;1,9975;4,1653
01/10/2026 09:13:28;1,9994;4,166
01/10/2026 09:13:29;2,0004;4,1646
01/10/2026 09:13:30;1,9996;4,1668
01/10/2026 09:13:31;1,9988;4,1648
01/10/2026 09:13:32;2,0005;4,1668
01/10/2026 09:13:33;1,999;4,1655
01/10/2026 09:13:34;1,9987;4,166
01/10/2026 09:13:35;2,0006;4,1681
01/10/2026 09:13:36;1,9992;4,1677
01/10/2026 09:13:37;2,0005;4,1683
01/10/2026 09:13:38;2,0005;4,1688
01/10/2026 09:13:39;1,9977;4,1666
01/10/2026 09:13:40;1,999;4,169
01/10/2026 09:13:41;2,0029;4,1661
01/10/2026 09:13:42;1,9977;4,1685
01/10/2026 09:13:43;1,9958;4,1673
01/10/2026 09:13:44;1,9963;4,167
01/10/2026 09:13:45;2,0001;4,1687
01/10/2026 09:13:46;2,0001;4,1691
01/10/2026 09:13:47;1,9998;4,1692
01/10/2026 09:13:48;2,0024;4,1686
01/10/2026 09:13:49;1,9947;4,1686
01/10/2026 09:13:50;2,0008;4,1691
01/10/2026 09:13:51;2,0031;4,169
01/10/2026 09:13:52;1,9977;4,1693
01/10/2026 09:13:53;1,9992;4,1691
01/10/2026 09:13:54;1,9985;4,1698
01/10/2026 09:13:55;1,9982;4,1675
01/10/2026 09:13:56;1,9993;4,1691
01/10/2026 09:13:57;2,0029;4,1679
01/10/2026 09:13:58;2,0037;4,1697
01/10/2026 09:13:59;1,9993;4,1711
01/10/2026 09:14:00;2,0038;4,1691
01/10/2026 09:14:01;2,0001;4,1698
01/10/2026 09:14:02;2,0035;4,1706
01/10/2026 09:14:03;1,9998;4,1678
01/10/2026 09:14:04;2,0003;4,1695
01/10/2026 09:14:05;2,0007;4,1705
01/10/2026 09:14:06;2,0064;4,1673
01/10/2026 09:14:07;2,0017;4,1693
01/10/2026 09:14:08;1,9986;4,1715
01/10/2026 09:14:09;2,0019;4,1715
01/10/2026 09:14:10;1,9993;4,171
01/10/2026 09:14:11;1,999;4,1716
01/10/2026 09:14:12;2,0018;4,171
01/10/2026 09:14:13;2,0001;4,1714
01/10/2026 09:14:14;2,0006;4,1707
01/10/2026 09:14:15;2,0;4,1712
01/10/2026 09:14:16;2,0007;4,1705
01/10/2026 09:14:17;2,0008;4,1725
01/10/2026 09:14:18;1,9961;4,1729
01/10/2026 09:14:19;2,0013;4,1728
01/10/2026 09:14:20;1,998;4,1711
01/10/2026 09:14:21;1,9971;4,1707
01/10/2026 09:14:22;1,9999;4,173
01/10/2026 09:14:23;2,0002;4,1724
01/10/2026 09:14:24;1,9986;4,1723
01/10/2026 09:14:25;2,0017;4,1714
01/10/2026 09:14:26;1,9973;4,1725
01/10/2026 09:14:27;1,9992;4,1711
01/10/2026 09:14:28;1,9988;4,1729
01/10/2026 09:14:29;1,9999;4,1738
01/10/2026 09:14:30;2,0006;4,1741
01/10/2026 09:14:31;1,998;4,1733
01/10/2026 09:14:32;2,0014;4,1713
01/10/2026 09:14:33;2,0001;4,173
01/10/2026 09:14:34;1,9962;4,175
01/10/2026 09:14:35;1,9961;4,1721
01/10/2026 09:14:36;2,0;4,173
01/10/2026 09:14:37;1,9996;4,1745
01/10/2026 09:14:38;1,9998;4,1738
01/10/2026 09:14:39;1,9999;4,1758
01/10/2026 09:14:40;2,0005;4,1727
01/10/2026 09:14:41;2,0019;4,1725
01/10/2026 09:14:42;1,9978;4,1748
01/10/2026 09:14:43;1,9977;4,1725
01/10/2026 09:14:44;1,9978;4,1735
01/10/2026 09:14:45;2,0006;4,1738
01/10/2026 09:14:46;2,0025;4,175
01/10/2026 09:14:47;1,9991;4,1746
01/10/2026 09:14:48;1,995;4,1745
01/10/2026 09:14:49;1,9966;4,1738
01/10/2026 09:14:50;1,9983;4,1755
01/10/2026 09:14:51;1,9989;4,1784
01/10/2026 09:14:52;1,9992;4,1751
01/10/2026 09:14:53;2,0001;4,1746
01/10/2026 09:14:54;1,9994;4,1733
01/10/2026 09:14:55;2,0021;4,1741
01/10/2026 09:14:56;1,9986;4,1746
01/10/2026 09:14:57;1,9983;4,1743
01/10/2026 09:14:58;2,001;4,1749
01/10/2026 09:14:59;1,9969;4,1768
01/10/2026 09:15:00;0,0008;4,1723
01/10/2026 09:15:01;0,0002;4,167
01/10/2026 09:15:02;-0,0003;4,1621
01/10/2026 09:15:03;0,0032;4,1608
01/10/2026 09:15:04;-0,0012;4,1556
01/10/2026 09:15:05;0,0041;4,1501
01/10/2026 09:15:06;-0,0005;4,1488
01/10/2026 09:15:07;-0,0026;4,1454
01/10/2026 09:15:08;0,0001;4,1383
01/10/2026 09:15:09;-0,0022;4,1362
01/10/2026 09:15:10;-0,0015;4,1333
01/10/2026 09:15:11;0,0008;4,1306
01/10/2026 09:15:12;0,0011;4,1257
01/10/2026 09:15:13;-0,0012;4,1219
01/10/2026 09:15:14;0,002;4,1199
01/10/2026 09:15:15;0,0023;4,1153
01/10/2026 09:15:16;0,0029;4,1128
01/10/2026 09:15:17;0,0011;4,1077
01/10/2026 09:15:18;0,0027;4,1041
01/10/2026 09:15:19;-0,0038;4,1029
01/10/2026 09:15:20;-0,0006;4,099
01/10/2026 09:15:21;-0,0017;4,0964
01/10/2026 09:15:22;0,0002;4,0916
01/10/2026 09:15:23;-0,0011;4,0881
01/10/2026 09:15:24;-0,0003;4,087
01/10/2026 09:15:25;0,0038;4,081
01/10/2026 09:15:26;-0,0003;4,0806
01/10/2026 09:15:27;0,0008;4,0775
01/10/2026 09:15:28;-0,0005;4,0739
01/10/2026 09:15:29;0,0002;4,0693
01/10/2026 09:15:30;0,0;4,0661
01/10/2026 09:15:31;0,0009;4,0636
01/10/2026 09:15:32;0,0023;4,0595
01/10/2026 09:15:33;0,0033;4,0569
01/10/2026 09:15:34;0,0006;4,0555
01/10/2026 09:15:35;0,0012;4,0526
01/10/2026 09:15:36;-0,0023;4,0479
01/10/2026 09:15:37;-0,0002;4,0468
01/10/2026 09:15:38;0,0019;4,0437
01/10/2026 09:15:39;0,0017;4,0419
01/10/2026 09:15:40;0,0004;4,0381
01/10/2026 09:15:41;0,0018;4,0358
01/10/2026 09:15:42;0,001;4,0324
01/10/2026 09:15:43;0,0024;4,0302
01/10/2026 09:15:44;0,0006;4,0252
01/10/2026 09:15:45;-0,0007;4,0236
01/10/2026 09:15:46;0,0007;4,021
01/10/2026 09:15:47;-0,0059;4,0182
01/10/2026 09:15:48;0,0008;4,0162
01/10/2026 09:15:49;-0,0073;4,0138
01/10/2026 09:15:50;-0,0034;4,0109
01/10/2026 09:15:51;0,0009;4,0078
01/10/2026 09:15:52;0,001;4,0047
01/10/2026 09:15:53;-0,0023;4,004
01/10/2026 09:15:54;-0,0014;4,0007
01/10/2026 09:15:55;0,0027;3,9969
01/10/2026 09:15:56;-0,001;3,9952
01/10/2026 09:15:57;0,0045;3,9912
01/10/2026 09:15:58;-0,0;3,9906
01/10/2026 09:15:59;0,0008;3,9879
01/10/2026 09:16:00;0,0032;3,9852
01/10/2026 09:16:01;0,0003;3,9849
01/10/2026 09:16:02;-0,002;3,9798
01/10/2026 09:16:03;-0,0002;3,9794
01/10/2026 09:16:04;-0,0001;3,9785
01/10/2026 09:16:05;-0,0027;3,9751
01/10/2026 09:16:06;-0,0005;3,9718
01/10/2026 09:16:07;-0,0015;3,9684
01/10/2026 09:16:08;0,0018;3,9659
01/10/2026 09:16:09;0,0001;3,9647
01/10/2026 09:16:10;-0,0006;3,9622
01/10/2026 09:16:11;-0,0002;3,96
01/10/2026 09:16:12;0,0004;3,9582
01/10/2026 09:16:13;0,0012;3,9563
01/10/2026 09:16:14;-0,002;3,9547
01/10/2026 09:16:15;-0,0021;3,9509
01/10/2026 09:16:16;0,0022;3,9494
01/10/2026 09:16:17;-0,0008;3,9478
01/10/2026 09:16:18;-0,0028;3,9457
01/10/2026 09:16:19;0,0009;3,9457
01/10/2026 09:16:20;0,0009;3,9421
01/10/2026 09:16:21;-0,0031;3,9382
01/10/2026 09:16:22;0,0005;3,9383
01/10/2026 09:16:23;0,0015;3,9364
01/10/2026 09:16:24;0,0007;3,9338
01/10/2026 09:16:25;0,0013;3,9308
01/10/2026 09:16:26;-0,0028;3,9318
01/10/2026 09:16:27;0,0007;3,9271
01/10/2026 09:16:28;-0,0006;3,9269
01/10/2026 09:16:29;-0,001;3,9246
01/10/2026 09:16:30;0,0017;3,9231
01/10/2026 09:16:31;0,003;3,9224
01/10/2026 09:16:32;0,0036;3,9194
01/10/2026 09:16:33;0,0026;3,9165
01/10/2026 09:16:34;-0,0002;3,9163
01/10/2026 09:16:35;0,0007;3,9128
01/10/2026 09:16:36;0,0015;3,9118
01/10/2026 09:16:37;0,0002;3,9086
01/10/2026 09:16:38;0,0003;3,9071
01/10/2026 09:16:39;0,0016;3,9065
01/10/2026 09:16:40;-0,0001;3,9051
01/10/2026 09:16:41;-0,0015;3,9013
01/10/2026 09:16:42;-0,0008;3,9018
01/10/2026 09:16:43;0,0013;3,8989
01/10/2026 09:16:44;0,0;3,8993
01/10/2026 09:16:45;0,0007;3,896
01/10/2026 09:16:46;0,0013;3,8936
01/10/2026 09:16:47;-0,0007;3,8932
01/10/2026 09:16:48;0,0015;3,8906
01/10/2026 09:16:49;0,0008;3,8912
01/10/2026 09:16:50;-0,0025;3,8884
01/10/2026 09:16:51;0,0029;3,8866
01/10/2026 09:16:52;-0,001;3,8858
01/10/2026 09:16:53;-0,0033;3,8827
01/10/2026 09:16:54;-0,0021;3,8809
01/10/2026 09:16:55;-0,002;3,8811
01/10/2026 09:16:56;0,0001;3,8781
01/10/2026 09:16:57;-0,0005;3,8766
01/10/2026 09:16:58;-0,0007;3,8771
01/10/2026 09:16:59;0,0012;3,8753
01/10/2026 09:17:00;0,0007;3,872
01/10/2026 09:17:01;0,0006;3,8712
01/10/2026 09:17:02;0,0008;3,8695
01/10/2026 09:17:03;0,0012;3,8708
01/10/2026 09:17:04;-0,0042;3,8685
01/10/2026 09:17:05;-0,0007;3,8658
01/10/2026 09:17:06;-0,0044;3,8654
01/10/2026 09:17:07;0,0001;3,8621
01/10/2026 09:17:08;-0,0;3,8615
01/10/2026 09:17:09;0,0021;3,8609
01/10/2026 09:17:10;0,0024;3,8599
01/10/2026 09:17:11;0,0004;3,858
01/10/2026 09:17:12;-0,001;3,8571
01/10/2026 09:17:13;0,001;3,8556
01/10/2026 09:17:14;-0,0011;3,8541
01/10/2026 09:17:15;-0,0;3,8526
01/10/2026 09:17:16;0,002;3,8512
01/10/2026 09:17:17;-0,0011;3,8506
01/10/2026 09:17:18;0,0016;3,8496
01/10/2026 09:17:19;0,0014;3,8481
01/10/2026 09:17:20;-0,0019;3,8455
01/10/2026 09:17:21;0,0019;3,8445
01/10/2026 09:17:22;0,0014;3,8447
01/10/2026 09:17:23;0,0002;3,8445
01/10/2026 09:17:24;-0,0015;3,842
01/10/2026 09:17:25;-0,0017;3,8403
01/10/2026 09:17:26;-0,0011;3,8398
01/10/2026 09:17:27;0,0011;3,8372
01/10/2026 09:17:28;-0,0019;3,8385
01/10/2026 09:17:29;0,0009;3,8363
01/10/2026 09:17:30;-0,0025;3,8343
01/10/2026 09:17:31;-0,0004;3,8337
01/10/2026 09:17:32;0,0002;3,8322
01/10/2026 09:17:33;0,0049;3,8329
01/10/2026 09:17:34;-0,0028;3,8303
01/10/2026 09:17:35;0,0029;3,8296
01/10/2026 09:17:36;0,0003;3,829
01/10/2026 09:17:37;0,0008;3,8266
01/10/2026 09:17:38;0,0002;3,8265
01/10/2026 09:17:39;0,0009;3,8255
01/10/2026 09:17:40;-0,0003;3,8226
01/10/2026 09:17:41;0,0029;3,8234
01/10/2026 09:17:42;-0,0009;3,8221
01/10/2026 09:17:43;0,0023;3,8212
01/10/2026 09:17:44;-0,0013;3,8201
01/10/2026 09:17:45;-0,0001;3,8194
01/10/2026 09:17:46;-0,0021;3,8195
01/10/2026 09:17:47;0,0009;3,816
01/10/2026 09:17:48;0,0029;3,8158
01/10/2026 09:17:49;-0,0002;3,8159
01/10/2026 09:17:50;-0,0004;3,8147
01/10/2026 09:17:51;-0,0022;3,8138
01/10/2026 09:17:52;-0,0005;3,8151
01/10/2026 09:17:53;-0,0032;3,812
01/10/2026 09:17:54;-0,0018;3,8116
01/10/2026 09:17:55;0,0005;3,8093
01/10/2026 09:17:56;0,0026;3,8077
01/10/2026 09:17:57;0,0056;3,8075
01/10/2026 09:17:58;-0,0012;3,8076
01/10/2026 09:17:59;0,0029;3,8064
01/10/2026 09:18:00;0,0005;3,8055
01/10/2026 09:18:01;-0,0003;3,804
01/10/2026 09:18:02;0,0009;3,803
01/10/2026 09:18:03;0,0001;3,8023
01/10/2026 09:18:04;0,0002;3,8024
01/10/2026 09:18:05;-0,0008;3,8017
01/10/2026 09:18:06;-0,0028;3,799
01/10/2026 09:18:07;-0,0031;3,7999
01/10/2026 09:18:08;0,0013;3,7977
01/10/2026 09:18:09;-0,0006;3,798
01/10/2026 09:18:10;-0,0012;3,7965
01/10/2026 09:18:11;0,0;3,7975
01/10/2026 09:18:12;0,0016;3,7947
01/10/2026 09:18:13;0,0004;3,7945
01/10/2026 09:18:14;-0,0013;3,7941
01/10/2026 09:18:15;0,0025;3,7919
01/10/2026 09:18:16;0,0032;3,7919
01/10/2026 09:18:17;0,001;3,791
01/10/2026 09:18:18;0,0019;3,79
01/10/2026 09:18:19;0,0025;3,7893
01/10/2026 09:18:20;0,0023;3,7901
01/10/2026 09:18:21;0,0012;3,7876
01/10/2026 09:18:22;0,0012;3,7881
01/10/2026 09:18:23;0,001;3,7871
01/10/2026 09:18:24;-0,0022;3,7847
01/10/2026 09:18:25;0,0014;3,7859
01/10/2026 09:18:26;-0,0027;3,7832
01/10/2026 09:18:27;-0,0016;3,7846
01/10/2026 09:18:28;0,0026;3,7827
01/10/2026 09:18:29;0,0017;3,7826
01/10/2026 09:18:30;0,003;3,7806
01/10/2026 09:18:31;-0,0005;3,7813
01/10/2026 09:18:32;-0,0023;3,7814
01/10/2026 09:18:33;-0,0005;3,779
01/10/2026 09:18:34;0,0002;3,7786
01/10/2026 09:18:35;0,0002;3,779
01/10/2026 09:18:36;0,0023;3,7783
01/10/2026 09:18:37;-0,0007;3,7748
01/10/2026 09:18:38;0,0007;3,7786
01/10/2026 09:18:39;-0,002;3,7765
01/10/2026 09:18:40;0,0009;3,776
01/10/2026 09:18:41;0,0;3,7745
01/10/2026 09:18:42;-0,0015;3,7722
01/10/2026 09:18:43;-0,0005;3,7741
01/10/2026 09:18:44;-0,0004;3,7723
01/10/2026 09:18:45;-0,0005;3,7728
01/10/2026 09:18:46;0,0035;3,7714
01/10/2026 09:18:47;-0,0002;3,7713
01/10/2026 09:18:48;-0,0005;3,7697
01/10/2026 09:18:49;-0,0042;3,7707
01/10/2026 09:18:50;-0,0018;3,7681
01/10/2026 09:18:51;-0,0005;3,771
01/10/2026 09:18:52;-0,0014;3,7704
01/10/2026 09:18:53;0,0028;3,7692
01/10/2026 09:18:54;-0,0003;3,7683
01/10/2026 09:18:55;0,0026;3,7664
01/10/2026 09:18:56;0,0001;3,7671
01/10/2026 09:18:57;0,0001;3,7653
01/10/2026 09:18:58;-0,0002;3,7633
01/10/2026 09:18:59;0,0;3,7658
01/10/2026 09:19:00;0,0034;3,7649
01/10/2026 09:19:01;-0,0046;3,7632
01/10/2026 09:19:02;-0,004;3,7615
01/10/2026 09:19:03;-0,0011;3,7616
01/10/2026 09:19:04;0,0;3,7598
01/10/2026 09:19:05;0,0014;3,7621
01/10/2026 09:19:06;0,0009;3,759
01/10/2026 09:19:07;-0,0008;3,7604
01/10/2026 09:19:08;0,002;3,7588
01/10/2026 09:19:09;0,0021;3,7577
01/10/2026 09:19:10;0,0004;3,7589
01/10/2026 09:19:11;0,0019;3,7578
01/10/2026 09:19:12;0,0005;3,7585
01/10/2026 09:19:13;-0,0011;3,7559
01/10/2026 09:19:14;0,0014;3,756
01/10/2026 09:19:15;0,0002;3,7539
01/10/2026 09:19:16;0,0;3,7536
01/10/2026 09:19:17;0,0029;3,7571
01/10/2026 09:19:18;-0,0049;3,757
01/10/2026 09:19:19;-0,0028;3,7545
01/10/2026 09:19:20;-0,0024;3,7531
01/10/2026 09:19:21;-0,0007;3,7532
01/10/2026 09:19:22;-0,0005;3,7539
01/10/2026 09:19:23;-0,003;3,7521
01/10/2026 09:19:24;-0,002;3,7524
01/10/2026 09:19:25;-0,0017;3,7518
01/10/2026 09:19:26;0,0049;3,7508
01/10/2026 09:19:27;0,0036;3,7504
01/10/2026 09:19:28;-0,0008;3,7508
01/10/2026 09:19:29;-0,0007;3,7491
01/10/2026 09:19:30;-0,0023;3,7501
01/10/2026 09:19:31;-0,0038;3,7488
01/10/2026 09:19:32;-0,0002;3,749
01/10/2026 09:19:33;-0,002;3,7498
01/10/2026 09:19:34;-0,0002;3,7479
01/10/2026 09:19:35;-0,0032;3,7485
01/10/2026 09:19:36;-0,0015;3,7454
01/10/2026 09:19:37;0,0003;3,7464
01/10/2026 09:19:38;0,0007;3,7465
01/10/2026 09:19:39;0,0008;3,748
01/10/2026 09:19:40;-0,0026;3,7437
01/10/2026 09:19:41;0,0017;3,7452
01/10/2026 09:19:42;-0,0016;3,7464
01/10/2026 09:19:43;0,0013;3,7438
01/10/2026 09:19:44;-0,0;3,744
01/10/2026 09:19:45;-0,0028;3,7441
01/10/2026 09:19:46;-0,0006;3,7436
01/10/2026 09:19:47;0,0007;3,7447
01/10/2026 09:19:48;0,0012;3,7432
01/10/2026 09:19:49;-0,0003;3,7437
01/10/2026 09:19:50;0,0031;3,7417
01/10/2026 09:19:51;0,002;3,7409
01/10/2026 09:19:52;-0,0005;3,7411
01/10/2026 09:19:53;0,0015;3,7398
01/10/2026 09:19:54;0,0039;3,7411
01/10/2026 09:19:55;0,0039;3,7399
01/10/2026 09:19:56;-0,0025;3,7393
01/10/2026 09:19:57;-0,0019;3,7401
01/10/2026 09:19:58;0,003;3,7382
01/10/2026 09:19:59;-0,0021;3,7398
01/10/2026 09:20:00;-2,0026;3,7361
01/10/2026 09:20:01;-2,001;3,7352
01/10/2026 09:20:02;-1,9992;3,7312
01/10/2026 09:20:03;-2,0002;3,7298
01/10/2026 09:20:04;-2,0013;3,727
01/10/2026 09:20:05;-2,0013;3,7251
01/10/2026 09:20:06;-2,0014;3,7221
01/10/2026 09:20:07;-2,0018;3,7179
01/10/2026 09:20:08;-1,9954;3,7182
01/10/2026 09:20:09;-1,9994;3,7147
01/10/2026 09:20:10;-1,9982;3,7132
01/10/2026 09:20:11;-2,001;3,7107
01/10/2026 09:20:12;-2,0004;3,7069
01/10/2026 09:20:13;-2,0014;3,7044
01/10/2026 09:20:14;-2,0053;3,7036
01/10/2026 09:20:15;-2,0028;3,7003
01/10/2026 09:20:16;-2,0036;3,6992
01/10/2026 09:20:17;-2,0045;3,6958
01/10/2026 09:20:18;-2,0024;3,6947
01/10/2026 09:20:19;-1,9974;3,6918
01/10/2026 09:20:20;-2,0001;3,6893
01/10/2026 09:20:21;-1,9974;3,6864
01/10/2026 09:20:22;-1,9992;3,6847
01/10/2026 09:20:23;-1,9984;3,6834
01/10/2026 09:20:24;-2,0018;3,6799
01/10/2026 09:20:25;-1,999;3,6782
01/10/2026 09:20:26;-1,9985;3,6754
01/10/2026 09:20:27;-2,0012;3,6733
01/10/2026 09:20:28;-1,9989;3,6726
01/10/2026 09:20:29;-1,9989;3,6699
01/10/2026 09:20:30;-2,0011;3,6665
01/10/2026 09:20:31;-2,0022;3,6644
01/10/2026 09:20:32;-2,0024;3,6613
01/10/2026 09:20:33;-1,9998;3,6596
01/10/2026 09:20:34;-1,9993;3,6579
01/10/2026 09:20:35;-2,0016;3,6563
01/10/2026 09:20:36;-1,9999;3,654
01/10/2026 09:20:37;-1,9989;3,65
01/10/2026 09:20:38;-1,9988;3,6499
01/10/2026 09:20:39;-1,9969;3,6467
01/10/2026 09:20:40;-1,9974;3,6436
01/10/2026 09:20:41;-2,002;3,6438
01/10/2026 09:20:42;-1,9966;3,6418
01/10/2026 09:20:43;-2,0011;3,6384
01/10/2026 09:20:44;-1,9979;3,6368
01/10/2026 09:20:45;-1,9999;3,6347
01/10/2026 09:20:46;-2,0008;3,6332
01/10/2026 09:20:47;-2,0036;3,6305
01/10/2026 09:20:48;-2,0003;3,6263
01/10/2026 09:20:49;-2,0031;3,6276
01/10/2026 09:20:50;-1,9981;3,6245
01/10/2026 09:20:51;-1,997;3,6209
01/10/2026 09:20:52;-2,0016;3,6183
01/10/2026 09:20:53;-1,9994;3,6178
01/10/2026 09:20:54;-2,0015;3,6149
01/10/2026 09:20:55;-2,0013;3,6135
01/10/2026 09:20:56;-1,9985;3,6119
01/10/2026 09:20:57;-2,0001;3,6085
01/10/2026 09:20:58;-1,9965;3,6059
01/10/2026 09:20:59;-2,001;3,6054
01/10/2026 09:21:00;-1,998;3,6025
01/10/2026 09:21:01;-1,9998;3,6012
01/10/2026 09:21:02;-1,9984;3,5977
01/10/2026 09:21:03;-2,0009;3,5968
01/10/2026 09:21:04;-2,0001;3,5958
01/10/2026 09:21:05;-2,0002;3,5937
01/10/2026 09:21:06;-2,0017;3,5903
01/10/2026 09:21:07;-1,9987;3,5879
01/10/2026 09:21:08;-1,9987;3,5872
01/10/2026 09:21:09;-1,9988;3,5858
01/10/2026 09:21:10;-1,9969;3,5837
01/10/2026 09:21:11;-1,9971;3,5808
01/10/2026 09:21:12;-2,0007;3,5797
01/10/2026 09:21:13;-1,9993;3,579
01/10/2026 09:21:14;-2,0012;3,5757
01/10/2026 09:21:15;-2,0;3,572
01/10/2026 09:21:16;-2,0012;3,5719
01/10/2026 09:21:17;-1,9968;3,5718
01/10/2026 09:21:18;-1,9993;3,5666
01/10/2026 09:21:19;-2,0004;3,566
01/10/2026 09:21:20;-1,9976;3,5639
01/10/2026 09:21:21;-2,0043;3,5624
01/10/2026 09:21:22;-2,004;3,5606
01/10/2026 09:21:23;-1,9984;3,5597
01/10/2026 09:21:24;-1,9999;3,5567
01/10/2026 09:21:25;-1,9995;3,5561
01/10/2026 09:21:26;-2,0027;3,5528
01/10/2026 09:21:27;-2,0;3,5508
01/10/2026 09:21:28;-1,996;3,5486
01/10/2026 09:21:29;-1,9984;3,5456
01/10/2026 09:21:30;-1,9997;3,5459
01/10/2026 09:21:31;-2,0009;3,5459
01/10/2026 09:21:32;-2,0008;3,5425
01/10/2026 09:21:33;-2,0043;3,5409
01/10/2026 09:21:34;-1,9995;3,538
01/10/2026 09:21:35;-1,9983;3,5364
01/10/2026 09:21:36;-2,0032;3,5358
01/10/2026 09:21:37;-2,0013;3,5351
01/10/2026 09:21:38;-2,0023;3,5328
01/10/2026 09:21:39;-2,0019;3,5303
01/10/2026 09:21:40;-1,9999;3,5278
01/10/2026 09:21:41;-2,0042;3,5262
01/10/2026 09:21:42;-1,9988;3,5235
01/10/2026 09:21:43;-1,9985;3,521
01/10/2026 09:21:44;-2,0005;3,5196
01/10/2026 09:21:45;-2,005;3,5191
01/10/2026 09:21:46;-2,002;3,517
01/10/2026 09:21:47;-1,9975;3,5141
01/10/2026 09:21:48;-2,0056;3,5138
01/10/2026 09:21:49;-2,0007;3,5118
01/10/2026 09:21:50;-2,0024;3,5093
01/10/2026 09:21:51;-1,9984;3,5084
01/10/2026 09:21:52;-2,0014;3,5067
01/10/2026 09:21:53;-1,9992;3,5048
01/10/2026 09:21:54;-1,9989;3,5046
01/10/2026 09:21:55;-1,9963;3,5001
01/10/2026 09:21:56;-2,0004;3,4984
01/10/2026 09:21:57;-1,9992;3,4987
01/10/2026 09:21:58;-2,003;3,4971
01/10/2026 09:21:59;-1,9976;3,4958
01/10/2026 09:22:00;-2,0015;3,4932
01/10/2026 09:22:01;-2,0011;3,4912
01/10/2026 09:22:02;-2,0;3,4904
01/10/2026 09:22:03;-2,0031;3,4884
01/10/2026 09:22:04;-1,9995;3,4887
01/10/2026 09:22:05;-1,9981;3,4852
01/10/2026 09:22:06;-1,9994;3,4839
01/10/2026 09:22:07;-2,0032;3,4848
01/10/2026 09:22:08;-2,0002;3,4805
01/10/2026 09:22:09;-1,9985;3,4797
01/10/2026 09:22:10;-2,0038;3,4782
01/10/2026 09:22:11;-2,0021;3,4767
01/10/2026 09:22:12;-1,9982;3,4746
01/10/2026 09:22:13;-1,9995;3,473
01/10/2026 09:22:14;-1,9992;3,4713
01/10/2026 09:22:15;-1,9963;3,4691
01/10/2026 09:22:16;-1,9991;3,4684
01/10/2026 09:22:17;-1,9987;3,4685
01/10/2026 09:22:18;-1,9946;3,4662
01/10/2026 09:22:19;-2,0004;3,4637
01/10/2026 09:22:20;-2,0016;3,4627
01/10/2026 09:22:21;-1,9991;3,4595
01/10/2026 09:22:22;-1,9991;3,4585
01/10/2026 09:22:23;-2,0011;3,4582
01/10/2026 09:22:24;-2,0021;3,4572
01/10/2026 09:22:25;-1,9954;3,4535
01/10/2026 09:22:26;-1,9993;3,4522
01/10/2026 09:22:27;-2,0015;3,4534
01/10/2026 09:22:28;-1,9982;3,4498
01/10/2026 09:22:29;-2,0002;3,45
01/10/2026 09:22:30;-2,0005;3,4469
01/10/2026 09:22:31;-1,9989;3,4455
01/10/2026 09:22:32;-2,0026;3,4435
01/10/2026 09:22:33;-1,9993;3,4432
01/10/2026 09:22:34;-1,9962;3,4422
01/10/2026 09:22:35;-1,9991;3,4383
01/10/2026 09:22:36;-2,0008;3,4375
01/10/2026 09:22:37;-2,001;3,4373
01/10/2026 09:22:38;-2,0008;3,4348
01/10/2026 09:22:39;-2,0005;3,433
01/10/2026 09:22:40;-2,0008;3,4331
01/10/2026 09:22:41;-1,9982;3,4317
01/10/2026 09:22:42;-2,0035;3,4288
01/10/2026 09:22:43;-1,9983;3,428
01/10/2026 09:22:44;-2,0008;3,4252
01/10/2026 09:22:45;-1,9992;3,424
01/10/2026 09:22:46;-2,0023;3,4237
01/10/2026 09:22:47;-1,9973;3,4222
01/10/2026 09:22:48;-1,9975;3,4197
01/10/2026 09:22:49;-1,9981;3,4186
01/10/2026 09:22:50;-2,003;3,4169
01/10/2026 09:22:51;-1,9983;3,417
01/10/2026 09:22:52;-1,9992;3,4132
01/10/2026 09:22:53;-2,0032;3,4127
01/10/2026 09:22:54;-2,0;3,4105
01/10/2026 09:22:55;-1,9993;3,4114
01/10/2026 09:22:56;-1,9989;3,4078
01/10/2026 09:22:57;-1,9996;3,4083
01/10/2026 09:22:58;-1,9994;3,4086
01/10/2026 09:22:59;-1,9971;3,4072
01/10/2026 09:23:00;-1,9975;3,4024
01/10/2026 09:23:01;-2,0057;3,4032
01/10/2026 09:23:02;-2,0006;3,4005
01/10/2026 09:23:03;-2,0003;3,399
01/10/2026 09:23:04;-2,0035;3,3988
01/10/2026 09:23:05;-1,9998;3,3988
01/10/2026 09:23:06;-1,9975;3,3968
01/10/2026 09:23:07;-2,0022;3,3942
01/10/2026 09:23:08;-1,9993;3,3943
01/10/2026 09:23:09;-2,0018;3,39
01/10/2026 09:23:10;-2,0013;3,3902
01/10/2026 09:23:11;-1,997;3,3888
01/10/2026 09:23:12;-2,0011;3,3884
01/10/2026 09:23:13;-1,9991;3,3869
01/10/2026 09:23:14;-2,0037;3,3856
01/10/2026 09:23:15;-1,9963;3,3843
01/10/2026 09:23:16;-1,9988;3,3832
01/10/2026 09:23:17;-2,0004;3,3825
01/10/2026 09:23:18;-1,9988;3,3808
01/10/2026 09:23:19;-2,0028;3,3791
01/10/2026 09:23:20;-1,9976;3,3786
01/10/2026 09:23:21;-2,0006;3,3777
01/10/2026 09:23:22;-2,0004;3,3751
01/10/2026 09:23:23;-2,001;3,3743
01/10/2026 09:23:24;-2,0012;3,3743
01/10/2026 09:23:25;-1,9986;3,3708
01/10/2026 09:23:26;-1,9995;3,3725
01/10/2026 09:23:27;-1,9987;3,3681
01/10/2026 09:23:28;-2,0;3,3679
01/10/2026 09:23:29;-1,999;3,366
01/10/2026 09:23:30;-2,0008;3,3679
01/10/2026 09:23:31;-1,9955;3,364
01/10/2026 09:23:32;-2,0031;3,3628
01/10/2026 09:23:33;-1,9975;3,3617
01/10/2026 09:23:34;-1,9973;3,361
01/10/2026 09:23:35;-2,0017;3,3594
01/10/2026 09:23:36;-1,9955;3,3584
01/10/2026 09:23:37;-1,998;3,3538
01/10/2026 09:23:38;-1,9981;3,3562
01/10/2026 09:23:39;-1,9999;3,355
01/10/2026 09:23:40;-2,0004;3,3548
01/10/2026 09:23:41;-2,0004;3,3539
01/10/2026 09:23:42;-1,9992;3,3512
01/10/2026 09:23:43;-1,9972;3,3511
01/10/2026 09:23:44;-1,9996;3,348
01/10/2026 09:23:45;-2,0018;3,3487
01/10/2026 09:23:46;-1,9984;3,3462
01/10/2026 09:23:47;-1,9982;3,3444
01/10/2026 09:23:48;-1,9987;3,3443
01/10/2026 09:23:49;-1,9985;3,3447
01/10/2026 09:23:50;-2,0005;3,3423
01/10/2026 09:23:51;-2,0019;3,3425
01/10/2026 09:23:52;-2,0017;3,3391
01/10/2026 09:23:53;-2,0033;3,3398
01/10/2026 09:23:54;-1,9995;3,337
01/10/2026 09:23:55;-2,0002;3,3367
01/10/2026 09:23:56;-2,0009;3,3356
01/10/2026 09:23:57;-2,0059;3,3349
01/10/2026 09:23:58;-2,0025;3,3334
01/10/2026 09:23:59;-1,9978;3,3313
01/10/2026 09:24:00;-2,0013;3,3318
01/10/2026 09:24:01;-1,9993;3,3316
01/10/2026 09:24:02;-2,0028;3,3282
01/10/2026 09:24:03;-1,9971;3,3258
01/10/2026 09:24:04;-2,0003;3,3271
01/10/2026 09:24:05;-1,9994;3,3251
01/10/2026 09:24:06;-1,9953;3,3243
01/10/2026 09:24:07;-1,997;3,3239
01/10/2026 09:24:08;-2,0006;3,3218
01/10/2026 09:24:09;-2,0012;3,3209
01/10/2026 09:24:10;-2,0007;3,32
01/10/2026 09:24:11;-1,999;3,3205
01/10/2026 09:24:12;-2,0002;3,318
01/10/2026 09:24:13;-2,0008;3,3157
01/10/2026 09:24:14;-1,9971;3,3147
01/10/2026 09:24:15;-2,0002;3,3149
01/10/2026 09:24:16;-1,9954;3,3126
01/10/2026 09:24:17;-1,9998;3,3112
01/10/2026 09:24:18;-1,9964;3,3123
01/10/2026 09:24:19;-1,9993;3,3113
01/10/2026 09:24:20;-1,9981;3,3092
01/10/2026 09:24:21;-2,0014;3,3089
01/10/2026 09:24:22;-2,0017;3,3077
01/10/2026 09:24:23;-1,9991;3,3071
01/10/2026 09:24:24;-1,998;3,3061
01/10/2026 09:24:25;-1,9999;3,3019
01/10/2026 09:24:26;-2,0026;3,3032
01/10/2026 09:24:27;-2,0027;3,303
01/10/2026 09:24:28;-2,0029;3,301
01/10/2026 09:24:29;-2,0035;3,3005
01/10/2026 09:24:30;-1,9998;3,3002
01/10/2026 09:24:31;-1,9977;3,2985
01/10/2026 09:24:32;-2,0;3,299
01/10/2026 09:24:33;-2,0045;3,2976
01/10/2026 09:24:34;-2,0004;3,2954
01/10/2026 09:24:35;-2,0003;3,2943
01/10/2026 09:24:36;-1,9958;3,2907
01/10/2026 09:24:37;-2,0029;3,2922
01/10/2026 09:24:38;-2,0008;3,2902
01/10/2026 09:24:39;-1,9966;3,2908
01/10/2026 09:24:40;-1,9991;3,2898
01/10/2026 09:24:41;-1,9989;3,2894
01/10/2026 09:24:42;-1,9998;3,2891
01/10/2026 09:24:43;-1,9993;3,2867
01/10/2026 09:24:44;-1,9984;3,2881
01/10/2026 09:24:45;-2,0016;3,2851
01/10/2026 09:24:46;-1,9982;3,2826
01/10/2026 09:24:47;-2,0027;3,2824
01/10/2026 09:24:48;-1,9993;3,2816
01/10/2026 09:24:49;-1,9996;3,2817
01/10/2026 09:24:50;-2,0012;3,2792
01/10/2026 09:24:51;-2,0;3,2789
01/10/2026 09:24:52;-2,0012;3,2781
01/10/2026 09:24:53;-2,0021;3,2769
01/10/2026 09:24:54;-2,0007;3,2772
01/10/2026 09:24:55;-2,0022;3,2762
01/10/2026 09:24:56;-1,9994;3,2758
01/10/2026 09:24:57;-2,0023;3,2733
01/10/2026 09:24:58;-1,9986;3,274
01/10/2026 09:24:59;-2,0024;3,2705
01/10/2026 09:25:00;-2,0011;3,2696
01/10/2026 09:25:01;-2,0012;3,2688
01/10/2026 09:25:02;-1,9973;3,2692
01/10/2026 09:25:03;-1,9993;3,2695
01/10/2026 09:25:04;-2,0004;3,2668
01/10/2026 09:25:05;-1,999;3,266
01/10/2026 09:25:06;-2,0042;3,2654
01/10/2026 09:25:07;-2,0001;3,2653
01/10/2026 09:25:08;-1,996;3,2633
01/10/2026 09:25:09;-1,9997;3,2624
01/10/2026 09:25:10;-1,9999;3,2607
01/10/2026 09:25:11;-1,9989;3,2606
01/10/2026 09:25:12;-1,9982;3,2615
01/10/2026 09:25:13;-2,004;3,2596
01/10/2026 09:25:14;-2,0034;3,2579
01/10/2026 09:25:15;-1,9996;3,259
01/10/2026 09:25:16;-2,0014;3,2563
01/10/2026 09:25:17;-1,9974;3,2574
01/10/2026 09:25:18;-2,0006;3,2566
01/10/2026 09:25:19;-2,0039;3,2544
01/10/2026 09:25:20;-2,0025;3,252
01/10/2026 09:25:21;-2,0055;3,2549
01/10/2026 09:25:22;-2,0005;3,2522
01/10/2026 09:25:23;-2,0004;3,2506
01/10/2026 09:25:24;-2,0008;3,2511
01/10/2026 09:25:25;-1,9978;3,25
01/10/2026 09:25:26;-1,9976;3,2498
01/10/2026 09:25:27;-2,0003;3,247
01/10/2026 09:25:28;-2,0043;3,2471
01/10/2026 09:25:29;-1,9988;3,2448
01/10/2026 09:25:30;-1,9989;3,2458
01/10/2026 09:25:31;-1,9994;3,2443
01/10/2026 09:25:32;-1,998;3,2438
01/10/2026 09:25:33;-2,0023;3,2426
01/10/2026 09:25:34;-1,996;3,2417
01/10/2026 09:25:35;-2,0019;3,2403
01/10/2026 09:25:36;-1,9985;3,2411
01/10/2026 09:25:37;-2,0034;3,241
01/10/2026 09:25:38;-2,0019;3,2382
01/10/2026 09:25:39;-1,997;3,2385
01/10/2026 09:25:40;-2,0005;3,2376
01/10/2026 09:25:41;-1,9983;3,2364
01/10/2026 09:25:42;-1,9995;3,234
01/10/2026 09:25:43;-2,0002;3,2335
01/10/2026 09:25:44;-1,9973;3,2332
01/10/2026 09:25:45;-2,0005;3,2311
01/10/2026 09:25:46;-2,0036;3,2338
01/10/2026 09:25:47;-2,0016;3,232
01/10/2026 09:25:48;-1,9989;3,2309
01/10/2026 09:25:49;-1,9992;3,2279
01/10/2026 09:25:50;-2,0031;3,2275
01/10/2026 09:25:51;-2,0014;3,2286
01/10/2026 09:25:52;-2,0012;3,2298
01/10/2026 09:25:53;-2,0007;3,2264
01/10/2026 09:25:54;-2,0028;3,2272
01/10/2026 09:25:55;-2,0013;3,2251
01/10/2026 09:25:56;-2,0015;3,2249
01/10/2026 09:25:57;-1,9985;3,2253
01/10/2026 09:25:58;-1,9984;3,223
01/10/2026 09:25:59;-2,0003;3,2219
01/10/2026 09:26:00;-2,0008;3,2233
01/10/2026 09:26:01;-1,9997;3,2211
01/10/2026 09:26:02;-2,0016;3,2215
01/10/2026 09:26:03;-2,0023;3,2189
01/10/2026 09:26:04;-2,0019;3,2203
01/10/2026 09:26:05;-2,0013;3,2184
01/10/2026 09:26:06;-2,0023;3,2179
01/10/2026 09:26:07;-1,9997;3,2169
01/10/2026 09:26:08;-1,9985;3,2155
01/10/2026 09:26:09;-2,0032;3,2153
01/10/2026 09:26:10;-1,9999;3,2141
01/10/2026 09:26:11;-2,0004;3,2148
01/10/2026 09:26:12;-1,9993;3,2129
01/10/2026 09:26:13;-2,0;3,2109
01/10/2026 09:26:14;-2,0029;3,21
01/10/2026 09:26:15;-2,0025;3,2093
01/10/2026 09:26:16;-1,9999;3,2109
01/10/2026 09:26:17;-1,9979;3,2085
01/10/2026 09:26:18;-2,0044;3,2092
01/10/2026 09:26:19;-1,9993;3,2084
01/10/2026 09:26:20;-1,9976;3,2075
01/10/2026 09:26:21;-2,0003;3,2073
01/10/2026 09:26:22;-1,9989;3,2063
01/10/2026 09:26:23;-2,0014;3,2028
01/10/2026 09:26:24;-2,0002;3,2045
01/10/2026 09:26:25;-2,0032;3,2045
01/10/2026 09:26:26;-2,0047;3,2051
01/10/2026 09:26:27;-1,9981;3,2044
01/10/2026 09:26:28;-2,002;3,2007
01/10/2026 09:26:29;-2,0009;3,201
01/10/2026 09:26:30;-2,0028;3,1992
01/10/2026 09:26:31;-2,0028;3,2016
01/10/2026 09:26:32;-2,0003;3,2004
01/10/2026 09:26:33;-2,0015;3,1991
01/10/2026 09:26:34;-1,9992;3,1982
01/10/2026 09:26:35;-1,9991;3,1988
01/10/2026 09:26:36;-1,9994;3,198
01/10/2026 09:26:37;-1,9995;3,1973
01/10/2026 09:26:38;-1,9968;3,1959
01/10/2026 09:26:39;-2,0021;3,1944
01/10/2026 09:26:40;-2,0001;3,1949
01/10/2026 09:26:41;-1,9977;3,1943
01/10/2026 09:26:42;-1,9975;3,1927
01/10/2026 09:26:43;-2,0028;3,1919
01/10/2026 09:26:44;-2,0006;3,1927
01/10/2026 09:26:45;-1,9973;3,1926
01/10/2026 09:26:46;-1,999;3,1896
01/10/2026 09:26:47;-1,9996;3,1894
01/10/2026 09:26:48;-2,0004;3,1894
01/10/2026 09:26:49;-2,0008;3,1889
01/10/2026 09:26:50;-1,9994;3,1873
01/10/2026 09:26:51;-2,0005;3,189
01/10/2026 09:26:52;-2,0001;3,187
01/10/2026 09:26:53;-1,9998;3,1864
01/10/2026 09:26:54;-2,0014;3,1871
01/10/2026 09:26:55;-1,9989;3,1842
01/10/2026 09:26:56;-1,9942;3,184
01/10/2026 09:26:57;-2,0036;3,1822
01/10/2026 09:26:58;-1,9994;3,1827
01/10/2026 09:26:59;-2,0015;3,1807
01/10/2026 09:27:00;-1,9988;3,1824
01/10/2026 09:27:01;-1,9999;3,1814
01/10/2026 09:27:02;-1,9985;3,1801
01/10/2026 09:27:03;-1,9976;3,1797
01/10/2026 09:27:04;-1,9996;3,18
01/10/2026 09:27:05;-1,9977;3,1775
01/10/2026 09:27:06;-2,0047;3,1782
01/10/2026 09:27:07;-1,9968;3,1781
01/10/2026 09:27:08;-1,9992;3,1751
01/10/2026 09:27:09;-1,9978;3,1769
01/10/2026 09:27:10;-2,0024;3,174
01/10/2026 09:27:11;-2,0017;3,175
01/10/2026 09:27:12;-1,9997;3,1733
01/10/2026 09:27:13;-2,0;3,1754
01/10/2026 09:27:14;-1,9994;3,1722
01/10/2026 09:27:15;-1,9978;3,1711
01/10/2026 09:27:16;-2,0035;3,1723
01/10/2026 09:27:17;-1,9981;3,1712
01/10/2026 09:27:18;-2,0;3,1695
01/10/2026 09:27:19;-2,0004;3,171
01/10/2026 09:27:20;-2,0029;3,1679
01/10/2026 09:27:21;-1,999;3,1683
01/10/2026 09:27:22;-2,0048;3,1682
01/10/2026 09:27:23;-1,9987;3,169
01/10/2026 09:27:24;-2,003;3,169
01/10/2026 09:27:25;-1,9999;3,1682
01/10/2026 09:27:26;-2,0002;3,1664
01/10/2026 09:27:27;-1,9977;3,1636
01/10/2026 09:27:28;-2,0004;3,1658
01/10/2026 09:27:29;-2,0014;3,1664
01/10/2026 09:27:30;-2,001;3,1656
01/10/2026 09:27:31;-1,9975;3,1643
01/10/2026 09:27:32;-1,9989;3,1621
01/10/2026 09:27:33;-2,0008;3,1622
01/10/2026 09:27:34;-2,0005;3,1641
01/10/2026 09:27:35;-2,0031;3,1602
01/10/2026 09:27:36;-1,9992;3,1599
01/10/2026 09:27:37;-2,0035;3,1615
01/10/2026 09:27:38;-1,9985;3,1596
01/10/2026 09:27:39;-1,9997;3,1583
01/10/2026 09:27:40;-1,9952;3,1605
01/10/2026 09:27:41;-2,0022;3,1589
01/10/2026 09:27:42;-2,0002;3,1575
01/10/2026 09:27:43;-1,9964;3,1562
01/10/2026 09:27:44;-1,9976;3,1589
01/10/2026 09:27:45;-2,0014;3,1563
01/10/2026 09:27:46;-1,9996;3,1572
01/10/2026 09:27:47;-2,0;3,1562
01/10/2026 09:27:48;-1,9994;3,1543
01/10/2026 09:27:49;-2,0014;3,1537
01/10/2026 09:27:50;-2,0002;3,1552
01/10/2026 09:27:51;-2,0032;3,1547
01/10/2026 09:27:52;-1,9997;3,1508
01/10/2026 09:27:53;-1,9991;3,1528
01/10/2026 09:27:54;-2,0005;3,1516
01/10/2026 09:27:55;-2,0032;3,1502
01/10/2026 09:27:56;-1,998;3,151
01/10/2026 09:27:57;-1,9993;3,1488
01/10/2026 09:27:58;-2,0015;3,1492
01/10/2026 09:27:59;-2,0006;3,1484
01/10/2026 09:28:00;-2,003;3,1482
01/10/2026 09:28:01;-2,0021;3,1481
01/10/2026 09:28:02;-2,0011;3,1467
01/10/2026 09:28:03;-1,9975;3,1488
01/10/2026 09:28:04;-2,0013;3,1472
01/10/2026 09:28:05;-1,9987;3,148
01/10/2026 09:28:06;-2,0011;3,1456
01/10/2026 09:28:07;-1,9995;3,1447
01/10/2026 09:28:08;-2,0003;3,1465
01/10/2026 09:28:09;-1,9983;3,1437
01/10/2026 09:28:10;-2,0011;3,1437
01/10/2026 09:28:11;-2,0031;3,1441
01/10/2026 09:28:12;-2,0028;3,1416
01/10/2026 09:28:13;-2,0011;3,1431
01/10/2026 09:28:14;-2,0025;3,1425
01/10/2026 09:28:15;-1,9992;3,1427
01/10/2026 09:28:16;-2,0009;3,1419
01/10/2026 09:28:17;-1,9953;3,1418
01/10/2026 09:28:18;-2,0035;3,1399
01/10/2026 09:28:19;-1,9996;3,1387
01/10/2026 09:28:20;-2,0023;3,1412
01/10/2026 09:28:21;-2,001;3,1371
01/10/2026 09:28:22;-1,9997;3,1368
01/10/2026 09:28:23;-2,0047;3,1383
01/10/2026 09:28:24;-1,9995;3,1389
01/10/2026 09:28:25;-1,9962;3,137
01/10/2026 09:28:26;-2,0009;3,1374
01/10/2026 09:28:27;-1,9995;3,1339
01/10/2026 09:28:28;-1,998;3,135
01/10/2026 09:28:29;-2,0003;3,1331
01/10/2026 09:28:30;-2,0012;3,1353
01/10/2026 09:28:31;-2,0046;3,1326
01/10/2026 09:28:32;-1,9987;3,1324
01/10/2026 09:28:33;-2,0002;3,1337
01/10/2026 09:28:34;-2,002;3,1338
01/10/2026 09:28:35;-1,9997;3,1322
01/10/2026 09:28:36;-2,0012;3,1325
01/10/2026 09:28:37;-2,0011;3,132
01/10/2026 09:28:38;-1,9988;3,1308
01/10/2026 09:28:39;-2,0027;3,1295
01/10/2026 09:28:40;-1,9979;3,1307
01/10/2026 09:28:41;-2,0028;3,1303
01/10/2026 09:28:42;-2,0013;3,1302
01/10/2026 09:28:43;-1,9962;3,1292
01/10/2026 09:28:44;-1,9977;3,1272
01/10/2026 09:28:45;-1,9998;3,1287
01/10/2026 09:28:46;-2,0019;3,1276
01/10/2026 09:28:47;-2,0011;3,1267
01/10/2026 09:28:48;-1,9999;3,1264
01/10/2026 09:28:49;-1,9999;3,1256
01/10/2026 09:28:50;-2,0002;3,1268
01/10/2026 09:28:51;-2,0001;3,124
01/10/2026 09:28:52;-2,0004;3,124
01/10/2026 09:28:53;-2,0029;3,1243
01/10/2026 09:28:54;-2,001;3,1258
01/10/2026 09:28:55;-1,9982;3,1248
01/10/2026 09:28:56;-2,0027;3,1217
01/10/2026 09:28:57;-2,0004;3,1243
01/10/2026 09:28:58;-2,0016;3,1239
01/10/2026 09:28:59;-1,9998;3,121
01/10/2026 09:29:00;-2,0008;3,1192
01/10/2026 09:29:01;-1,997;3,1213
01/10/2026 09:29:02;-1,999;3,1221
01/10/2026 09:29:03;-2,0026;3,1221
01/10/2026 09:29:04;-1,9987;3,1193
01/10/2026 09:29:05;-2,0015;3,1215
01/10/2026 09:29:06;-2,0012;3,1171
01/10/2026 09:29:07;-1,9994;3,1186
01/10/2026 09:29:08;-2,001;3,1181
01/10/2026 09:29:09;-1,9982;3,1193
01/10/2026 09:29:10;-2,0015;3,1191
01/10/2026 09:29:11;-2,0012;3,1183
01/10/2026 09:29:12;-2,0013;3,1156
01/10/2026 09:29:13;-2,0011;3,1174
01/10/2026 09:29:14;-1,9978;3,1167
01/10/2026 09:29:15;-1,9987;3,1141
01/10/2026 09:29:16;-1,9966;3,1134
01/10/2026 09:29:17;-1,9955;3,1161
01/10/2026 09:29:18;-2,0021;3,1145
01/10/2026 09:29:19;-1,9999;3,113
01/10/2026 09:29:20;-2,0024;3,1137
01/10/2026 09:29:21;-2,0016;3,1139
01/10/2026 09:29:22;-2,0013;3,1131
01/10/2026 09:29:23;-2,0021;3,1112
01/10/2026 09:29:24;-2,0021;3,1143
01/10/2026 09:29:25;-2,0003;3,113
01/10/2026 09:29:26;-2,0024;3,1113
01/10/2026 09:29:27;-1,9983;3,111
01/10/2026 09:29:28;-2,0018;3,1113
01/10/2026 09:29:29;-1,9944;3,1094
01/10/2026 09:29:30;-2,0009;3,1105
01/10/2026 09:29:31;-1,9999;3,1085
01/10/2026 09:29:32;-2,0026;3,1094
01/10/2026 09:29:33;-1,9966;3,1079
01/10/2026 09:29:34;-1,9978;3,1076
01/10/2026 09:29:35;-1,9994;3,11
01/10/2026 09:29:36;-2,0027;3,108
01/10/2026 09:29:37;-1,9996;3,1078
01/10/2026 09:29:38;-2,0022;3,1053
01/10/2026 09:29:39;-1,9971;3,1063
01/10/2026 09:29:40;-1,9984;3,107
01/10/2026 09:29:41;-1,9998;3,1064
01/10/2026 09:29:42;-2,0049;3,1037
01/10/2026 09:29:43;-2,002;3,1057
01/10/2026 09:29:44;-1,9986;3,1055
01/10/2026 09:29:45;-1,9976;3,1061
01/10/2026 09:29:46;-1,9978;3,1038
01/10/2026 09:29:47;-2,0032;3,1019
01/10/2026 09:29:48;-1,9994;3,1028
01/10/2026 09:29:49;-1,998;3,1023
01/10/2026 09:29:50;-2,0033;3,1038
01/10/2026 09:29:51;-2,0;3,1
01/10/2026 09:29:52;-1,9995;3,1019
01/10/2026 09:29:53;-2,0006;3,1035
01/10/2026 09:29:54;-2,0037;3,1017
01/10/2026 09:29:55;-2,0007;3,1023
01/10/2026 09:29:56;-2,0007;3,0994
01/10/2026 09:29:57;-2,0003;3,0991
01/10/2026 09:29:58;-2,0011;3,1018
01/10/2026 09:29:59;-2,0009;3,1001
01/10/2026 09:30:00;-2,0001;3,0998
01/10/2026 09:30:01;-1,9991;3,0982
01/10/2026 09:30:02;-2,0006;3,0991
01/10/2026 09:30:03;-2,0008;3,0975
01/10/2026 09:30:04;-1,9998;3,0995
01/10/2026 09:30:05;-2,0038;3,1008
01/10/2026 09:30:06;-1,999;3,0982
01/10/2026 09:30:07;-2,0;3,0967
01/10/2026 09:30:08;-1,9999;3,0945
01/10/2026 09:30:09;-1,9981;3,095
01/10/2026 09:30:10;-2,0039;3,098
01/10/2026 09:30:11;-2,0039;3,0951
01/10/2026 09:30:12;-1,9995;3,0954
01/10/2026 09:30:13;-2,0;3,0961
01/10/2026 09:30:14;-1,9997;3,0966
01/10/2026 09:30:15;-2,0009;3,0946
01/10/2026 09:30:16;-1,9987;3,0941
01/10/2026 09:30:17;-1,9981;3,0943
01/10/2026 09:30:18;-1,999;3,0932
01/10/2026 09:30:19;-2,0005;3,093
01/10/2026 09:30:20;-2,0042;3,0937
01/10/2026 09:30:21;-1,9985;3,0931
01/10/2026 09:30:22;-1,9976;3,0948
01/10/2026 09:30:23;-1,9987;3,0928
01/10/2026 09:30:24;-2,0018;3,0932
01/10/2026 09:30:25;-1,9987;3,0906
01/10/2026 09:30:26;-1,9983;3,0919
01/10/2026 09:30:27;-1,9969;3,0904
01/10/2026 09:30:28;-2,0018;3,0912
01/10/2026 09:30:29;-2,0005;3,0912
01/10/2026 09:30:30;-1,9985;3,0902
01/10/2026 09:30:31;-1,9999;3,0923
01/10/2026 09:30:32;-2,0022;3,091
01/10/2026 09:30:33;-1,9992;3,0905
01/10/2026 09:30:34;-1,9988;3,0898
01/10/2026 09:30:35;-1,9998;3,0905
01/10/2026 09:30:36;-1,9996;3,087
01/10/2026 09:30:37;-2,0005;3,0895
01/10/2026 09:30:38;-1,997;3,0868
01/10/2026 09:30:39;-2,0018;3,087
01/10/2026 09:30:40;-2,0012;3,0878
01/10/2026 09:30:41;-2,0;3,0882
01/10/2026 09:30:42;-1,9982;3,0855
01/10/2026 09:30:43;-2,003;3,0859
01/10/2026 09:30:44;-2,0026;3,0862
01/10/2026 09:30:45;-2,0041;3,0856
01/10/2026 09:30:46;-1,9999;3,0864
01/10/2026 09:30:47;-2,0022;3,0887
01/10/2026 09:30:48;-2,0008;3,0854
01/10/2026 09:30:49;-1,9987;3,0839
01/10/2026 09:30:50;-2,0013;3,0831
01/10/2026 09:30:51;-1,9995;3,0838
01/10/2026 09:30:52;-2,0006;3,0829
01/10/2026 09:30:53;-1,9987;3,084
01/10/2026 09:30:54;-1,999;3,0837
01/10/2026 09:30:55;-2,0014;3,0825
01/10/2026 09:30:56;-2,0003;3,0847
01/10/2026 09:30:57;-1,9979;3,0817
01/10/2026 09:30:58;-1,9992;3,082
01/10/2026 09:30:59;-2,0028;3,0825
01/10/2026 09:31:00;-1,9987;3,0825
01/10/2026 09:31:01;-2,0022;3,0826
01/10/2026 09:31:02;-1,9972;3,0815
01/10/2026 09:31:03;-1,998;3,0818
01/10/2026 09:31:04;-1,9994;3,0799
01/10/2026 09:31:05;-1,9997;3,0812
01/10/2026 09:31:06;-2,0004;3,0809
01/10/2026 09:31:07;-1,9986;3,0812
01/10/2026 09:31:08;-2,0007;3,0778
01/10/2026 09:31:09;-1,9995;3,0783
01/10/2026 09:31:10;-1,9983;3,0798
01/10/2026 09:31:11;-2,0011;3,076
01/10/2026 09:31:12;-2,0012;3,0789
01/10/2026 09:31:13;-2,0024;3,0792
01/10/2026 09:31:14;-2,0021;3,0773
01/10/2026 09:31:15;-2,0037;3,0772
01/10/2026 09:31:16;-1,9985;3,0763
01/10/2026 09:31:17;-1,9964;3,0766
01/10/2026 09:31:18;-1,9971;3,0764
01/10/2026 09:31:19;-2,0033;3,0759
01/10/2026 09:31:20;-1,9986;3,0756
01/10/2026 09:31:21;-1,9972;3,0758
01/10/2026 09:31:22;-2,0009;3,0756
01/10/2026 09:31:23;-1,9998;3,0775
01/10/2026 09:31:24;-2,004;3,0749
01/10/2026 09:31:25;-1,9995;3,0754
01/10/2026 09:31:26;-2,0021;3,0743
01/10/2026 09:31:27;-1,9996;3,074
01/10/2026 09:31:28;-2,0031;3,0726
01/10/2026 09:31:29;-1,9989;3,0725
01/10/2026 09:31:30;-1,998;3,0726
01/10/2026 09:31:31;-2,0016;3,0738
01/10/2026 09:31:32;-2,0023;3,0744
01/10/2026 09:31:33;-2,0043;3,0713
01/10/2026 09:31:34;-2,0005;3,0723
01/10/2026 09:31:35;-2,0012;3,0713
01/10/2026 09:31:36;-2,0031;3,0721
01/10/2026 09:31:37;-1,9991;3,0732
01/10/2026 09:31:38;-2,0009;3,0715
01/10/2026 09:31:39;-2,0022;3,0716
01/10/2026 09:31:40;-2,0011;3,0729
01/10/2026 09:31:41;-1,9979;3,0716
01/10/2026 09:31:42;-1,9988;3,0702
01/10/2026 09:31:43;-2,0003;3,0709
01/10/2026 09:31:44;-1,9988;3,0696
01/10/2026 09:31:45;-2,0023;3,0707
01/10/2026 09:31:46;-1,9999;3,0705
01/10/2026 09:31:47;-1,9997;3,0684
01/10/2026 09:31:48;-2,0009;3,0697
01/10/2026 09:31:49;-1,9991;3,0692
01/10/2026 09:31:50;-2,0016;3,0696
01/10/2026 09:31:51;-1,999;3,0697
01/10/2026 09:31:52;-1,9989;3,0691
01/10/2026 09:31:53;-2,0058;3,0681
01/10/2026 09:31:54;-1,9976;3,0691
01/10/2026 09:31:55;-2,0061;3,0671
01/10/2026 09:31:56;-2,0012;3,0664
01/10/2026 09:31:57;-1,9979;3,0643
01/10/2026 09:31:58;-2,0006;3,0672
01/10/2026 09:31:59;-2,0029;3,0662
01/10/2026 09:32:00;-2,0022;3,0672
01/10/2026 09:32:01;-1,9979;3,0646
01/10/2026 09:32:02;-2,0038;3,0657
01/10/2026 09:32:03;-1,9977;3,0666
01/10/2026 09:32:04;-2,0001;3,0649
01/10/2026 09:32:05;-2,0024;3,0661
01/10/2026 09:32:06;-2,0012;3,0649
01/10/2026 09:32:07;-2,002;3,0652
01/10/2026 09:32:08;-1,9983;3,0657
01/10/2026 09:32:09;-1,9985;3,0658
01/10/2026 09:32:10;-2,0034;3,0647
01/10/2026 09:32:11;-2,0008;3,0636
01/10/2026 09:32:12;-2,0017;3,0637
01/10/2026 09:32:13;-1,9974;3,0646
01/10/2026 09:32:14;-2,0027;3,0627
01/10/2026 09:32:15;-1,9968;3,0634
01/10/2026 09:32:16;-2,0001;3,063
01/10/2026 09:32:17;-2,0023;3,063
01/10/2026 09:32:18;-2,0014;3,0619
01/10/2026 09:32:19;-2,0016;3,0609
01/10/2026 09:32:20;-2,0025;3,063
01/10/2026 09:32:21;-1,9998;3,0633
01/10/2026 09:32:22;-2,0025;3,0603
01/10/2026 09:32:23;-2,0044;3,0623
01/10/2026 09:32:24;-2,0008;3,0628
01/10/2026 09:32:25;-2,0036;3,0621
01/10/2026 09:32:26;-2,0015;3,0609
01/10/2026 09:32:27;-2,0018;3,0601
01/10/2026 09:32:28;-2,0017;3,0609
01/10/2026 09:32:29;-1,996;3,0609
01/10/2026 09:32:30;-1,9999;3,0606
01/10/2026 09:32:31;-1,9995;3,0601
01/10/2026 09:32:32;-2,0036;3,059
01/10/2026 09:32:33;-2,0013;3,0603
01/10/2026 09:32:34;-1,9996;3,0601
01/10/2026 09:32:35;-2,002;3,0597
01/10/2026 09:32:36;-1,9982;3,0594
01/10/2026 09:32:37;-2,0024;3,0607
01/10/2026 09:32:38;-2,0006;3,0582
01/10/2026 09:32:39;-2,0012;3,06
01/10/2026 09:32:40;-1,9997;3,0577
01/10/2026 09:32:41;-2,0013;3,0594
01/10/2026 09:32:42;-2,0005;3,0593
01/10/2026 09:32:43;-2,0005;3,0576
01/10/2026 09:32:44;-2,0015;3,0594
01/10/2026 09:32:45;-1,999;3,058
01/10/2026 09:32:46;-1,9995;3,0564
01/10/2026 09:32:47;-2,0002;3,0568
01/10/2026 09:32:48;-2,0009;3,0581
01/10/2026 09:32:49;-1,9984;3,0577
01/10/2026 09:32:50;-2,0005;3,0555
01/10/2026 09:32:51;-2,0006;3,0562
01/10/2026 09:32:52;-1,9998;3,0564
01/10/2026 09:32:53;-1,9966;3,0555
01/10/2026 09:32:54;-2,0027;3,0582
01/10/2026 09:32:55;-1,9985;3,0559
01/10/2026 09:32:56;-2,0038;3,0554
01/10/2026 09:32:57;-1,9996;3,0564
01/10/2026 09:32:58;-1,9968;3,0547
01/10/2026 09:32:59;-1,999;3,0559
01/10/2026 09:33:00;-1,9997;3,053
01/10/2026 09:33:01;-2,0011;3,0541
01/10/2026 09:33:02;-1,9999;3,0554
01/10/2026 09:33:03;-2,0005;3,0557
01/10/2026 09:33:04;-2,0016;3,0532
01/10/2026 09:33:05;-2,0006;3,0529
01/10/2026 09:33:06;-1,9996;3,0542
01/10/2026 09:33:07;-2,0015;3,0528
01/10/2026 09:33:08;-2,0016;3,053
01/10/2026 09:33:09;-2,0027;3,054
01/10/2026 09:33:10;-1,9992;3,0524
01/10/2026 09:33:11;-1,9989;3,0508
01/10/2026 09:33:12;-1,9995;3,0513
01/10/2026 09:33:13;-1,9981;3,0524
01/10/2026 09:33:14;-1,9998;3,0503
01/10/2026 09:33:15;-1,9992;3,0517
01/10/2026 09:33:16;-1,9994;3,0505
01/10/2026 09:33:17;-2,0002;3,0533
01/10/2026 09:33:18;-2,0011;3,0537
01/10/2026 09:33:19;-1,9956;3,0503
01/10/2026 09:33:20;-2,0009;3,0514
01/10/2026 09:33:21;-2,0013;3,05
01/10/2026 09:33:22;-1,9991;3,0505
01/10/2026 09:33:23;-1,9995;3,0525
01/10/2026 09:33:24;-2,0028;3,05
01/10/2026 09:33:25;-1,9978;3,05
01/10/2026 09:33:26;-2,0002;3,0492
01/10/2026 09:33:27;-2,0022;3,0511
01/10/2026 09:33:28;-1,9976;3,0466
01/10/2026 09:33:29;-1,9987;3,0492
01/10/2026 09:33:30;-2,0025;3,0495
01/10/2026 09:33:31;-1,9964;3,0487
01/10/2026 09:33:32;-1,9987;3,05
01/10/2026 09:33:33;-2,0;3,0502
01/10/2026 09:33:34;-1,9968;3,0474
01/10/2026 09:33:35;-1,9997;3,0508
01/10/2026 09:33:36;-2,0001;3,0471
01/10/2026 09:33:37;-2,0013;3,0496
01/10/2026 09:33:38;-1,9988;3,0483
01/10/2026 09:33:39;-1,999;3,0475
01/10/2026 09:33:40;-2,0;3,0475
01/10/2026 09:33:41;-2,0016;3,0477
01/10/2026 09:33:42;-1,9997;3,0478
01/10/2026 09:33:43;-2,0001;3,0465
01/10/2026 09:33:44;-2,0027;3,047
01/10/2026 09:33:45;-2,0029;3,0463
01/10/2026 09:33:46;-1,9989;3,0457
01/10/2026 09:33:47;-2,0052;3,046
01/10/2026 09:33:48;-1,9996;3,0455
01/10/2026 09:33:49;-2,001;3,046
01/10/2026 09:33:50;-1,9974;3,0467
01/10/2026 09:33:51;-2,001;3,0463
01/10/2026 09:33:52;-1,9987;3,048
01/10/2026 09:33:53;-2,0008;3,0436
01/10/2026 09:33:54;-1,9998;3,0462
01/10/2026 09:33:55;-1,9985;3,0455
01/10/2026 09:33:56;-2,0009;3,0462
01/10/2026 09:33:57;-1,998;3,046
01/10/2026 09:33:58;-2,002;3,0449
01/10/2026 09:33:59;-1,9994;3,0451
01/10/2026 09:34:00;-1,9982;3,044
01/10/2026 09:34:01;-1,9987;3,0453
01/10/2026 09:34:02;-1,9962;3,0426
01/10/2026 09:34:03;-2,0015;3,0451
01/10/2026 09:34:04;-2,0028;3,0442
01/10/2026 09:34:05;-2,002;3,0436
01/10/2026 09:34:06;-1,9987;3,0437
01/10/2026 09:34:07;-1,999;3,0436
01/10/2026 09:34:08;-1,9998;3,0449
01/10/2026 09:34:09;-2,0022;3,0467
01/10/2026 09:34:10;-1,9985;3,0445
01/10/2026 09:34:11;-2,0024;3,0426
01/10/2026 09:34:12;-1,9977;3,0437
01/10/2026 09:34:13;-1,9943;3,0436
01/10/2026 09:34:14;-1,9993;3,0418
01/10/2026 09:34:15;-1,9988;3,0413
01/10/2026 09:34:16;-2,001;3,0424
01/10/2026 09:34:17;-2,0036;3,0431
01/10/2026 09:34:18;-2,0012;3,0406
01/10/2026 09:34:19;-2,0022;3,0413
01/10/2026 09:34:20;-2,0029;3,0425
01/10/2026 09:34:21;-1,9966;3,0418
01/10/2026 09:34:22;-1,9995;3,043
01/10/2026 09:34:23;-1,9992;3,0401
01/10/2026 09:34:24;-2,0006;3,0437
01/10/2026 09:34:25;-2,0003;3,0397
01/10/2026 09:34:26;-1,9981;3,039
01/10/2026 09:34:27;-2,0001;3,0409
01/10/2026 09:34:28;-1,9989;3,0397
01/10/2026 09:34:29;-2,0004;3,0406
01/10/2026 09:34:30;-2,0007;3,0405
01/10/2026 09:34:31;-2,0028;3,0402
01/10/2026 09:34:32;-2,004;3,0394
01/10/2026 09:34:33;-2,0005;3,0406
01/10/2026 09:34:34;-1,9999;3,0397
01/10/2026 09:34:35;-2,0026;3,041
01/10/2026 09:34:36;-2,0001;3,0395
01/10/2026 09:34:37;-1,9999;3,0386
01/10/2026 09:34:38;-2,0043;3,0378
01/10/2026 09:34:39;-2,0018;3,0392
01/10/2026 09:34:40;-1,9992;3,0379
01/10/2026 09:34:41;-1,9992;3,0377
01/10/2026 09:34:42;-2,0023;3,0395
01/10/2026 09:34:43;-1,9997;3,037
01/10/2026 09:34:44;-1,998;3,0401
01/10/2026 09:34:45;-1,9984;3,0387
01/10/2026 09:34:46;-2,0002;3,0384
01/10/2026 09:34:47;-2,0009;3,0373
01/10/2026 09:34:48;-2,0013;3,0389
01/10/2026 09:34:49;-1,9991;3,038
01/10/2026 09:34:50;-1,9996;3,0372
01/10/2026 09:34:51;-1,9987;3,038
01/10/2026 09:34:52;-1,9997;3,036
01/10/2026 09:34:53;-1,9984;3,0359
01/10/2026 09:34:54;-1,9998;3,0363
01/10/2026 09:34:55;-1,9984;3,0376
01/10/2026 09:34:56;-1,9983;3,0372
01/10/2026 09:34:57;-2,0016;3,0381
01/10/2026 09:34:58;-2,0036;3,036
01/10/2026 09:34:59;-1,9969;3,0374
01/10/2026 09:35:00;0,0005;3,0422
01/10/2026 09:35:01;-0,0034;3,0468
01/10/2026 09:35:02;-0,0014;3,0536
01/10/2026 09:35:03;0,0015;3,0585
01/10/2026 09:35:04;-0,0006;3,0632
01/10/2026 09:35:05;-0,001;3,0692
01/10/2026 09:35:06;0,0028;3,0742
01/10/2026 09:35:07;-0,0021;3,0794
01/10/2026 09:35:08;-0,0016;3,0843
01/10/2026 09:35:09;0,0004;3,0885
01/10/2026 09:35:10;0,0008;3,095
01/10/2026 09:35:11;0,001;3,0991
01/10/2026 09:35:12;0,0018;3,1039
01/10/2026 09:35:13;0,0004;3,1096
01/10/2026 09:35:14;0,001;3,1155
01/10/2026 09:35:15;-0,0005;3,1198
01/10/2026 09:35:16;0,0001;3,1239
01/10/2026 09:35:17;0,0002;3,1286
01/10/2026 09:35:18;0,0004;3,1345
01/10/2026 09:35:19;0,0015;3,1362
01/10/2026 09:35:20;0,0011;3,1441
01/10/2026 09:35:21;0,0001;3,146
01/10/2026 09:35:22;-0,0016;3,1511
01/10/2026 09:35:23;0,0001;3,1565
01/10/2026 09:35:24;-0,0001;3,1637
01/10/2026 09:35:25;0,0004;3,1677
01/10/2026 09:35:26;0,0044;3,1711
01/10/2026 09:35:27;-0,001;3,1752
01/10/2026 09:35:28;0,0008;3,1773
01/10/2026 09:35:29;0,0021;3,1837
01/10/2026 09:35:30;0,0002;3,1872
01/10/2026 09:35:31;0,0047;3,1912
01/10/2026 09:35:32;-0,0008;3,1964
01/10/2026 09:35:33;0,0006;3,2
01/10/2026 09:35:34;-0,0016;3,2054
01/10/2026 09:35:35;-0,0007;3,2067
01/10/2026 09:35:36;0,0005;3,2128
01/10/2026 09:35:37;0,0017;3,2159
01/10/2026 09:35:38;0,0006;3,2204
01/10/2026 09:35:39;0,0025;3,2251
01/10/2026 09:35:40;-0,0002;3,2276
01/10/2026 09:35:41;-0,0007;3,2328
01/10/2026 09:35:42;0,0054;3,2363
01/10/2026 09:35:43;0,0008;3,2397
01/10/2026 09:35:44;-0,0014;3,2437
01/10/2026 09:35:45;-0,0014;3,2478
01/10/2026 09:35:46;-0,0019;3,251
01/10/2026 09:35:47;0,0019;3,2554
01/10/2026 09:35:48;-0,0007;3,2588
01/10/2026 09:35:49;0,0003;3,2622
01/10/2026 09:35:50;-0,0001;3,268
01/10/2026 09:35:51;0,0015;3,2704
01/10/2026 09:35:52;-0,0017;3,2732
01/10/2026 09:35:53;-0,0022;3,2773
01/10/2026 09:35:54;0,0004;3,2796
01/10/2026 09:35:55;0,0012;3,2837
01/10/2026 09:35:56;0,0007;3,2872
01/10/2026 09:35:57;-0,0016;3,2897
01/10/2026 09:35:58;0,0014;3,2948
01/10/2026 09:35:59;-0,0015;3,2972
01/10/2026 09:36:00;-0,001;3,3007
01/10/2026 09:36:01;-0,0019;3,3038
01/10/2026 09:36:02;0,0026;3,3106
01/10/2026 09:36:03;0,0013;3,3103
01/10/2026 09:36:04;0,0012;3,3121
01/10/2026 09:36:05;0,0025;3,3158
01/10/2026 09:36:06;0,0056;3,3213
01/10/2026 09:36:07;-0,0034;3,325
01/10/2026 09:36:08;-0,0015;3,3261
01/10/2026 09:36:09;-0,0012;3,3312
01/10/2026 09:36:10;-0,0017;3,3337
01/10/2026 09:36:11;-0,0022;3,3358
01/10/2026 09:36:12;-0,0006;3,3388
01/10/2026 09:36:13;-0,0024;3,3422
01/10/2026 09:36:14;0,0007;3,3459
01/10/2026 09:36:15;0,0001;3,3484
01/10/2026 09:36:16;0,001;3,3502
01/10/2026 09:36:17;0,001;3,3536
01/10/2026 09:36:18;0,0012;3,3586
01/10/2026 09:36:19;-0,0007;3,3597
01/10/2026 09:36:20;0,0042;3,3632
01/10/2026 09:36:21;0,0005;3,3657
01/10/2026 09:36:22;-0,0037;3,3682
01/10/2026 09:36:23;-0,002;3,3708
01/10/2026 09:36:24;-0,0035;3,3743
01/10/2026 09:36:25;0,0;3,3768
01/10/2026 09:36:26;-0,0002;3,3791
01/10/2026 09:36:27;-0,0009;3,3808
01/10/2026 09:36:28;0,004;3,3845
01/10/2026 09:36:29;0,0011;3,3867
01/10/2026 09:36:30;0,0015;3,389
01/10/2026 09:36:31;-0,0019;3,3946
01/10/2026 09:36:32;-0,002;3,3929
01/10/2026 09:36:33;0,0001;3,398
01/10/2026 09:36:34;0,0003;3,3986
01/10/2026 09:36:35;-0,0037;3,4021
01/10/2026 09:36:36;-0,0004;3,407
01/10/2026 09:36:37;0,0;3,406
01/10/2026 09:36:38;-0,0004;3,4086
01/10/2026 09:36:39;-0,0016;3,4118
01/10/2026 09:36:40;-0,0011;3,4133
01/10/2026 09:36:41;-0,0004;3,4174
01/10/2026 09:36:42;0,0002;3,4184
01/10/2026 09:36:43;0,0012;3,4219
01/10/2026 09:36:44;0,0022;3,4222
01/10/2026 09:36:45;-0,0006;3,424
01/10/2026 09:36:46;-0,0009;3,4279
01/10/2026 09:36:47;0,0009;3,4288
01/10/2026 09:36:48;0,0012;3,4341
01/10/2026 09:36:49;-0,0009;3,4333
01/10/2026 09:36:50;0,0016;3,436
01/10/2026 09:36:51;0,002;3,4396
01/10/2026 09:36:52;0,0026;3,4408
01/10/2026 09:36:53;0,0036;3,442
01/10/2026 09:36:54;-0,0017;3,4477
01/10/2026 09:36:55;0,0;3,4467
01/10/2026 09:36:56;0,0;3,4496
01/10/2026 09:36:57;-0,0002;3,4517
01/10/2026 09:36:58;-0,0013;3,4547
01/10/2026 09:36:59;-0,003;3,4565
01/10/2026 09:37:00;0,0002;3,4572
01/10/2026 09:37:01;-0,0015;3,4597
01/10/2026 09:37:02;0,0002;3,4618
01/10/2026 09:37:03;-0,0016;3,4648
01/10/2026 09:37:04;-0,0022;3,4648
01/10/2026 09:37:05;0,0005;3,4699
01/10/2026 09:37:06;0,0003;3,4691
01/10/2026 09:37:07;0,0012;3,4717
01/10/2026 09:37:08;0,0044;3,4725
01/10/2026 09:37:09;0,0006;3,4742
01/10/2026 09:37:10;0,001;3,4765
01/10/2026 09:37:11;-0,0022;3,4783
01/10/2026 09:37:12;-0,0026;3,4807
01/10/2026 09:37:13;0,0032;3,4819
01/10/2026 09:37:14;-0,0018;3,4854
01/10/2026 09:37:15;-0,0021;3,4857
01/10/2026 09:37:16;-0,0001;3,4874
01/10/2026 09:37:17;-0,0002;3,4896
01/10/2026 09:37:18;-0,0018;3,4927
01/10/2026 09:37:19;-0,0006;3,4937
01/10/2026 09:37:20;0,0025;3,4951
01/10/2026 09:37:21;-0,0016;3,4955
01/10/2026 09:37:22;-0,0028;3,4974
01/10/2026 09:37:23;0,0019;3,499
01/10/2026 09:37:24;0,001;3,5032
01/10/2026 09:37:25;-0,0012;3,5041
01/10/2026 09:37:26;-0,0032;3,5043
01/10/2026 09:37:27;-0,0015;3,5062
01/10/2026 09:37:28;-0,0001;3,5076
01/10/2026 09:37:29;0,0023;3,5091
01/10/2026 09:37:30;-0,0021;3,512
01/10/2026 09:37:31;-0,0002;3,5128
01/10/2026 09:37:32;0,0014;3,5168
01/10/2026 09:37:33;-0,0048;3,5175
01/10/2026 09:37:34;0,0021;3,5191
01/10/2026 09:37:35;-0,0024;3,5199
01/10/2026 09:37:36;0,0007;3,5203
01/10/2026 09:37:37;0,0005;3,5228
01/10/2026 09:37:38;0,0022;3,5234
01/10/2026 09:37:39;0,0011;3,5268
01/10/2026 09:37:40;-0,0048;3,527
01/10/2026 09:37:41;-0,0016;3,5283
01/10/2026 09:37:42;0,0003;3,5296
01/10/2026 09:37:43;-0,0004;3,5327
01/10/2026 09:37:44;0,001;3,5309
01/10/2026 09:37:45;0,0016;3,5355
01/10/2026 09:37:46;0,0012;3,5349
01/10/2026 09:37:47;-0,0004;3,535
01/10/2026 09:37:48;-0,0037;3,5371
01/10/2026 09:37:49;-0,0009;3,5375
01/10/2026 09:37:50;0,0008;3,5411
01/10/2026 09:37:51;-0,0022;3,5408
01/10/2026 09:37:52;0,0013;3,5433
01/10/2026 09:37:53;0,0018;3,5456
01/10/2026 09:37:54;0,0003;3,5451
01/10/2026 09:37:55;-0,0061;3,5467
01/10/2026 09:37:56;-0,0026;3,547
01/10/2026 09:37:57;0,0038;3,5491
01/10/2026 09:37:58;-0,0011;3,5534
01/10/2026 09:37:59;-0,004;3,5528
01/10/2026 09:38:00;0,0025;3,553
01/10/2026 09:38:01;0,0;3,5539
01/10/2026 09:38:02;0,0022;3,5556
01/10/2026 09:38:03;0,0006;3,557
01/10/2026 09:38:04;0,0009;3,5576
01/10/2026 09:38:05;0,0007;3,5598
01/10/2026 09:38:06;0,0014;3,5595
01/10/2026 09:38:07;0,0046;3,5606
01/10/2026 09:38:08;0,0019;3,5631
01/10/2026 09:38:09;-0,0032;3,5627
01/10/2026 09:38:10;0,0009;3,5657
01/10/2026 09:38:11;0,0023;3,5661
01/10/2026 09:38:12;0,0024;3,5654
01/10/2026 09:38:13;-0,0009;3,5684
01/10/2026 09:38:14;0,0023;3,5677
01/10/2026 09:38:15;0,0019;3,5712
01/10/2026 09:38:16;0,0051;3,5713
01/10/2026 09:38:17;-0,0015;3,5745
01/10/2026 09:38:18;-0,001;3,5748
01/10/2026 09:38:19;-0,0006;3,5737
01/10/2026 09:38:20;-0,001;3,5738
01/10/2026 09:38:21;-0,0018;3,5761
01/10/2026 09:38:22;-0,0055;3,5766
01/10/2026 09:38:23;-0,0009;3,5807
01/10/2026 09:38:24;0,0007;3,5798
01/10/2026 09:38:25;-0,001;3,5818
01/10/2026 09:38:26;0,0039;3,5815
01/10/2026 09:38:27;0,0;3,5826
01/10/2026 09:38:28;0,0026;3,5838
01/10/2026 09:38:29;0,0005;3,5859
01/10/2026 09:38:30;0,0017;3,586
01/10/2026 09:38:31;0,0006;3,5856
01/10/2026 09:38:32;0,0027;3,5892
01/10/2026 09:38:33;0,0001;3,5882
01/10/2026 09:38:34;0,001;3,589
01/10/2026 09:38:35;0,0007;3,5875
01/10/2026 09:38:36;-0,0006;3,5919
01/10/2026 09:38:37;0,0008;3,5923
01/10/2026 09:38:38;0,0045;3,5932
01/10/2026 09:38:39;-0,0005;3,5936
01/10/2026 09:38:40;0,0008;3,5943
01/10/2026 09:38:41;0,0025;3,5953
01/10/2026 09:38:42;0,0023;3,597
01/10/2026 09:38:43;0,0;3,5981
01/10/2026 09:38:44;-0,0048;3,5981
01/10/2026 09:38:45;0,001;3,6001
01/10/2026 09:38:46;-0,0044;3,5999
01/10/2026 09:38:47;0,0029;3,6003
01/10/2026 09:38:48;0,0003;3,6018
01/10/2026 09:38:49;0,002;3,6011
01/10/2026 09:38:50;-0,0018;3,6035
01/10/2026 09:38:51;-0,0031;3,6025
01/10/2026 09:38:52;0,0005;3,6038
01/10/2026 09:38:53;-0,0001;3,6036
01/10/2026 09:38:54;-0,001;3,6063
01/10/2026 09:38:55;0,0002;3,6088
01/10/2026 09:38:56;0,0055;3,6079
01/10/2026 09:38:57;0,0017;3,6094
01/10/2026 09:38:58;0,0021;3,6118
01/10/2026 09:38:59;0,0017;3,6106
01/10/2026 09:39:00;0,003;3,6102
01/10/2026 09:39:01;-0,0004;3,6111
01/10/2026 09:39:02;-0,0041;3,6125
01/10/2026 09:39:03;-0,0004;3,6126
01/10/2026 09:39:04;0,0016;3,6133
01/10/2026 09:39:05;-0,0019;3,6156
01/10/2026 09:39:06;-0,0004;3,6164
01/10/2026 09:39:07;-0,0014;3,6144
01/10/2026 09:39:08;0,003;3,6159
01/10/2026 09:39:09;0,0015;3,617
01/10/2026 09:39:10;0,0013;3,6187
01/10/2026 09:39:11;0,0012;3,6199
01/10/2026 09:39:12;-0,0001;3,6222
01/10/2026 09:39:13;0,0004;3,6197
01/10/2026 09:39:14;-0,0024;3,6204
01/10/2026 09:39:15;-0,0044;3,622
01/10/2026 09:39:16;0,0003;3,6214
01/10/2026 09:39:17;0,0006;3,6226
01/10/2026 09:39:18;0,0024;3,623
01/10/2026 09:39:19;0,0031;3,6214
01/10/2026 09:39:20;0,0031;3,6248
01/10/2026 09:39:21;-0,002;3,6251
01/10/2026 09:39:22;-0,0007;3,6272
01/10/2026 09:39:23;0,001;3,6265
01/10/2026 09:39:24;0,0051;3,6259
01/10/2026 09:39:25;0,003;3,6275
01/10/2026 09:39:26;0,0022;3,6262
01/10/2026 09:39:27;-0,0008;3,6277
01/10/2026 09:39:28;-0,0018;3,6301
01/10/2026 09:39:29;0,0016;3,6299
01/10/2026 09:39:30;-0,0022;3,6316
01/10/2026 09:39:31;-0,0005;3,6293
01/10/2026 09:39:32;-0,0002;3,6316
01/10/2026 09:39:33;0,0032;3,6319
01/10/2026 09:39:34;-0,0007;3,6339
01/10/2026 09:39:35;-0,0049;3,6342
01/10/2026 09:39:36;0,001;3,6347
01/10/2026 09:39:37;-0,0014;3,6361
01/10/2026 09:39:38;0,0001;3,6348
01/10/2026 09:39:39;-0,0002;3,637
01/10/2026 09:39:40;-0,0005;3,6352
01/10/2026 09:39:41;0,0016;3,6357
01/10/2026 09:39:42;-0,0031;3,638
01/10/2026 09:39:43;-0,001;3,6363
01/10/2026 09:39:44;0,0014;3,6389
01/10/2026 09:39:45;-0,0012;3,6389
01/10/2026 09:39:46;-0,0032;3,6404
01/10/2026 09:39:47;0,0013;3,6398
01/10/2026 09:39:48;0,0022;3,6404
01/10/2026 09:39:49;-0,0001;3,6413
01/10/2026 09:39:50;-0,0039;3,6407
01/10/2026 09:39:51;0,0014;3,6411
01/10/2026 09:39:52;-0,0033;3,6428
01/10/2026 09:39:53;0,0006;3,6427
01/10/2026 09:39:54;-0,0018;3,6428
01/10/2026 09:39:55;-0,0023;3,6436
01/10/2026 09:39:56;-0,0009;3,6458
01/10/2026 09:39:57;-0,0004;3,6442
01/10/2026 09:39:58;-0,0013;3,6446
01/10/2026 09:39:59;0,0012;3,6439
01/10/2026 09:40:00;1,9991;3,6474
01/10/2026 09:40:01;2,002;3,6499
01/10/2026 09:40:02;2,0006;3,6519
01/10/2026 09:40:03;1,9986;3,653
01/10/2026 09:40:04;1,9983;3,6557
01/10/2026 09:40:05;1,9967;3,6573
01/10/2026 09:40:06;2,0006;3,6595
01/10/2026 09:40:07;1,9993;3,6611
01/10/2026 09:40:08;1,9953;3,6635
01/10/2026 09:40:09;1,9989;3,6636
01/10/2026 09:40:10;1,9982;3,6642
01/10/2026 09:40:11;2,0032;3,668
01/10/2026 09:40:12;1,9966;3,6699
01/10/2026 09:40:13;1,9971;3,6724
01/10/2026 09:40:14;2,0022;3,6739
01/10/2026 09:40:15;2,0027;3,6763
01/10/2026 09:40:16;1,9985;3,6767
01/10/2026 09:40:17;1,9987;3,6781
01/10/2026 09:40:18;2,0012;3,6782
01/10/2026 09:40:19;1,9953;3,6816
01/10/2026 09:40:20;1,9963;3,6825
01/10/2026 09:40:21;1,9994;3,685
01/10/2026 09:40:22;2,0031;3,6865
01/10/2026 09:40:23;1,9991;3,6887
01/10/2026 09:40:24;2,0002;3,6898
01/10/2026 09:40:25;2,0023;3,6925
01/10/2026 09:40:26;2,0042;3,6906
01/10/2026 09:40:27;1,9988;3,6952
01/10/2026 09:40:28;2,0;3,6978
01/10/2026 09:40:29;2,0036;3,7002
01/10/2026 09:40:30;1,997;3,7007
01/10/2026 09:40:31;2,0021;3,7033
01/10/2026 09:40:32;1,998;3,7035
01/10/2026 09:40:33;2,0002;3,705
01/10/2026 09:40:34;1,9995;3,7071
01/10/2026 09:40:35;1,9981;3,7083
01/10/2026 09:40:36;1,998;3,7091
01/10/2026 09:40:37;2,0006;3,711
01/10/2026 09:40:38;2,002;3,712
01/10/2026 09:40:39;1,9997;3,7153
01/10/2026 09:40:40;2,0001;3,7164
01/10/2026 09:40:41;2,0011;3,7176
01/10/2026 09:40:42;1,9981;3,719
01/10/2026 09:40:43;2,0015;3,7217
01/10/2026 09:40:44;2,0016;3,7236
01/10/2026 09:40:45;2,0052;3,7232
01/10/2026 09:40:46;1,9992;3,7247
01/10/2026 09:40:47;1,9991;3,7285
01/10/2026 09:40:48;2,0015;3,7277
01/10/2026 09:40:49;2,0016;3,7312
01/10/2026 09:40:50;1,9989;3,7339
01/10/2026 09:40:51;1,9992;3,7354
01/10/2026 09:40:52;2,0011;3,7361
01/10/2026 09:40:53;1,9983;3,7376
01/10/2026 09:40:54;1,9992;3,7407
01/10/2026 09:40:55;2,0002;3,7376
01/10/2026 09:40:56;2,002;3,741
01/10/2026 09:40:57;1,9988;3,7439
01/10/2026 09:40:58;1,9963;3,7442
01/10/2026 09:40:59;1,9962;3,7473
01/10/2026 09:41:00;1,9975;3,7475
01/10/2026 09:41:01;1,9974;3,7492
01/10/2026 09:41:02;1,9997;3,7503
01/10/2026 09:41:03;1,9976;3,7516
01/10/2026 09:41:04;1,9986;3,753
01/10/2026 09:41:05;1,9985;3,7553
01/10/2026 09:41:06;1,9991;3,7558
01/10/2026 09:41:07;2,0026;3,759
01/10/2026 09:41:08;2,0013;3,7601
01/10/2026 09:41:09;2,0;3,762
01/10/2026 09:41:10;1,9991;3,7613
01/10/2026 09:41:11;1,9991;3,7622
01/10/2026 09:41:12;2,0007;3,7653
01/10/2026 09:41:13;2,0012;3,7697
01/10/2026 09:41:14;1,9982;3,7695
01/10/2026 09:41:15;2,0001;3,7691
01/10/2026 09:41:16;1,9959;3,7715
01/10/2026 09:41:17;2,0004;3,7732
01/10/2026 09:41:18;2,0015;3,7726
01/10/2026 09:41:19;1,9994;3,7767
01/10/2026 09:41:20;2,0036;3,7766
01/10/2026 09:41:21;1,9982;3,7781
01/10/2026 09:41:22;2,0004;3,7796
01/10/2026 09:41:23;1,9999;3,7821
01/10/2026 09:41:24;1,9998;3,7816
01/10/2026 09:41:25;1,9998;3,782
01/10/2026 09:41:26;2,0002;3,7855
01/10/2026 09:41:27;2,0017;3,7845
01/10/2026 09:41:28;2,0028;3,7876
01/10/2026 09:41:29;2,0;3,7904
01/10/2026 09:41:30;2,0016;3,7912
01/10/2026 09:41:31;1,9986;3,793
01/10/2026 09:41:32;2,0015;3,794
01/10/2026 09:41:33;1,9985;3,7971
01/10/2026 09:41:34;2,0022;3,7955
01/10/2026 09:41:35;2,0044;3,7978
01/10/2026 09:41:36;1,9998;3,7983
01/10/2026 09:41:37;1,9956;3,801
01/10/2026 09:41:38;1,9989;3,8013
01/10/2026 09:41:39;2,0025;3,8044
01/10/2026 09:41:40;2,0011;3,8035
01/10/2026 09:41:41;2,0005;3,8068
01/10/2026 09:41:42;2,002;3,8073
01/10/2026 09:41:43;2,001;3,808
01/10/2026 09:41:44;2,0024;3,8098
01/10/2026 09:41:45;2,0018;3,8109
01/10/2026 09:41:46;2,003;3,8122
01/10/2026 09:41:47;2,0007;3,813
01/10/2026 09:41:48;2,0018;3,8138
01/10/2026 09:41:49;1,9994;3,8154
01/10/2026 09:41:50;1,9988;3,8153
01/10/2026 09:41:51;2,0034;3,8191
01/10/2026 09:41:52;2,0004;3,8183
01/10/2026 09:41:53;2,0016;3,8206
01/10/2026 09:41:54;2,0002;3,8228
01/10/2026 09:41:55;1,9988;3,8242
01/10/2026 09:41:56;2,0;3,8228
01/10/2026 09:41:57;2,0029;3,8258
01/10/2026 09:41:58;2,0011;3,8276
01/10/2026 09:41:59;1,9966;3,8284
01/10/2026 09:42:00;1,9996;3,8309
01/10/2026 09:42:01;2,0036;3,83
01/10/2026 09:42:02;1,9996;3,83
01/10/2026 09:42:03;1,9964;3,8341
01/10/2026 09:42:04;2,0038;3,834
01/10/2026 09:42:05;2,0014;3,8339
01/10/2026 09:42:06;1,9999;3,8368
01/10/2026 09:42:07;1,9993;3,8394
01/10/2026 09:42:08;2,0022;3,8381
01/10/2026 09:42:09;1,9989;3,8429
01/10/2026 09:42:10;2,0023;3,8409
01/10/2026 09:42:11;2,0011;3,843
01/10/2026 09:42:12;2,0005;3,8429
01/10/2026 09:42:13;2,0003;3,8453
01/10/2026 09:42:14;1,9997;3,8463
01/10/2026 09:42:15;2,0021;3,8462
01/10/2026 09:42:16;1,9983;3,8516
01/10/2026 09:42:17;1,9968;3,8495
01/10/2026 09:42:18;2,0012;3,8507
01/10/2026 09:42:19;2,0013;3,8533
01/10/2026 09:42:20;2,001;3,8553
01/10/2026 09:42:21;2,0008;3,8558
01/10/2026 09:42:22;1,9994;3,8546
01/10/2026 09:42:23;2,0016;3,8571
01/10/2026 09:42:24;1,9999;3,8562
01/10/2026 09:42:25;1,999;3,8601
01/10/2026 09:42:26;1,9994;3,8587
01/10/2026 09:42:27;2,004;3,8607
01/10/2026 09:42:28;1,9965;3,8626
01/10/2026 09:42:29;2,001;3,8642
01/10/2026 09:42:30;1,9966;3,8646
01/10/2026 09:42:31;1,9998;3,8675
01/10/2026 09:42:32;1,9991;3,8678
01/10/2026 09:42:33;1,9958;3,8688
01/10/2026 09:42:34;2,0008;3,868
01/10/2026 09:42:35;1,9992;3,8721
01/10/2026 09:42:36;1,9958;3,8707
01/10/2026 09:42:37;2,0017;3,8743
01/10/2026 09:42:38;2,0029;3,8757
01/10/2026 09:42:39;2,003;3,8753
01/10/2026 09:42:40;2,0007;3,8769
01/10/2026 09:42:41;2,0001;3,8738
01/10/2026 09:42:42;2,0027;3,8778
01/10/2026 09:42:43;2,0034;3,8802
01/10/2026 09:42:44;2,0023;3,881
01/10/2026 09:42:45;1,9981;3,88
01/10/2026 09:42:46;2,0004;3,8819
01/10/2026 09:42:47;2,0009;3,8808
01/10/2026 09:42:48;1,9964;3,8848
01/10/2026 09:42:49;2,0009;3,8835
01/10/2026 09:42:50;2,0045;3,8876
01/10/2026 09:42:51;2,0013;3,8887
01/10/2026 09:42:52;2,0029;3,8881
01/10/2026 09:42:53;2,0004;3,8901
01/10/2026 09:42:54;1,9999;3,8904
01/10/2026 09:42:55;2,0008;3,8919
01/10/2026 09:42:56;1,9984;3,8915
01/10/2026 09:42:57;1,9981;3,8943
01/10/2026 09:42:58;2,0025;3,8931
01/10/2026 09:42:59;2,0027;3,8939
01/10/2026 09:43:00;1,998;3,8966
01/10/2026 09:43:01;2,0019;3,8975
01/10/2026 09:43:02;1,9998;3,899
01/10/2026 09:43:03;2,0007;3,8991
01/10/2026 09:43:04;2,0009;3,9026
01/10/2026 09:43:05;2,002;3,9019
01/10/2026 09:43:06;2,0002;3,903
01/10/2026 09:43:07;2,0028;3,9039
01/10/2026 09:43:08;2,0006;3,9057
01/10/2026 09:43:09;2,0012;3,9063
01/10/2026 09:43:10;1,9983;3,9071
01/10/2026 09:43:11;2,0043;3,9084
01/10/2026 09:43:12;2,0009;3,9068
01/10/2026 09:43:13;2,0014;3,9078
01/10/2026 09:43:14;1,9968;3,9105
01/10/2026 09:43:15;1,9984;3,9113
01/10/2026 09:43:16;2,0025;3,9131
01/10/2026 09:43:17;2,0006;3,9135
01/10/2026 09:43:18;1,9962;3,915
01/10/2026 09:43:19;2,0021;3,9141
01/10/2026 09:43:20;1,9989;3,9163
01/10/2026 09:43:21;2,0028;3,9159
01/10/2026 09:43:22;1,9998;3,9186
01/10/2026 09:43:23;2,0004;3,9172
01/10/2026 09:43:24;2,0024;3,9204
01/10/2026 09:43:25;1,9982;3,9195
01/10/2026 09:43:26;1,998;3,9215
01/10/2026 09:43:27;1,9996;3,9237
01/10/2026 09:43:28;2,0017;3,924
01/10/2026 09:43:29;1,9973;3,923
01/10/2026 09:43:30;1,9967;3,9249
01/10/2026 09:43:31;2,0016;3,925
01/10/2026 09:43:32;1,9988;3,9257
01/10/2026 09:43:33;1,9992;3,9284
01/10/2026 09:43:34;1,9963;3,9298
01/10/2026 09:43:35;1,9986;3,9306
01/10/2026 09:43:36;2,0;3,9316
01/10/2026 09:43:37;2,0019;3,9319
01/10/2026 09:43:38;1,9985;3,9325
01/10/2026 09:43:39;2,0033;3,9326
01/10/2026 09:43:40;1,9986;3,9341
01/10/2026 09:43:41;1,9986;3,9341
01/10/2026 09:43:42;2,0031;3,9355
01/10/2026 09:43:43;2,0004;3,9373
01/10/2026 09:43:44;1,9989;3,938
01/10/2026 09:43:45;1,9997;3,942
01/10/2026 09:43:46;2,0027;3,9385
01/10/2026 09:43:47;2,0029;3,9406
01/10/2026 09:43:48;1,9984;3,9401
01/10/2026 09:43:49;1,9999;3,942
01/10/2026 09:43:50;2,0002;3,9429
01/10/2026 09:43:51;1,998;3,945
01/10/2026 09:43:52;1,9999;3,9445
01/10/2026 09:43:53;2,0;3,9457
01/10/2026 09:43:54;2,0023;3,9463
01/10/2026 09:43:55;2,0024;3,9461
01/10/2026 09:43:56;1,9993;3,9477
01/10/2026 09:43:57;1,9996;3,9488
01/10/2026 09:43:58;2,0013;3,9501
01/10/2026 09:43:59;1,9988;3,9514
01/10/2026 09:44:00;2,0012;3,9515
01/10/2026 09:44:01;1,9998;3,9523
01/10/2026 09:44:02;1,9981;3,9516
01/10/2026 09:44:03;1,9981;3,9547
01/10/2026 09:44:04;2,0029;3,9543
01/10/2026 09:44:05;1,9997;3,9566
01/10/2026 09:44:06;2,0033;3,9579
01/10/2026 09:44:07;1,999;3,9572
01/10/2026 09:44:08;2,0006;3,9572
01/10/2026 09:44:09;2,0048;3,959
01/10/2026 09:44:10;1,9979;3,9602
01/10/2026 09:44:11;1,9962;3,9603
01/10/2026 09:44:12;2,0026;3,9609
01/10/2026 09:44:13;1,9983;3,9628
01/10/2026 09:44:14;2,0;3,9635
01/10/2026 09:44:15;1,9988;3,9635
01/10/2026 09:44:16;2,0005;3,9629
01/10/2026 09:44:17;1,9981;3,9658
01/10/2026 09:44:18;1,9996;3,9654
01/10/2026 09:44:19;2,0009;3,9672
01/10/2026 09:44:20;1,998;3,9679
01/10/2026 09:44:21;1,9986;3,9666
01/10/2026 09:44:22;1,9993;3,9693
01/10/2026 09:44:23;1,9971;3,9705
01/10/2026 09:44:24;1,9992;3,9714
01/10/2026 09:44:25;2,0002;3,9717
01/10/2026 09:44:26;1,9992;3,9703
01/10/2026 09:44:27;1,9995;3,9744
01/10/2026 09:44:28;2,0;3,9742
01/10/2026 09:44:29;1,9987;3,9734
01/10/2026 09:44:30;2,0014;3,9745
01/10/2026 09:44:31;2,0029;3,9763
01/10/2026 09:44:32;1,9991;3,9775
01/10/2026 09:44:33;2,001;3,9771
01/10/2026 09:44:34;1,9995;3,9791
01/10/2026 09:44:35;2,0007;3,9773
01/10/2026 09:44:36;2,0031;3,9787
01/10/2026 09:44:37;2,001;3,9784
01/10/2026 09:44:38;1,9965;3,9803
01/10/2026 09:44:39;2,0009;3,9835
01/10/2026 09:44:40;2,0025;3,9848
01/10/2026 09:44:41;1,9996;3,9837
01/10/2026 09:44:42;2,002;3,9835
01/10/2026 09:44:43;1,9986;3,9846
01/10/2026 09:44:44;1,997;3,986
01/10/2026 09:44:45;2,0003;3,9847
01/10/2026 09:44:46;1,9965;3,9864
01/10/2026 09:44:47;1,9995;3,9891
01/10/2026 09:44:48;2,0026;3,9874
01/10/2026 09:44:49;1,9962;3,9884
01/10/2026 09:44:50;1,9974;3,9898
01/10/2026 09:44:51;1,9979;3,9908
01/10/2026 09:44:52;1,9999;3,9906
01/10/2026 09:44:53;1,9993;3,992
01/10/2026 09:44:54;2,0028;3,9932
01/10/2026 09:44:55;2,0019;3,9953
01/10/2026 09:44:56;2,001;3,9939
01/10/2026 09:44:57;2,0003;3,9946
01/10/2026 09:44:58;2,0008;3,9969
01/10/2026 09:44:59;1,9983;3,9955
01/10/2026 09:45:00;2,0017;3,9954
01/10/2026 09:45:01;1,9978;3,9976
01/10/2026 09:45:02;2,0017;3,9991
01/10/2026 09:45:03;2,0024;3,9991
01/10/2026 09:45:04;2,0004;3,9993
01/10/2026 09:45:05;1,9996;3,9986
01/10/2026 09:45:06;2,0008;4,0007
01/10/2026 09:45:07;1,9943;4,0026
01/10/2026 09:45:08;2,0006;4,0008
01/10/2026 09:45:09;1,9998;4,0025
01/10/2026 09:45:10;1,9999;4,003
01/10/2026 09:45:11;2,0014;4,0033
01/10/2026 09:45:12;1,9999;4,0049
01/10/2026 09:45:13;1,9977;4,0058
01/10/2026 09:45:14;1,9997;4,0064
01/10/2026 09:45:15;2,0001;4,0056
01/10/2026 09:45:16;2,0002;4,0056
01/10/2026 09:45:17;2,0003;4,0082
01/10/2026 09:45:18;2,0021;4,008
01/10/2026 09:45:19;1,9978;4,011
01/10/2026 09:45:20;2,0004;4,0117
01/10/2026 09:45:21;2,0026;4,0124
01/10/2026 09:45:22;1,9965;4,0101
01/10/2026 09:45:23;2,0004;4,0123
01/10/2026 09:45:24;1,9988;4,0132
01/10/2026 09:45:25;1,9993;4,0137
01/10/2026 09:45:26;1,9982;4,0132
01/10/2026 09:45:27;1,9997;4,0155
01/10/2026 09:45:28;2,0037;4,0148
01/10/2026 09:45:29;1,9975;4,0156
01/10/2026 09:45:30;1,9977;4,0145
01/10/2026 09:45:31;1,9974;4,0173
01/10/2026 09:45:32;2,0035;4,017
01/10/2026 09:45:33;1,9991;4,0184
01/10/2026 09:45:34;1,9999;4,0187
01/10/2026 09:45:35;1,9992;4,0193
01/10/2026 09:45:36;1,9981;4,0197
01/10/2026 09:45:37;1,9995;4,0211
01/10/2026 09:45:38;2,0049;4,0207
01/10/2026 09:45:39;2,0028;4,02
01/10/2026 09:45:40;1,9983;4,0227
01/10/2026 09:45:41;2,0013;4,0219
01/10/2026 09:45:42;1,9983;4,0219
01/10/2026 09:45:43;1,9964;4,0228
01/10/2026 09:45:44;2,002;4,0247
01/10/2026 09:45:45;2,0023;4,0249
01/10/2026 09:45:46;2,0021;4,0235
01/10/2026 09:45:47;1,9991;4,0258
01/10/2026 09:45:48;1,9997;4,0279
01/10/2026 09:45:49;2,0015;4,0269
01/10/2026 09:45:50;2,0008;4,0278
01/10/2026 09:45:51;1,9992;4,0295
01/10/2026 09:45:52;1,9968;4,0299
01/10/2026 09:45:53;2,0002;4,0307
01/10/2026 09:45:54;2,0022;4,0274
01/10/2026 09:45:55;1,9976;4,0325
01/10/2026 09:45:56;2,0013;4,032
01/10/2026 09:45:57;2,0007;4,0344
01/10/2026 09:45:58;2,0015;4,0317
01/10/2026 09:45:59;2,0017;4,0312
01/10/2026 09:46:00;1,9986;4,0336
01/10/2026 09:46:01;1,9968;4,0338
01/10/2026 09:46:02;1,9989;4,0353
01/10/2026 09:46:03;2,0018;4,0363
01/10/2026 09:46:04;1,9989;4,0357
01/10/2026 09:46:05;1,9986;4,0361
01/10/2026 09:46:06;1,9964;4,0374
01/10/2026 09:46:07;2,0035;4,0371
01/10/2026 09:46:08;2,0017;4,0376
01/10/2026 09:46:09;2,0015;4,0395
01/10/2026 09:46:10;2,0019;4,0403
01/10/2026 09:46:11;2,0012;4,0406
01/10/2026 09:46:12;1,9995;4,0399
01/10/2026 09:46:13;1,9997;4,0385
01/10/2026 09:46:14;1,9991;4,041
01/10/2026 09:46:15;2,0053;4,0409
01/10/2026 09:46:16;2,0011;4,0421
01/10/2026 09:46:17;1,9991;4,0421
01/10/2026 09:46:18;2,0009;4,0432
01/10/2026 09:46:19;1,998;4,0427
01/10/2026 09:46:20;2,003;4,043
01/10/2026 09:46:21;1,9987;4,046
01/10/2026 09:46:22;2,001;4,0444
01/10/2026 09:46:23;2,0021;4,0458
01/10/2026 09:46:24;2,0008;4,0473
01/10/2026 09:46:25;2,0002;4,0478
01/10/2026 09:46:26;2,0;4,0482
01/10/2026 09:46:27;1,9999;4,0482
01/10/2026 09:46:28;1,9988;4,0491
01/10/2026 09:46:29;1,9991;4,0503
01/10/2026 09:46:30;2,003;4,0498
01/10/2026 09:46:31;1,9998;4,0481
01/10/2026 09:46:32;1,9984;4,0499
01/10/2026 09:46:33;1,999;4,0516
01/10/2026 09:46:34;2,0022;4,0508
01/10/2026 09:46:35;2,0014;4,0535
01/10/2026 09:46:36;2,0011;4,0523
01/10/2026 09:46:37;1,9995;4,053
01/10/2026 09:46:38;2,0011;4,0545
01/10/2026 09:46:39;1,9987;4,0537
01/10/2026 09:46:40;1,9995;4,0545
01/10/2026 09:46:41;2,0019;4,0557
01/10/2026 09:46:42;2,0017;4,0538
01/10/2026 09:46:43;1,998;4,0555
01/10/2026 09:46:44;1,9983;4,0571
01/10/2026 09:46:45;2,0002;4,0568
01/10/2026 09:46:46;2,0035;4,0587
01/10/2026 09:46:47;1,9962;4,0561
01/10/2026 09:46:48;2,0006;4,0565
01/10/2026 09:46:49;1,9972;4,0594
01/10/2026 09:46:50;1,9987;4,06
01/10/2026 09:46:51;1,9993;4,0594
01/10/2026 09:46:52;1,9992;4,0604
01/10/2026 09:46:53;1,9989;4,0613
01/10/2026 09:46:54;2,0;4,0602
01/10/2026 09:46:55;1,9989;4,0607
01/10/2026 09:46:56;1,9971;4,0621
01/10/2026 09:46:57;2,0016;4,0633
01/10/2026 09:46:58;2,0015;4,0617
01/10/2026 09:46:59;2,0017;4,0631
01/10/2026 09:47:00;1,9969;4,0635
01/10/2026 09:47:01;2,0006;4,0646
01/10/2026 09:47:02;2,0014;4,0646
01/10/2026 09:47:03;1,9979;4,0645
01/10/2026 09:47:04;2,0;4,0668
01/10/2026 09:47:05;1,9998;4,0654
01/10/2026 09:47:06;2,0037;4,0661
01/10/2026 09:47:07;2,0038;4,0653
01/10/2026 09:47:08;1,9967;4,0666
01/10/2026 09:47:09;2,005;4,0683
01/10/2026 09:47:10;1,9982;4,0685
01/10/2026 09:47:11;2,002;4,0692
01/10/2026 09:47:12;2,0019;4,0696
01/10/2026 09:47:13;1,998;4,0716
01/10/2026 09:47:14;2,001;4,0692
01/10/2026 09:47:15;1,9998;4,0688
01/10/2026 09:47:16;2,0011;4,0698
01/10/2026 09:47:17;2,0005;4,0705
01/10/2026 09:47:18;2,0024;4,0707
01/10/2026 09:47:19;2,0002;4,0722
01/10/2026 09:47:20;1,9997;4,0738
01/10/2026 09:47:21;2,0022;4,0745
01/10/2026 09:47:22;2,0012;4,0739
01/10/2026 09:47:23;2,0015;4,0759
01/10/2026 09:47:24;1,9987;4,0739
01/10/2026 09:47:25;1,9979;4,073
01/10/2026 09:47:26;1,9989;4,0761
01/10/2026 09:47:27;1,9988;4,0736
01/10/2026 09:47:28;2,0016;4,0751
01/10/2026 09:47:29;2,002;4,0768
01/10/2026 09:47:30;1,9997;4,0766
01/10/2026 09:47:31;2,0029;4,0769
01/10/2026 09:47:32;2,0027;4,0763
01/10/2026 09:47:33;2,0005;4,0779
01/10/2026 09:47:34;1,9984;4,0793
01/10/2026 09:47:35;2,0032;4,0788
01/10/2026 09:47:36;1,9999;4,0783
01/10/2026 09:47:37;2,0003;4,0783
01/10/2026 09:47:38;1,9993;4,0791
01/10/2026 09:47:39;1,9982;4,0807
01/10/2026 09:47:40;1,9971;4,0811
01/10/2026 09:47:41;2,0013;4,0803
01/10/2026 09:47:42;1,9984;4,0793
01/10/2026 09:47:43;2,0061;4,0823
01/10/2026 09:47:44;1,9978;4,0814
01/10/2026 09:47:45;1,9975;4,0834
01/10/2026 09:47:46;2,001;4,0823
01/10/2026 09:47:47;2,0031;4,0825
01/10/2026 09:47:48;2,0001;4,084
01/10/2026 09:47:49;2,0011;4,0866
01/10/2026 09:47:50;1,9963;4,0854
01/10/2026 09:47:51;1,9986;4,0852
01/10/2026 09:47:52;1,9979;4,0858
01/10/2026 09:47:53;1,9962;4,084
01/10/2026 09:47:54;2,0002;4,0851
01/10/2026 09:47:55;1,9955;4,084
01/10/2026 09:47:56;1,9974;4,0887
01/10/2026 09:47:57;1,9989;4,0888
01/10/2026 09:47:58;1,9983;4,0881
01/10/2026 09:47:59;2,0008;4,0882
01/10/2026 09:48:00;2,0006;4,0869
01/10/2026 09:48:01;2,0018;4,0886
01/10/2026 09:48:02;2,0015;4,091
01/10/2026 09:48:03;2,0023;4,0897
01/10/2026 09:48:04;2,0;4,0893
01/10/2026 09:48:05;2,0006;4,0885
01/10/2026 09:48:06;2,001;4,092
01/10/2026 09:48:07;2,0003;4,0909
01/10/2026 09:48:08;1,9992;4,0896
01/10/2026 09:48:09;1,9993;4,0908
01/10/2026 09:48:10;1,9984;4,0908
01/10/2026 09:48:11;2,0008;4,0923
01/10/2026 09:48:12;1,9998;4,093
01/10/2026 09:48:13;1,9987;4,0927
01/10/2026 09:48:14;1,9987;4,0943
01/10/2026 09:48:15;1,9976;4,094
01/10/2026 09:48:16;2,002;4,0953
01/10/2026 09:48:17;2,0002;4,0942
01/10/2026 09:48:18;1,9983;4,098
01/10/2026 09:48:19;2,0016;4,0947
01/10/2026 09:48:20;1,9989;4,0947
01/10/2026 09:48:21;1,9972;4,0949
01/10/2026 09:48:22;2,002;4,0961
01/10/2026 09:48:23;1,9989;4,0949
01/10/2026 09:48:24;1,9992;4,0973
01/10/2026 09:48:25;2,0001;4,0954
01/10/2026 09:48:26;2,0023;4,0979
01/10/2026 09:48:27;2,0;4,0967
01/10/2026 09:48:28;1,9976;4,098
01/10/2026 09:48:29;2,0011;4,0993
01/10/2026 09:48:30;1,999;4,1014
01/10/2026 09:48:31;2,0038;4,0983
01/10/2026 09:48:32;2,0;4,0996
01/10/2026 09:48:33;1,9955;4,0993
01/10/2026 09:48:34;2,0007;4,0995
01/10/2026 09:48:35;2,0039;4,1
01/10/2026 09:48:36;2,0032;4,1019
01/10/2026 09:48:37;2,0037;4,1009
01/10/2026 09:48:38;1,998;4,104
01/10/2026 09:48:39;2,0018;4,1024
01/10/2026 09:48:40;1,9986;4,1013
01/10/2026 09:48:41;2,0004;4,1023
01/10/2026 09:48:42;1,9975;4,1022
01/10/2026 09:48:43;1,9987;4,1041
01/10/2026 09:48:44;1,9986;4,102
01/10/2026 09:48:45;2,0018;4,1026
01/10/2026 09:48:46;2,0016;4,1037
01/10/2026 09:48:47;2,0006;4,1053
01/10/2026 09:48:48;1,9973;4,1062
01/10/2026 09:48:49;1,9994;4,1066
01/10/2026 09:48:50;1,9985;4,1061
01/10/2026 09:48:51;2,0017;4,1058
01/10/2026 09:48:52;2,0024;4,107
01/10/2026 09:48:53;2,0021;4,1054
01/10/2026 09:48:54;1,9985;4,105
01/10/2026 09:48:55;1,9945;4,1076
01/10/2026 09:48:56;1,9965;4,1064
01/10/2026 09:48:57;2,0028;4,1077
01/10/2026 09:48:58;1,9992;4,1082
01/10/2026 09:48:59;1,9985;4,1086
01/10/2026 09:49:00;2,0033;4,1096
01/10/2026 09:49:01;2,0025;4,1098
01/10/2026 09:49:02;2,0;4,1095
01/10/2026 09:49:03;1,9994;4,1091
01/10/2026 09:49:04;1,9997;4,11
01/10/2026 09:49:05;2,0005;4,1096
01/10/2026 09:49:06;2,0032;4,1103
01/10/2026 09:49:07;2,0008;4,1134
01/10/2026 09:49:08;2,0015;4,1112
01/10/2026 09:49:09;2,0023;4,1118
01/10/2026 09:49:10;1,9977;4,1109
01/10/2026 09:49:11;2,0015;4,113
01/10/2026 09:49:12;1,9994;4,113
01/10/2026 09:49:13;1,995;4,1133
01/10/2026 09:49:14;1,9957;4,113
01/10/2026 09:49:15;1,998;4,1141
01/10/2026 09:49:16;2,0011;4,1147
01/10/2026 09:49:17;2,0002;4,114
01/10/2026 09:49:18;2,0004;4,1139
01/10/2026 09:49:19;2,0039;4,1152
01/10/2026 09:49:20;1,9975;4,1136
01/10/2026 09:49:21;1,9999;4,1141
01/10/2026 09:49:22;2,0006;4,1151
01/10/2026 09:49:23;1,9985;4,1137
01/10/2026 09:49:24;2,0001;4,1165
01/10/2026 09:49:25;1,9968;4,115
01/10/2026 09:49:26;2,0028;4,1158
01/10/2026 09:49:27;1,9986;4,1163
01/10/2026 09:49:28;2,0041;4,1168
01/10/2026 09:49:29;1,9999;4,1167
01/10/2026 09:49:30;2,0021;4,1173
01/10/2026 09:49:31;1,9999;4,1176
01/10/2026 09:49:32;1,9999;4,1175
01/10/2026 09:49:33;1,9988;4,1174
01/10/2026 09:49:34;2,0002;4,1195
01/10/2026 09:49:35;2,0006;4,1166
01/10/2026 09:49:36;1,9984;4,1188
01/10/2026 09:49:37;1,9997;4,1188
01/10/2026 09:49:38;1,9988;4,1199
01/10/2026 09:49:39;2,0046;4,1183
01/10/2026 09:49:40;1,9998;4,1196
01/10/2026 09:49:41;2,0031;4,1202
01/10/2026 09:49:42;1,9996;4,1217
01/10/2026 09:49:43;2,0005;4,1212
01/10/2026 09:49:44;1,9974;4,1199
01/10/2026 09:49:45;1,9991;4,1209
01/10/2026 09:49:46;2,0004;4,1225
01/10/2026 09:49:47;2,0032;4,1207
01/10/2026 09:49:48;2,0004;4,1221
01/10/2026 09:49:49;2,0028;4,1224
01/10/2026 09:49:50;2,0013;4,1223
01/10/2026 09:49:51;2,0033;4,1256
01/10/2026 09:49:52;1,9999;4,1228
01/10/2026 09:49:53;2,0048;4,1239
01/10/2026 09:49:54;1,999;4,1229
01/10/2026 09:49:55;1,9985;4,1245
01/10/2026 09:49:56;1,9976;4,1251
01/10/2026 09:49:57;2,0047;4,1239
01/10/2026 09:49:58;2,0016;4,1247
01/10/2026 09:49:59;1,9993;4,1241
01/10/2026 09:50:00;2,0025;4,1241
01/10/2026 09:50:01;2,0014;4,1265
01/10/2026 09:50:02;2,0039;4,1252
01/10/2026 09:50:03;1,9969;4,1235
01/10/2026 09:50:04;1,9995;4,128
01/10/2026 09:50:05;1,9991;4,1256
01/10/2026 09:50:06;1,9961;4,1264
01/10/2026 09:50:07;2,0021;4,1286
01/10/2026 09:50:08;1,9995;4,127
01/10/2026 09:50:09;2,0015;4,1273
01/10/2026 09:50:10;2,0047;4,1264
01/10/2026 09:50:11;1,9993;4,1263
01/10/2026 09:50:12;1,9992;4,128
01/10/2026 09:50:13;2,0002;4,1287
01/10/2026 09:50:14;2,002;4,1289
01/10/2026 09:50:15;1,9989;4,1284
01/10/2026 09:50:16;1,9987;4,1291
01/10/2026 09:50:17;2,0021;4,1275
01/10/2026 09:50:18;2,0008;4,13
01/10/2026 09:50:19;1,9959;4,13
01/10/2026 09:50:20;1,9975;4,132
01/10/2026 09:50:21;2,003;4,1303
01/10/2026 09:50:22;2,0008;4,1296
01/10/2026 09:50:23;1,9985;4,1307
01/10/2026 09:50:24;1,9997;4,1306
01/10/2026 09:50:25;2,0;4,1316
01/10/2026 09:50:26;2,0015;4,1314
01/10/2026 09:50:27;1,9973;4,1304
01/10/2026 09:50:28;1,9983;4,1302
01/10/2026 09:50:29;2,0005;4,1324
01/10/2026 09:50:30;1,9998;4,1337
01/10/2026 09:50:31;2,0011;4,1326
01/10/2026 09:50:32;1,9975;4,1336
01/10/2026 09:50:33;2,0007;4,134
01/10/2026 09:50:34;2,0022;4,1335
01/10/2026 09:50:35;2,001;4,1326
01/10/2026 09:50:36;2,0003;4,1339
01/10/2026 09:50:37;1,9998;4,1351
01/10/2026 09:50:38;1,9983;4,1346
01/10/2026 09:50:39;1,9999;4,1351
01/10/2026 09:50:40;2,0025;4,1341
01/10/2026 09:50:41;1,9998;4,1346
01/10/2026 09:50:42;1,9982;4,1349
01/10/2026 09:50:43;1,999;4,1351
01/10/2026 09:50:44;2,0004;4,1366
01/10/2026 09:50:45;1,9993;4,1333
01/10/2026 09:50:46;2,001;4,1359
01/10/2026 09:50:47;2,001;4,136
01/10/2026 09:50:48;2,0018;4,1349
01/10/2026 09:50:49;2,0028;4,1372
01/10/2026 09:50:50;2,002;4,136
01/10/2026 09:50:51;1,9981;4,1365
01/10/2026 09:50:52;1,9982;4,139
01/10/2026 09:50:53;1,9998;4,1383
01/10/2026 09:50:54;1,9991;4,1381
01/10/2026 09:50:55;1,9977;4,1381
01/10/2026 09:50:56;1,9991;4,1378
01/10/2026 09:50:57;1,9991;4,1402
01/10/2026 09:50:58;1,9987;4,1392
01/10/2026 09:50:59;1,9994;4,1378
01/10/2026 09:51:00;2,0024;4,1374
01/10/2026 09:51:01;2,0004;4,1395
01/10/2026 09:51:02;2,0049;4,1391
01/10/2026 09:51:03;2,0003;4,138
01/10/2026 09:51:04;1,9994;4,14
01/10/2026 09:51:05;2,0;4,1395
01/10/2026 09:51:06;2,0005;4,1405
01/10/2026 09:51:07;2,0009;4,1406
01/10/2026 09:51:08;2,0042;4,1398
01/10/2026 09:51:09;1,9983;4,1412
01/10/2026 09:51:10;2,0017;4,1403
01/10/2026 09:51:11;2,0004;4,1405
01/10/2026 09:51:12;1,9969;4,1406
01/10/2026 09:51:13;2,0015;4,1425
01/10/2026 09:51:14;2,0025;4,1413
01/10/2026 09:51:15;1,9983;4,1431
01/10/2026 09:51:16;2,0;4,1437
01/10/2026 09:51:17;1,9965;4,1414
01/10/2026 09:51:18;1,9975;4,1394
01/10/2026 09:51:19;2,0021;4,1436
01/10/2026 09:51:20;1,9991;4,1424
01/10/2026 09:51:21;1,9978;4,142
01/10/2026 09:51:22;2,0005;4,1425
01/10/2026 09:51:23;1,999;4,1429
01/10/2026 09:51:24;1,9991;4,1448
01/10/2026 09:51:25;2,0015;4,1438
01/10/2026 09:51:26;1,9977;4,1451
01/10/2026 09:51:27;1,9982;4,1445
01/10/2026 09:51:28;2,0003;4,1439
01/10/2026 09:51:29;2,0019;4,144
01/10/2026 09:51:30;2,0025;4,1452
01/10/2026 09:51:31;1,9987;4,1456
01/10/2026 09:51:32;2,0019;4,146
01/10/2026 09:51:33;1,9984;4,1449
01/10/2026 09:51:34;2,0037;4,1455
01/10/2026 09:51:35;1,9977;4,1461
01/10/2026 09:51:36;2,0027;4,1453
01/10/2026 09:51:37;1,9987;4,1447
01/10/2026 09:51:38;2,004;4,1452
01/10/2026 09:51:39;2,0012;4,146
01/10/2026 09:51:40;1,998;4,1471
01/10/2026 09:51:41;1,999;4,1479
01/10/2026 09:51:42;2,0016;4,1454
01/10/2026 09:51:43;2,0021;4,1463
01/10/2026 09:51:44;1,9999;4,1468
01/10/2026 09:51:45;2,0001;4,1481
01/10/2026 09:51:46;2,0015;4,1469
01/10/2026 09:51:47;2,0003;4,1472
01/10/2026 09:51:48;1,9974;4,1464
01/10/2026 09:51:49;1,9984;4,1485
01/10/2026 09:51:50;2,0005;4,148
01/10/2026 09:51:51;2,0024;4,1477
01/10/2026 09:51:52;2,0032;4,1483
01/10/2026 09:51:53;2,0016;4,1498
01/10/2026 09:51:54;2,0006;4,1479
01/10/2026 09:51:55;2,0015;4,1482
01/10/2026 09:51:56;1,9987;4,1504
01/10/2026 09:51:57;1,9997;4,1494
01/10/2026 09:51:58;1,9984;4,1502
01/10/2026 09:51:59;1,9975;4,1501
01/10/2026 09:52:00;2,0007;4,1498
01/10/2026 09:52:01;2,0004;4,1497
01/10/2026 09:52:02;2,0014;4,151
01/10/2026 09:52:03;2,0011;4,1515
01/10/2026 09:52:04;2,0005;4,1516
01/10/2026 09:52:05;2,0011;4,1495
01/10/2026 09:52:06;1,9999;4,1522
01/10/2026 09:52:07;2,0008;4,1507
01/10/2026 09:52:08;1,9985;4,1504
01/10/2026 09:52:09;2,0007;4,1512
01/10/2026 09:52:10;2,0013;4,1523
01/10/2026 09:52:11;1,9987;4,1522
01/10/2026 09:52:12;2,0001;4,1516
01/10/2026 09:52:13;1,9988;4,1528
01/10/2026 09:52:14;1,9989;4,1523
01/10/2026 09:52:15;1,9978;4,1517
01/10/2026 09:52:16;2,0025;4,1518
01/10/2026 09:52:17;2,0021;4,153
01/10/2026 09:52:18;2,0011;4,1527
01/10/2026 09:52:19;2,0039;4,1516
01/10/2026 09:52:20;1,9996;4,1539
01/10/2026 09:52:21;2,0061;4,1528
01/10/2026 09:52:22;1,9995;4,155
01/10/2026 09:52:23;2,0005;4,1522
01/10/2026 09:52:24;1,9992;4,1535
01/10/2026 09:52:25;2,0007;4,1532
01/10/2026 09:52:26;2,0017;4,1531
01/10/2026 09:52:27;1,9998;4,1537
01/10/2026 09:52:28;2,0036;4,1561
01/10/2026 09:52:29;2,0005;4,1546
01/10/2026 09:52:30;2,0005;4,1538
01/10/2026 09:52:31;1,9982;4,153
01/10/2026 09:52:32;2,0008;4,1532
01/10/2026 09:52:33;1,9997;4,1546
01/10/2026 09:52:34;1,9988;4,1546
01/10/2026 09:52:35;1,9984;4,1552
01/10/2026 09:52:36;2,0053;4,1533
01/10/2026 09:52:37;1,9995;4,1556
01/10/2026 09:52:38;1,9971;4,1569
01/10/2026 09:52:39;1,9986;4,1576
01/10/2026 09:52:40;1,9999;4,1542
01/10/2026 09:52:41;2,0011;4,1555
01/10/2026 09:52:42;2,0011;4,1556
01/10/2026 09:52:43;2,0014;4,1567
01/10/2026 09:52:44;1,9987;4,1555
01/10/2026 09:52:45;2,0007;4,1585
01/10/2026 09:52:46;1,9982;4,157
01/10/2026 09:52:47;1,9988;4,157
01/10/2026 09:52:48;1,9982;4,1589
01/10/2026 09:52:49;1,9976;4,1574
01/10/2026 09:52:50;2,0021;4,158
01/10/2026 09:52:51;2,0014;4,157
01/10/2026 09:52:52;2,002;4,1565
01/10/2026 09:52:53;2,0001;4,1574
01/10/2026 09:52:54;2,0016;4,1603
01/10/2026 09:52:55;1,9965;4,1589
01/10/2026 09:52:56;2,0017;4,1587
01/10/2026 09:52:57;2,0004;4,1576
01/10/2026 09:52:58;2,0013;4,1596
01/10/2026 09:52:59;2,0008;4,1575
01/10/2026 09:53:00;1,998;4,1574
01/10/2026 09:53:01;1,997;4,1585
01/10/2026 09:53:02;1,9986;4,1612
01/10/2026 09:53:03;2,0011;4,1613
01/10/2026 09:53:04;2,0014;4,159
01/10/2026 09:53:05;1,9973;4,159
01/10/2026 09:53:06;1,998;4,1581
01/10/2026 09:53:07;1,9986;4,16
01/10/2026 09:53:08;1,9993;4,1602
01/10/2026 09:53:09;1,9973;4,161
01/10/2026 09:53:10;1,9972;4,1612
01/10/2026 09:53:11;1,9984;4,1602
01/10/2026 09:53:12;2,0002;4,1611
01/10/2026 09:53:13;1,9976;4,16
01/10/2026 09:53:14;1,9998;4,1614
01/10/2026 09:53:15;2,0021;4,1605
01/10/2026 09:53:16;1,9974;4,1615
01/10/2026 09:53:17;1,9996;4,1616
01/10/2026 09:53:18;2,002;4,1614
01/10/2026 09:53:19;1,9992;4,1623
01/10/2026 09:53:20;1,9989;4,16
01/10/2026 09:53:21;2,0023;4,1607
01/10/2026 09:53:22;1,9994;4,1616
01/10/2026 09:53:23;2,0022;4,1605
01/10/2026 09:53:24;2,0009;4,1617
01/10/2026 09:53:25;1,9993;4,1619
01/10/2026 09:53:26;2,001;4,1637
01/10/2026 09:53:27;2,0006;4,1626
01/10/2026 09:53:28;2,002;4,1636
01/10/2026 09:53:29;1,9989;4,163
01/10/2026 09:53:30;2,0001;4,1623
01/10/2026 09:53:31;1,9999;4,1631
01/10/2026 09:53:32;2,0014;4,1638
01/10/2026 09:53:33;1,9979;4,1644
01/10/2026 09:53:34;2,002;4,1632
01/10/2026 09:53:35;2,0009;4,1618
01/10/2026 09:53:36;1,9974;4,1619
01/10/2026 09:53:37;2,0024;4,1634
01/10/2026 09:53:38;2,0045;4,1615
01/10/2026 09:53:39;2,002;4,1658
01/10/2026 09:53:40;2,0029;4,1647
01/10/2026 09:53:41;2,0002;4,1636
01/10/2026 09:53:42;1,9967;4,1632
01/10/2026 09:53:43;1,9963;4,1655
01/10/2026 09:53:44;2,0005;4,1634
01/10/2026 09:53:45;1,9988;4,1637
01/10/2026 09:53:46;1,9982;4,164
01/10/2026 09:53:47;1,9999;4,165
01/10/2026 09:53:48;2,0012;4,1656
01/10/2026 09:53:49;1,9971;4,1663
01/10/2026 09:53:50;1,9991;4,1663
01/10/2026 09:53:51;2,003;4,1654
01/10/2026 09:53:52;1,9978;4,1665
01/10/2026 09:53:53;2,0017;4,1649
01/10/2026 09:53:54;1,999;4,1639
01/10/2026 09:53:55;2,0011;4,1652
01/10/2026 09:53:56;2,0022;4,1651
01/10/2026 09:53:57;2,0015;4,1654
01/10/2026 09:53:58;2,0018;4,1652
01/10/2026 09:53:59;1,9977;4,1658
01/10/2026 09:54:00;2,0022;4,167
01/10/2026 09:54:01;1,9983;4,1682
01/10/2026 09:54:02;2,0005;4,1649
01/10/2026 09:54:03;2,0005;4,1654
01/10/2026 09:54:04;2,001;4,1661
01/10/2026 09:54:05;2,0007;4,1677
01/10/2026 09:54:06;1,9983;4,1669
01/10/2026 09:54:07;1,9973;4,1664
01/10/2026 09:54:08;2,0017;4,168
01/10/2026 09:54:09;2,0004;4,1683
01/10/2026 09:54:10;2,0023;4,1675
01/10/2026 09:54:11;1,9999;4,1668
01/10/2026 09:54:12;1,9972;4,168
01/10/2026 09:54:13;2,0019;4,1676
01/10/2026 09:54:14;1,9993;4,1677
01/10/2026 09:54:15;2,0007;4,1675
01/10/2026 09:54:16;1,9987;4,1691
01/10/2026 09:54:17;2,0033;4,1685
01/10/2026 09:54:18;1,9982;4,1694
01/10/2026 09:54:19;1,9993;4,1698
01/10/2026 09:54:20;2,0002;4,169
01/10/2026 09:54:21;1,9978;4,1682
01/10/2026 09:54:22;2,0007;4,1698
01/10/2026 09:54:23;2,0032;4,1693
01/10/2026 09:54:24;1,999;4,1716
01/10/2026 09:54:25;2,0008;4,1694
01/10/2026 09:54:26;1,9945;4,1699
01/10/2026 09:54:27;1,9999;4,1696
01/10/2026 09:54:28;1,9994;4,1693
01/10/2026 09:54:29;1,9984;4,1692
01/10/2026 09:54:30;2,0022;4,1699
01/10/2026 09:54:31;1,9993;4,1702
01/10/2026 09:54:32;1,9996;4,171
01/10/2026 09:54:33;1,9992;4,1702
01/10/2026 09:54:34;1,9962;4,1695
01/10/2026 09:54:35;1,9977;4,1698
01/10/2026 09:54:36;2,0019;4,1689
01/10/2026 09:54:37;1,9958;4,172
01/10/2026 09:54:38;1,9985;4,1699
01/10/2026 09:54:39;1,9992;4,1715
01/10/2026 09:54:40;2,0035;4,1709
01/10/2026 09:54:41;2,0015;4,171
01/10/2026 09:54:42;1,9989;4,1707
01/10/2026 09:54:43;2,0026;4,1701
01/10/2026 09:54:44;1,9985;4,17
01/10/2026 09:54:45;2,002;4,1728
01/10/2026 09:54:46;1,9973;4,1713
01/10/2026 09:54:47;2,0021;4,1724
01/10/2026 09:54:48;1,9992;4,1728
01/10/2026 09:54:49;1,9979;4,171
01/10/2026 09:54:50;1,9996;4,172
01/10/2026 09:54:51;2,0006;4,1717
01/10/2026 09:54:52;1,999;4,1706
01/10/2026 09:54:53;2,0011;4,1717
01/10/2026 09:54:54;1,9988;4,1725
01/10/2026 09:54:55;2,0012;4,1715
01/10/2026 09:54:56;2,0009;4,1718
01/10/2026 09:54:57;1,9999;4,172
01/10/2026 09:54:58;1,9991;4,1744
01/10/2026 09:54:59;2,0003;4,1706
01/10/2026 09:55:00;0,0011;4,169
01/10/2026 09:55:01;0,0041;4,1643
01/10/2026 09:55:02;0,0019;4,1601
01/10/2026 09:55:03;0,002;4,1566
01/10/2026 09:55:04;0,0062;4,1538
01/10/2026 09:55:05;0,001;4,1501
01/10/2026 09:55:06;0,001;4,1458
01/10/2026 09:55:07;0,0014;4,143
01/10/2026 09:55:08;-0,002;4,1395
01/10/2026 09:55:09;-0,0009;4,1354
01/10/2026 09:55:10;-0,001;4,1305
01/10/2026 09:55:11;0,0013;4,1279
01/10/2026 09:55:12;-0,0003;4,1244
01/10/2026 09:55:13;0,0003;4,1196
01/10/2026 09:55:14;0,0022;4,1153
01/10/2026 09:55:15;0,0017;4,1114
01/10/2026 09:55:16;-0,0003;4,1101
01/10/2026 09:55:17;-0,0013;4,1069
01/10/2026 09:55:18;0,0023;4,102
01/10/2026 09:55:19;0,0015;4,1009
01/10/2026 09:55:20;-0,0032;4,0967
01/10/2026 09:55:21;-0,0006;4,0946
01/10/2026 09:55:22;0,0003;4,0904
01/10/2026 09:55:23;0,0016;4,0857
01/10/2026 09:55:24;0,0018;4,084
01/10/2026 09:55:25;0,0006;4,081
01/10/2026 09:55:26;0,0012;4,0767
01/10/2026 09:55:27;0,0001;4,0726
01/10/2026 09:55:28;-0,0013;4,0711
01/10/2026 09:55:29;-0,0005;4,0669
01/10/2026 09:55:30;0,0;4,066
01/10/2026 09:55:31;-0,0001;4,0614
01/10/2026 09:55:32;-0,0038;4,0605
01/10/2026 09:55:33;-0,0008;4,0537
01/10/2026 09:55:34;0,0001;4,053
01/10/2026 09:55:35;-0,0006;4,0514
01/10/2026 09:55:36;-0,0005;4,0462
01/10/2026 09:55:37;0,001;4,044
01/10/2026 09:55:38;-0,0022;4,0409
01/10/2026 09:55:39;-0,0033;4,0378
01/10/2026 09:55:40;-0,0007;4,0359
01/10/2026 09:55:41;0,0015;4,0316
01/10/2026 09:55:42;0,0034;4,03
01/10/2026 09:55:43;0,0016;4,0279
01/10/2026 09:55:44;-0,0029;4,0245
01/10/2026 09:55:45;-0,0005;4,021
01/10/2026 09:55:46;0,0005;4,0203
01/10/2026 09:55:47;0,0004;4,0174
01/10/2026 09:55:48;0,0011;4,013
01/10/2026 09:55:49;-0,0018;4,0101
01/10/2026 09:55:50;0,0001;4,0079
01/10/2026 09:55:51;0,0008;4,0068
01/10/2026 09:55:52;0,0017;4,004
01/10/2026 09:55:53;-0,0016;4,002
01/10/2026 09:55:54;-0,0007;3,9984
01/10/2026 09:55:55;-0,0054;3,9953
01/10/2026 09:55:56;-0,0012;3,9947
01/10/2026 09:55:57;-0,001;3,9908
01/10/2026 09:55:58;-0,002;3,9891
01/10/2026 09:55:59;0,0003;3,985
01/10/2026 09:56:00;-0,0001;3,9836
01/10/2026 09:56:01;-0,0045;3,9828
01/10/2026 09:56:02;0,0004;3,9787
01/10/2026 09:56:03;-0,0019;3,9779
01/10/2026 09:56:04;0,001;3,9725
01/10/2026 09:56:05;-0,0026;3,972
01/10/2026 09:56:06;0,0001;3,9701
01/10/2026 09:56:07;-0,0006;3,9698
01/10/2026 09:56:08;0,0006;3,9647
01/10/2026 09:56:09;0,0002;3,9643
01/10/2026 09:56:10;-0,0005;3,9625
01/10/2026 09:56:11;-0,0031;3,9585
01/10/2026 09:56:12;-0,003;3,9567
01/10/2026 09:56:13;-0,0012;3,9551
01/10/2026 09:56:14;-0,0;3,9514
01/10/2026 09:56:15;-0,0012;3,9503
01/10/2026 09:56:16;0,0013;3,95
01/10/2026 09:56:17;-0,0006;3,9471
01/10/2026 09:56:18;-0,0019;3,9444
01/10/2026 09:56:19;-0,0006;3,9426
01/10/2026 09:56:20;0,0005;3,9411
01/10/2026 09:56:21;0,0006;3,9393
01/10/2026 09:56:22;0,0038;3,936
01/10/2026 09:56:23;-0,0013;3,9361
01/10/2026 09:56:24;-0,0001;3,934
01/10/2026 09:56:25;0,0009;3,9314
01/10/2026 09:56:26;-0,0;3,928
01/10/2026 09:56:27;-0,001;3,9259
01/10/2026 09:56:28;-0,0031;3,9247
01/10/2026 09:56:29;-0,001;3,9232
01/10/2026 09:56:30;-0,0021;3,9195
01/10/2026 09:56:31;-0,0035;3,92
01/10/2026 09:56:32;-0,0016;3,9189
01/10/2026 09:56:33;-0,0021;3,9164
01/10/2026 09:56:34;0,0012;3,9134
01/10/2026 09:56:35;0,0012;3,9115
01/10/2026 09:56:36;-0,0018;3,9108
01/10/2026 09:56:37;-0,0005;3,9086
01/10/2026 09:56:38;-0,0037;3,9075
01/10/2026 09:56:39;-0,001;3,9059
01/10/2026 09:56:40;0,0008;3,9047
01/10/2026 09:56:41;0,0016;3,9008
01/10/2026 09:56:42;-0,0014;3,9005
01/10/2026 09:56:43;0,0021;3,8982
01/10/2026 09:56:44;-0,003;3,8968
01/10/2026 09:56:45;-0,0025;3,8962
01/10/2026 09:56:46;0,0014;3,8946
01/10/2026 09:56:47;0,0033;3,8935
01/10/2026 09:56:48;0,001;3,8909
01/10/2026 09:56:49;-0,0001;3,8888
01/10/2026 09:56:50;-0,0044;3,8871
01/10/2026 09:56:51;-0,004;3,884
01/10/2026 09:56:52;0,0003;3,8856
01/10/2026 09:56:53;-0,0007;3,8824
01/10/2026 09:56:54;-0,0022;3,8817
01/10/2026 09:56:55;0,0001;3,8804
01/10/2026 09:56:56;0,0002;3,8769
01/10/2026 09:56:57;0,0019;3,8758
01/10/2026 09:56:58;0,0003;3,8768
01/10/2026 09:56:59;0,0025;3,8741
01/10/2026 09:57:00;0,0;3,8718
01/10/2026 09:57:01;-0,0002;3,8708
01/10/2026 09:57:02;0,0021;3,8706
01/10/2026 09:57:03;-0,002;3,869
01/10/2026 09:57:04;0,0056;3,8652
01/10/2026 09:57:05;0,0008;3,8669
01/10/2026 09:57:06;0,0008;3,8649
01/10/2026 09:57:07;0,0011;3,8624
01/10/2026 09:57:08;0,0038;3,86
01/10/2026 09:57:09;0,0016;3,8609
01/10/2026 09:57:10;-0,0032;3,859
01/10/2026 09:57:11;0,0028;3,8558
01/10/2026 09:57:12;-0,0007;3,8557
01/10/2026 09:57:13;0,0002;3,8578
01/10/2026 09:57:14;-0,0026;3,8534
01/10/2026 09:57:15;0,0011;3,8513
01/10/2026 09:57:16;-0,0013;3,8498
01/10/2026 09:57:17;0,0002;3,8514
01/10/2026 09:57:18;-0,0006;3,8492
01/10/2026 09:57:19;0,0039;3,8485
01/10/2026 09:57:20;0,004;3,8461
01/10/2026 09:57:21;0,0001;3,8459
01/10/2026 09:57:22;0,0001;3,8426
01/10/2026 09:57:23;-0,0007;3,8424
01/10/2026 09:57:24;0,0022;3,8414
01/10/2026 09:57:25;-0,0007;3,8413
01/10/2026 09:57:26;-0,0008;3,8391
01/10/2026 09:57:27;0,002;3,837
01/10/2026 09:57:28;-0,0011;3,8365
01/10/2026 09:57:29;-0,0001;3,8337
01/10/2026 09:57:30;-0,0032;3,8319
01/10/2026 09:57:31;0,0014;3,8339
01/10/2026 09:57:32;0,0039;3,8316
01/10/2026 09:57:33;0,0014;3,8306
01/10/2026 09:57:34;0,0029;3,8307
01/10/2026 09:57:35;-0,0017;3,8301
01/10/2026 09:57:36;0,0005;3,8282
01/10/2026 09:57:37;-0,0019;3,8285
01/10/2026 09:57:38;-0,0005;3,8261
01/10/2026 09:57:39;0,0015;3,8248
01/10/2026 09:57:40;0,0002;3,8237
01/10/2026 09:57:41;-0,0028;3,8212
01/10/2026 09:57:42;-0,0026;3,8224
01/10/2026 09:57:43;-0,0028;3,818
01/10/2026 09:57:44;0,001;3,8189
01/10/2026 09:57:45;0,0041;3,8185
01/10/2026 09:57:46;0,0027;3,8167
01/10/2026 09:57:47;-0,0038;3,816
01/10/2026 09:57:48;0,0028;3,8174
01/10/2026 09:57:49;0,0019;3,8157
01/10/2026 09:57:50;-0,0031;3,8129
01/10/2026 09:57:51;-0,0006;3,8122
01/10/2026 09:57:52;0,0022;3,8105
01/10/2026 09:57:53;0,0011;3,8115
01/10/2026 09:57:54;-0,0026;3,8096
01/10/2026 09:57:55;0,0012;3,807
01/10/2026 09:57:56;-0,0043;3,8082
01/10/2026 09:57:57;-0,0004;3,8076
01/10/2026 09:57:58;0,0023;3,8073
01/10/2026 09:57:59;0,0;3,8053
01/10/2026 09:58:00;-0,001;3,8042
01/10/2026 09:58:01;0,0018;3,8056
01/10/2026 09:58:02;0,0019;3,8028
01/10/2026 09:58:03;0,0026;3,8027
01/10/2026 09:58:04;0,0017;3,8006
01/10/2026 09:58:05;0,0022;3,801
01/10/2026 09:58:06;0,0015;3,798
01/10/2026 09:58:07;0,0005;3,7981
01/10/2026 09:58:08;0,0002;3,7966
01/10/2026 09:58:09;-0,0005;3,7964
01/10/2026 09:58:10;-0,0024;3,7974
01/10/2026 09:58:11;-0,0019;3,7948
01/10/2026 09:58:12;-0,0006;3,7953
01/10/2026 09:58:13;0,0005;3,7953
01/10/2026 09:58:14;0,0029;3,793
01/10/2026 09:58:15;-0,0001;3,7932
01/10/2026 09:58:16;0,002;3,792
01/10/2026 09:58:17;0,0022;3,7908
01/10/2026 09:58:18;-0,0005;3,7907
01/10/2026 09:58:19;0,0012;3,7911
01/10/2026 09:58:20;-0,0005;3,7878
01/10/2026 09:58:21;0,0026;3,7868
01/10/2026 09:58:22;0,0013;3,786
01/10/2026 09:58:23;-0,0024;3,7873
01/10/2026 09:58:24;0,0003;3,7867
01/10/2026 09:58:25;0,0033;3,7843
01/10/2026 09:58:26;-0,0004;3,782
01/10/2026 09:58:27;0,0009;3,7828
01/10/2026 09:58:28;0,0011;3,7833
01/10/2026 09:58:29;-0,0021;3,782
01/10/2026 09:58:30;0,001;3,7816
01/10/2026 09:58:31;-0,0028;3,7802
01/10/2026 09:58:32;-0,0013;3,7811
01/10/2026 09:58:33;0,0022;3,7797
01/10/2026 09:58:34;0,0007;3,7793
01/10/2026 09:58:35;-0,0006;3,7782
01/10/2026 09:58:36;0,0009;3,778
01/10/2026 09:58:37;-0,0001;3,7773
01/10/2026 09:58:38;0,0;3,7752
01/10/2026 09:58:39;0,0013;3,7759
01/10/2026 09:58:40;-0,0015;3,7757
01/10/2026 09:58:41;0,0001;3,7754
01/10/2026 09:58:42;-0,0006;3,7741
01/10/2026 09:58:43;-0,0032;3,7721
01/10/2026 09:58:44;-0,0018;3,7716
01/10/2026 09:58:45;0,0031;3,7714
01/10/2026 09:58:46;0,0008;3,7714
01/10/2026 09:58:47;-0,0026;3,7705
01/10/2026 09:58:48;-0,0031;3,7689
01/10/2026 09:58:49;-0,0002;3,7684
01/10/2026 09:58:50;0,0031;3,7668
01/10/2026 09:58:51;-0,0004;3,7652
01/10/2026 09:58:52;0,0026;3,7676
01/10/2026 09:58:53;0,0007;3,7695
01/10/2026 09:58:54;0,0009;3,7684
01/10/2026 09:58:55;-0,0027;3,7651
01/10/2026 09:58:56;0,0019;3,7657
01/10/2026 09:58:57;-0,0007;3,7635
01/10/2026 09:58:58;0,0017;3,7632
01/10/2026 09:58:59;-0,0016;3,7627
01/10/2026 09:59:00;0,0004;3,7632
01/10/2026 09:59:01;0,0007;3,7627
01/10/2026 09:59:02;-0,0003;3,7626
01/10/2026 09:59:03;0,0008;3,7625
01/10/2026 09:59:04;-0,0005;3,761
01/10/2026 09:59:05;-0,0013;3,7609
01/10/2026 09:59:06;0,0032;3,7592
01/10/2026 09:59:07;0,0021;3,7585
01/10/2026 09:59:08;-0,0015;3,7578
01/10/2026 09:59:09;0,0011;3,7595
01/10/2026 09:59:10;-0,0015;3,758
01/10/2026 09:59:11;-0,0024;3,756
01/10/2026 09:59:12;0,0021;3,7573
01/10/2026 09:59:13;-0,0034;3,7556
01/10/2026 09:59:14;0,0019;3,7581
01/10/2026 09:59:15;-0,0005;3,7554
01/10/2026 09:59:16;-0,0004;3,7562
01/10/2026 09:59:17;0,0008;3,7561
01/10/2026 09:59:18;0,0012;3,7536
01/10/2026 09:59:19;-0,0017;3,7542
01/10/2026 09:59:20;0,0014;3,7542
01/10/2026 09:59:21;0,0002;3,7533
01/10/2026 09:59:22;-0,0025;3,7531
01/10/2026 09:59:23;-0,0003;3,751
01/10/2026 09:59:24;0,0028;3,7525
01/10/2026 09:59:25;0,0034;3,751
01/10/2026 09:59:26;0,0014;3,7514
01/10/2026 09:59:27;-0,0024;3,7515
01/10/2026 09:59:28;0,001;3,7509
01/10/2026 09:59:29;0,0017;3,7501
01/10/2026 09:59:30;0,0015;3,75
01/10/2026 09:59:31;0,0016;3,7497
01/10/2026 09:59:32;0,0007;3,7501
01/10/2026 09:59:33;-0,0001;3,7481
01/10/2026 09:59:34;-0,0012;3,7479
01/10/2026 09:59:35;-0,0038;3,7483
01/10/2026 09:59:36;0,0007;3,7465
01/10/2026 09:59:37;0,0004;3,7452
01/10/2026 09:59:38;0,0011;3,7467
01/10/2026 09:59:39;-0,0027;3,7456
01/10/2026 09:59:40;0,0013;3,7442
01/10/2026 09:59:41;0,0041;3,7456
01/10/2026 09:59:42;0,0002;3,7461
01/10/2026 09:59:43;-0,0001;3,7427
01/10/2026 09:59:44;0,0006;3,745
01/10/2026 09:59:45;0,0041;3,741
01/10/2026 09:59:46;-0,002;3,7428
01/10/2026 09:59:47;0,0004;3,7447
01/10/2026 09:59:48;-0,0016;3,7422
01/10/2026 09:59:49;-0,0011;3,7422
01/10/2026 09:59:50;-0,0001;3,7426
01/10/2026 09:59:51;0,0027;3,7397
01/10/2026 09:59:52;0,0036;3,7412
01/10/2026 09:59:53;0,0009;3,7408
01/10/2026 09:59:54;-0,0008;3,7423
01/10/2026 09:59:55;0,005;3,7389
01/10/2026 09:59:56;-0,0009;3,7394
01/10/2026 09:59:57;-0,0011;3,7385
01/10/2026 09:59:58;-0,0035;3,7381
01/10/2026 09:59:59;0,0028;3,7399
01/10/2026 10:00:00;-1,9981;3,7363
01/10/2026 10:00:01;-1,9952;3,7333
01/10/2026 10:00:02;-2,0028;3,7309
01/10/2026 10:00:03;-1,9971;3,7284
01/10/2026 10:00:04;-1,9999;3,7261
01/10/2026 10:00:05;-1,9984;3,7229
01/10/2026 10:00:06;-2,0033;3,7215
01/10/2026 10:00:07;-1,9971;3,719
01/10/2026 10:00:08;-1,9984;3,7162
01/10/2026 10:00:09;-2,0001;3,7147
01/10/2026 10:00:10;-1,9987;3,7124
01/10/2026 10:00:11;-2,0015;3,7093
01/10/2026 10:00:12;-2,0012;3,7073
01/10/2026 10:00:13;-2,0009;3,7073
01/10/2026 10:00:14;-2,0037;3,7049
01/10/2026 10:00:15;-1,9983;3,6994
01/10/2026 10:00:16;-1,9976;3,6972
01/10/2026 10:00:17;-2,0014;3,6947
01/10/2026 10:00:18;-1,9993;3,6945
01/10/2026 10:00:19;-2,0005;3,6907
01/10/2026 10:00:20;-1,9993;3,6891
01/10/2026 10:00:21;-2,0013;3,6885
01/10/2026 10:00:22;-2,0018;3,6842
01/10/2026 10:00:23;-1,9979;3,6827
01/10/2026 10:00:24;-2,0001;3,6802
01/10/2026 10:00:25;-1,996;3,6769
01/10/2026 10:00:26;-1,9999;3,6763
01/10/2026 10:00:27;-2,0019;3,6721
01/10/2026 10:00:28;-1,9975;3,672
01/10/2026 10:00:29;-1,9987;3,6679
01/10/2026 10:00:30;-1,9985;3,6658
01/10/2026 10:00:31;-1,9976;3,6629
01/10/2026 10:00:32;-2,0013;3,6609
01/10/2026 10:00:33;-2,0003;3,6592
01/10/2026 10:00:34;-2,0003;3,655
01/10/2026 10:00:35;-2,0026;3,655
01/10/2026 10:00:36;-2,0005;3,6525
01/10/2026 10:00:37;-1,9973;3,6517
01/10/2026 10:00:38;-1,9995;3,6491
01/10/2026 10:00:39;-2,0027;3,6458
01/10/2026 10:00:40;-2,0031;3,6439
01/10/2026 10:00:41;-1,9967;3,642
01/10/2026 10:00:42;-2,0002;3,6416
01/10/2026 10:00:43;-2,0013;3,6372
01/10/2026 10:00:44;-2,0005;3,6352
01/10/2026 10:00:45;-2,003;3,6326
01/10/2026 10:00:46;-1,9972;3,6302
01/10/2026 10:00:47;-2,0008;3,6299
01/10/2026 10:00:48;-1,9973;3,6277
01/10/2026 10:00:49;-1,9999;3,6266
01/10/2026 10:00:50;-1,9971;3,6243
01/10/2026 10:00:51;-1,9995;3,6236
01/10/2026 10:00:52;-1,9983;3,6191
01/10/2026 10:00:53;-1,9986;3,6168
01/10/2026 10:00:54;-1,9988;3,6137
01/10/2026 10:00:55;-1,9993;3,6137
01/10/2026 10:00:56;-2,0005;3,6111
01/10/2026 10:00:57;-1,9962;3,6096
01/10/2026 10:00:58;-2,0018;3,6057
01/10/2026 10:00:59;-2,0;3,6052
01/10/2026 10:01:00;-2,0;3,6031
01/10/2026 10:01:01;-1,9992;3,601
01/10/2026 10:01:02;-2,0009;3,5982
01/10/2026 10:01:03;-1,9994;3,598
01/10/2026 10:01:04;-2,0003;3,5969
01/10/2026 10:01:05;-2,0032;3,5918
01/10/2026 10:01:06;-2,0;3,5916
01/10/2026 10:01:07;-2,0022;3,5861
01/10/2026 10:01:08;-2,0035;3,5877
01/10/2026 10:01:09;-1,9997;3,5832
01/10/2026 10:01:10;-1,999;3,5826
01/10/2026 10:01:11;-1,9989;3,5798
01/10/2026 10:01:12;-1,9989;3,579
01/10/2026 10:01:13;-2,0039;3,5781
01/10/2026 10:01:14;-2,0027;3,5735
01/10/2026 10:01:15;-1,9961;3,5731
01/10/2026 10:01:16;-2,0021;3,571
01/10/2026 10:01:17;-1,9988;3,5712
01/10/2026 10:01:18;-2,0014;3,5682
01/10/2026 10:01:19;-1,9998;3,5647
01/10/2026 10:01:20;-2,0013;3,5635
01/10/2026 10:01:21;-1,9989;3,5636
01/10/2026 10:01:22;-1,9997;3,5609
01/10/2026 10:01:23;-2,0009;3,5574
01/10/2026 10:01:24;-2,0021;3,5562
01/10/2026 10:01:25;-1,9995;3,5544
01/10/2026 10:01:26;-2,0024;3,5523
01/10/2026 10:01:27;-1,9991;3,5492
01/10/2026 10:01:28;-1,9947;3,5484
01/10/2026 10:01:29;-1,9973;3,5487
01/10/2026 10:01:30;-1,9986;3,5451
01/10/2026 10:01:31;-2,0002;3,5436
01/10/2026 10:01:32;-2,0039;3,542
01/10/2026 10:01:33;-2,0026;3,5423
01/10/2026 10:01:34;-1,9974;3,5383
01/10/2026 10:01:35;-2,0016;3,5376
01/10/2026 10:01:36;-2,0014;3,5341
01/10/2026 10:01:37;-2,0003;3,5326
01/10/2026 10:01:38;-2,0021;3,5311
01/10/2026 10:01:39;-2,0025;3,5286
01/10/2026 10:01:40;-2,0001;3,5274
01/10/2026 10:01:41;-2,0018;3,5267
01/10/2026 10:01:42;-2,0015;3,5233
01/10/2026 10:01:43;-2,0016;3,5223
01/10/2026 10:01:44;-1,999;3,5213
01/10/2026 10:01:45;-2,0005;3,5181
01/10/2026 10:01:46;-2,0004;3,5182
01/10/2026 10:01:47;-1,9988;3,5155
01/10/2026 10:01:48;-2,0003;3,5135
01/10/2026 10:01:49;-2,0006;3,51
01/10/2026 10:01:50;-1,9991;3,5099
01/10/2026 10:01:51;-1,9987;3,509
01/10/2026 10:01:52;-2,0003;3,5087
01/10/2026 10:01:53;-1,9998;3,5058
01/10/2026 10:01:54;-2,0016;3,5047
01/10/2026 10:01:55;-2,0017;3,5007
01/10/2026 10:01:56;-1,9985;3,5001
01/10/2026 10:01:57;-1,9991;3,4998
01/10/2026 10:01:58;-1,9991;3,496
01/10/2026 10:01:59;-1,9994;3,4962
01/10/2026 10:02:00;-1,9999;3,4943
01/10/2026 10:02:01;-1,9986;3,4922
01/10/2026 10:02:02;-1,9981;3,49
01/10/2026 10:02:03;-1,9982;3,4877
01/10/2026 10:02:04;-2,0002;3,4888
01/10/2026 10:02:05;-1,9972;3,486
01/10/2026 10:02:06;-1,9995;3,4841
01/10/2026 10:02:07;-1,9987;3,4818
01/10/2026 10:02:08;-1,9994;3,4806
01/10/2026 10:02:09;-1,9995;3,4791
01/10/2026 10:02:10;-2,0015;3,4778
01/10/2026 10:02:11;-1,9986;3,4765
01/10/2026 10:02:12;-1,9943;3,4734
01/10/2026 10:02:13;-2,0007;3,4712
01/10/2026 10:02:14;-1,9999;3,4711
01/10/2026 10:02:15;-2,0009;3,4677
01/10/2026 10:02:16;-2,001;3,4676
01/10/2026 10:02:17;-1,9969;3,4659
01/10/2026 10:02:18;-2,0013;3,4653
01/10/2026 10:02:19;-2,0009;3,4653
01/10/2026 10:02:20;-2,0032;3,4598
01/10/2026 10:02:21;-2,0015;3,4625
01/10/2026 10:02:22;-2,0034;3,4584
01/10/2026 10:02:23;-1,9987;3,4575
01/10/2026 10:02:24;-1,9944;3,4542
01/10/2026 10:02:25;-2,0007;3,4551
01/10/2026 10:02:26;-2,0033;3,4526
01/10/2026 10:02:27;-1,9982;3,451
01/10/2026 10:02:28;-2,0015;3,4476
01/10/2026 10:02:29;-1,9974;3,4482
01/10/2026 10:02:30;-2,0006;3,4474
01/10/2026 10:02:31;-2,0013;3,4449
01/10/2026 10:02:32;-2,0004;3,4448
01/10/2026 10:02:33;-1,9985;3,4433
01/10/2026 10:02:34;-2,0005;3,44
01/10/2026 10:02:35;-2,001;3,4408
01/10/2026 10:02:36;-2,0004;3,4378
01/10/2026 10:02:37;-2,0025;3,4363
01/10/2026 10:02:38;-1,9992;3,4349
01/10/2026 10:02:39;-2,0036;3,4335
01/10/2026 10:02:40;-2,0009;3,4293
01/10/2026 10:02:41;-1,9985;3,4303
01/10/2026 10:02:42;-1,9994;3,4277
01/10/2026 10:02:43;-1,9988;3,4293
01/10/2026 10:02:44;-2,0001;3,4278
01/10/2026 10:02:45;-1,9977;3,4257
01/10/2026 10:02:46;-1,9982;3,4232
01/10/2026 10:02:47;-1,9991;3,421
01/10/2026 10:02:48;-1,9981;3,4199
01/10/2026 10:02:49;-1,9985;3,4211
01/10/2026 10:02:50;-2,0009;3,4171
01/10/2026 10:02:51;-2,0027;3,4141
01/10/2026 10:02:52;-1,9992;3,4161
01/10/2026 10:02:53;-1,9989;3,4151
01/10/2026 10:02:54;-1,9978;3,4139
01/10/2026 10:02:55;-2,0019;3,4119
01/10/2026 10:02:56;-2,0018;3,4107
01/10/2026 10:02:57;-1,9991;3,4082
01/10/2026 10:02:58;-2,0001;3,4047
01/10/2026 10:02:59;-2,0038;3,4055
01/10/2026 10:03:00;-1,9992;3,4047
01/10/2026 10:03:01;-2,0037;3,4026
01/10/2026 10:03:02;-2,0019;3,4012
01/10/2026 10:03:03;-1,9973;3,3991
01/10/2026 10:03:04;-1,9964;3,3977
01/10/2026 10:03:05;-2,0024;3,3993
01/10/2026 10:03:06;-2,0007;3,398
01/10/2026 10:03:07;-1,9999;3,3948
01/10/2026 10:03:08;-1,9964;3,3937
01/10/2026 10:03:09;-2,001;3,3912
01/10/2026 10:03:10;-2,001;3,3915
01/10/2026 10:03:11;-1,9969;3,3913
01/10/2026 10:03:12;-2,0007;3,3867
01/10/2026 10:03:13;-1,9986;3,3874
01/10/2026 10:03:14;-2,003;3,3862
01/10/2026 10:03:15;-2,0003;3,3849
01/10/2026 10:03:16;-2,0033;3,3848
01/10/2026 10:03:17;-2,0021;3,3839
01/10/2026 10:03:18;-1,9983;3,3803
01/10/2026 10:03:19;-2,0001;3,38
01/10/2026 10:03:20;-2,0006;3,3781
01/10/2026 10:03:21;-2,0015;3,3761
01/10/2026 10:03:22;-2,0004;3,3758
01/10/2026 10:03:23;-1,9994;3,3749
01/10/2026 10:03:24;-1,998;3,3732
01/10/2026 10:03:25;-2,0053;3,3709
01/10/2026 10:03:26;-2,0017;3,3701
01/10/2026 10:03:27;-1,9997;3,3689
01/10/2026 10:03:28;-2,0002;3,3672
01/10/2026 10:03:29;-1,9992;3,3672
01/10/2026 10:03:30;-1,9995;3,3661
01/10/2026 10:03:31;-2,0006;3,3654
01/10/2026 10:03:32;-2,0011;3,3624
01/10/2026 10:03:33;-2,0005;3,3614
01/10/2026 10:03:34;-1,9977;3,3624
01/10/2026 10:03:35;-2,0015;3,3594
01/10/2026 10:03:36;-2,0001;3,3584
01/10/2026 10:03:37;-1,9996;3,357
01/10/2026 10:03:38;-1,9969;3,3572
01/10/2026 10:03:39;-2,0006;3,356
01/10/2026 10:03:40;-1,9981;3,3548
01/10/2026 10:03:41;-1,9975;3,3525
01/10/2026 10:03:42;-2,0001;3,3504
01/10/2026 10:03:43;-2,0004;3,3521
01/10/2026 10:03:44;-2,0007;3,3498
01/10/2026 10:03:45;-2,0005;3,3474
01/10/2026 10:03:46;-1,9983;3,3481
01/10/2026 10:03:47;-1,9995;3,345
01/10/2026 10:03:48;-1,9995;3,3458
01/10/2026 10:03:49;-2,0023;3,3447
01/10/2026 10:03:50;-2,0019;3,3411
01/10/2026 10:03:51;-1,9957;3,3415
01/10/2026 10:03:52;-2,0004;3,3406
01/10/2026 10:03:53;-2,0015;3,3413
01/10/2026 10:03:54;-1,9971;3,3368
01/10/2026 10:03:55;-1,9994;3,3378
01/10/2026 10:03:56;-1,9988;3,3353
01/10/2026 10:03:57;-2,0003;3,3329
01/10/2026 10:03:58;-2,0006;3,3329
01/10/2026 10:03:59;-2,0003;3,332
01/10/2026 10:04:00;-2,0028;3,3298
01/10/2026 10:04:01;-2,0002;3,3301
01/10/2026 10:04:02;-1,9994;3,3296
01/10/2026 10:04:03;-1,9963;3,3278
01/10/2026 10:04:04;-1,9998;3,3259
01/10/2026 10:04:05;-2,0047;3,3252
01/10/2026 10:04:06;-2,0002;3,3243
01/10/2026 10:04:07;-1,9945;3,3234
01/10/2026 10:04:08;-1,9983;3,3233
01/10/2026 10:04:09;-2,0016;3,3213
01/10/2026 10:04:10;-1,9988;3,3186
01/10/2026 10:04:11;-2,0015;3,3184
01/10/2026 10:04:12;-2,0027;3,318
01/10/2026 10:04:13;-2,0007;3,3179
01/10/2026 10:04:14;-1,9998;3,3171
01/10/2026 10:04:15;-2,0037;3,3165
01/10/2026 10:04:16;-2,0023;3,3138
01/10/2026 10:04:17;-2,0;3,3134
01/10/2026 10:04:18;-2,0008;3,3101
01/10/2026 10:04:19;-1,9992;3,311
01/10/2026 10:04:20;-2,0024;3,3084
01/10/2026 10:04:21;-1,9986;3,3084
01/10/2026 10:04:22;-2,0024;3,3105
01/10/2026 10:04:23;-1,9967;3,3067
01/10/2026 10:04:24;-2,0034;3,3045
01/10/2026 10:04:25;-2,0022;3,3048
01/10/2026 10:04:26;-1,9992;3,3029
01/10/2026 10:04:27;-1,9967;3,3014
01/10/2026 10:04:28;-1,9994;3,3035
01/10/2026 10:04:29;-1,9989;3,3014
01/10/2026 10:04:30;-2,0;3,2997
01/10/2026 10:04:31;-2,0021;3,298
01/10/2026 10:04:32;-2,001;3,2971
01/10/2026 10:04:33;-2,0024;3,2979
01/10/2026 10:04:34;-2,0026;3,2957
01/10/2026 10:04:35;-1,9992;3,2913
01/10/2026 10:04:36;-2,0022;3,2959
01/10/2026 10:04:37;-1,9994;3,2926
01/10/2026 10:04:38;-2,0026;3,2918
01/10/2026 10:04:39;-1,9994;3,2916
01/10/2026 10:04:40;-2,001;3,29
01/10/2026 10:04:41;-1,9972;3,2893
01/10/2026 10:04:42;-1,9994;3,2872
01/10/2026 10:04:43;-1,9975;3,2854
01/10/2026 10:04:44;-2,0015;3,286
01/10/2026 10:04:45;-1,9999;3,2862
01/10/2026 10:04:46;-2,002;3,2832
01/10/2026 10:04:47;-2,0008;3,2821
01/10/2026 10:04:48;-2,0005;3,2832
01/10/2026 10:04:49;-2,0015;3,2805
01/10/2026 10:04:50;-2,0024;3,2796
01/10/2026 10:04:51;-2,0028;3,2788
01/10/2026 10:04:52;-2,0047;3,2781
01/10/2026 10:04:53;-2,0021;3,2757
01/10/2026 10:04:54;-1,9987;3,2758
01/10/2026 10:04:55;-2,0032;3,2757
01/10/2026 10:04:56;-2,0027;3,2747
01/10/2026 10:04:57;-1,9964;3,2748
01/10/2026 10:04:58;-2,0013;3,2745
01/10/2026 10:04:59;-1,9994;3,2733
01/10/2026 10:05:00;-1,9987;3,2718
01/10/2026 10:05:01;-1,9987;3,2698
01/10/2026 10:05:02;-2,003;3,2685
01/10/2026 10:05:03;-2,0005;3,2682
01/10/2026 10:05:04;-2,0032;3,2679
01/10/2026 10:05:05;-1,9951;3,2672
01/10/2026 10:05:06;-2,0032;3,2661
01/10/2026 10:05:07;-2,0021;3,2645
01/10/2026 10:05:08;-2,0021;3,2645
01/10/2026 10:05:09;-2,003;3,2641
01/10/2026 10:05:10;-1,9973;3,2629
01/10/2026 10:05:11;-1,9952;3,2611
01/10/2026 10:05:12;-2,001;3,2594
01/10/2026 10:05:13;-2,0026;3,2585
01/10/2026 10:05:14;-2,0045;3,2578
01/10/2026 10:05:15;-2,0005;3,2579
01/10/2026 10:05:16;-2,0006;3,2573
01/10/2026 10:05:17;-2,0013;3,2545
01/10/2026 10:05:18;-1,9996;3,2546
01/10/2026 10:05:19;-1,9992;3,2545
01/10/2026 10:05:20;-1,9994;3,2525
01/10/2026 10:05:21;-2,0006;3,253
01/10/2026 10:05:22;-2,0022;3,2514
01/10/2026 10:05:23;-1,9987;3,2502
01/10/2026 10:05:24;-2,0;3,2501
01/10/2026 10:05:25;-1,9982;3,2496
01/10/2026 10:05:26;-1,9984;3,2475
01/10/2026 10:05:27;-2,0028;3,2473
01/10/2026 10:05:28;-2,0029;3,2472
01/10/2026 10:05:29;-2,0015;3,2452
01/10/2026 10:05:30;-2,0021;3,2434
01/10/2026 10:05:31;-1,9985;3,2427
01/10/2026 10:05:32;-1,9993;3,2431
01/10/2026 10:05:33;-1,9978;3,2413
01/10/2026 10:05:34;-1,9992;3,2415
01/10/2026 10:05:35;-1,9996;3,2427
01/10/2026 10:05:36;-1,9976;3,2389
01/10/2026 10:05:37;-1,9991;3,2392
01/10/2026 10:05:38;-1,9999;3,2408
01/10/2026 10:05:39;-1,997;3,2383
01/10/2026 10:05:40;-1,9998;3,2367
01/10/2026 10:05:41;-2,0006;3,2361
01/10/2026 10:05:42;-2,0017;3,2359
01/10/2026 10:05:43;-1,9986;3,2364
01/10/2026 10:05:44;-1,9975;3,2334
01/10/2026 10:05:45;-2,0001;3,2324
01/10/2026 10:05:46;-1,9974;3,231
01/10/2026 10:05:47;-2,0039;3,2317
01/10/2026 10:05:48;-2,0001;3,2294
01/10/2026 10:05:49;-2,0001;3,2296
01/10/2026 10:05:50;-2,0015;3,2284
01/10/2026 10:05:51;-1,9952;3,2296
01/10/2026 10:05:52;-2,0001;3,2273
01/10/2026 10:05:53;-2,0008;3,2274
01/10/2026 10:05:54;-1,9999;3,2247
01/10/2026 10:05:55;-2,004;3,2256
01/10/2026 10:05:56;-2,0015;3,2235
01/10/2026 10:05:57;-1,998;3,2236
01/10/2026 10:05:58;-2,0013;3,2255
01/10/2026 10:05:59;-2,0017;3,2234
01/10/2026 10:06:00;-1,9974;3,2216
01/10/2026 10:06:01;-1,9973;3,2242
01/10/2026 10:06:02;-1,999;3,2194
01/10/2026 10:06:03;-2,0009;3,2207
01/10/2026 10:06:04;-2,0005;3,2173
01/10/2026 10:06:05;-2,0016;3,2179
01/10/2026 10:06:06;-2,002;3,216
01/10/2026 10:06:07;-2,0021;3,2169
01/10/2026 10:06:08;-2,0012;3,216
01/10/2026 10:06:09;-2,0021;3,2149
01/10/2026 10:06:10;-2,0031;3,2156
01/10/2026 10:06:11;-1,9996;3,2132
01/10/2026 10:06:12;-1,9995;3,2134
01/10/2026 10:06:13;-1,9966;3,2132
01/10/2026 10:06:14;-2,0013;3,2102
01/10/2026 10:06:15;-1,9994;3,2102
01/10/2026 10:06:16;-1,9994;3,2103
01/10/2026 10:06:17;-2,0005;3,2102
01/10/2026 10:06:18;-1,9985;3,2103
01/10/2026 10:06:19;-1,9984;3,2079
01/10/2026 10:06:20;-1,9993;3,2072
01/10/2026 10:06:21;-2,0005;3,2059
01/10/2026 10:06:22;-2,0007;3,2064
01/10/2026 10:06:23;-2,0027;3,2051
01/10/2026 10:06:24;-2,0016;3,2044
01/10/2026 10:06:25;-2,0012;3,2039
01/10/2026 10:06:26;-2,0022;3,2039
01/10/2026 10:06:27;-1,9991;3,2021
01/10/2026 10:06:28;-1,9976;3,2012
01/10/2026 10:06:29;-2,0018;3,2018
01/10/2026 10:06:30;-1,9994;3,1976
01/10/2026 10:06:31;-2,0021;3,1994
01/10/2026 10:06:32;-2,0006;3,1982
01/10/2026 10:06:33;-2,0014;3,1999
01/10/2026 10:06:34;-1,9988;3,1976
01/10/2026 10:06:35;-2,0014;3,1968
01/10/2026 10:06:36;-1,998;3,1966
01/10/2026 10:06:37;-2,0005;3,1954
01/10/2026 10:06:38;-2,0013;3,195
01/10/2026 10:06:39;-2,0025;3,1948
01/10/2026 10:06:40;-1,9995;3,1937
01/10/2026 10:06:41;-1,9982;3,193
01/10/2026 10:06:42;-1,9995;3,1918
01/10/2026 10:06:43;-1,9955;3,191
01/10/2026 10:06:44;-1,9971;3,1916
01/10/2026 10:06:45;-2,0006;3,1912
01/10/2026 10:06:46;-2,0006;3,1888
01/10/2026 10:06:47;-1,9991;3,1904
01/10/2026 10:06:48;-2,0017;3,1897
01/10/2026 10:06:49;-1,9977;3,1893
01/10/2026 10:06:50;-1,9993;3,188
01/10/2026 10:06:51;-1,9995;3,1877
01/10/2026 10:06:52;-1,9986;3,1887
01/10/2026 10:06:53;-1,9966;3,1856
01/10/2026 10:06:54;-1,9997;3,1842
01/10/2026 10:06:55;-2,0002;3,1831
01/10/2026 10:06:56;-1,997;3,1858
01/10/2026 10:06:57;-1,9981;3,1852
01/10/2026 10:06:58;-2,0006;3,1819
01/10/2026 10:06:59;-2,0;3,1815
01/10/2026 10:07:00;-1,9996;3,1812
01/10/2026 10:07:01;-1,9993;3,1822
01/10/2026 10:07:02;-2,0027;3,1791
01/10/2026 10:07:03;-2,0031;3,1778
01/10/2026 10:07:04;-2,0018;3,1813
01/10/2026 10:07:05;-2,0019;3,1789
01/10/2026 10:07:06;-2,0013;3,1784
01/10/2026 10:07:07;-1,9987;3,1772
01/10/2026 10:07:08;-2,0003;3,1773
01/10/2026 10:07:09;-1,9996;3,1747
01/10/2026 10:07:10;-2,0024;3,1748
01/10/2026 10:07:11;-2,0009;3,1751
01/10/2026 10:07:12;-1,9988;3,1722
01/10/2026 10:07:13;-1,9988;3,1736
01/10/2026 10:07:14;-2,0014;3,1729
01/10/2026 10:07:15;-1,9997;3,1724
01/10/2026 10:07:16;-1,9956;3,1716
01/10/2026 10:07:17;-2,0;3,1706
01/10/2026 10:07:18;-2,0014;3,1692
01/10/2026 10:07:19;-2,0003;3,1706
01/10/2026 10:07:20;-1,9998;3,1696
01/10/2026 10:07:21;-2,0003;3,1679
01/10/2026 10:07:22;-2,0001;3,1688
01/10/2026 10:07:23;-2,0029;3,1679
01/10/2026 10:07:24;-2,0019;3,1672
01/10/2026 10:07:25;-2,0003;3,1649
01/10/2026 10:07:26;-2,0003;3,1672
01/10/2026 10:07:27;-2,0011;3,1647
01/10/2026 10:07:28;-2,0004;3,1655
01/10/2026 10:07:29;-1,9999;3,164
01/10/2026 10:07:30;-1,9982;3,1639
01/10/2026 10:07:31;-2,0002;3,1649
01/10/2026 10:07:32;-1,9992;3,1637
01/10/2026 10:07:33;-2,0011;3,1638
01/10/2026 10:07:34;-1,9989;3,1624
01/10/2026 10:07:35;-1,9992;3,162
01/10/2026 10:07:36;-1,9983;3,1593
01/10/2026 10:07:37;-1,9986;3,1602
01/10/2026 10:07:38;-1,9988;3,1597
01/10/2026 10:07:39;-2,0002;3,1607
01/10/2026 10:07:40;-1,9995;3,1584
01/10/2026 10:07:41;-1,9979;3,1586
01/10/2026 10:07:42;-2,0013;3,1581
01/10/2026 10:07:43;-2,0013;3,1585
01/10/2026 10:07:44;-1,9996;3,1567
01/10/2026 10:07:45;-1,9992;3,1571
01/10/2026 10:07:46;-2,0016;3,1541
01/10/2026 10:07:47;-2,0001;3,1536
01/10/2026 10:07:48;-2,0002;3,1524
01/10/2026 10:07:49;-2,0044;3,155
01/10/2026 10:07:50;-2,0004;3,1544
01/10/2026 10:07:51;-2,0003;3,1541
01/10/2026 10:07:52;-2,0003;3,152
01/10/2026 10:07:53;-1,9972;3,1516
01/10/2026 10:07:54;-2,0024;3,1515
01/10/2026 10:07:55;-2,0016;3,1526
01/10/2026 10:07:56;-2,0052;3,1523
01/10/2026 10:07:57;-2,001;3,1509
01/10/2026 10:07:58;-2,0008;3,15
01/10/2026 10:07:59;-2,001;3,1505
01/10/2026 10:08:00;-1,9978;3,1484
01/10/2026 10:08:01;-1,9983;3,1478
01/10/2026 10:08:02;-1,9998;3,1475
01/10/2026 10:08:03;-2,0007;3,1462
01/10/2026 10:08:04;-1,9979;3,1465
01/10/2026 10:08:05;-2,0;3,1451
01/10/2026 10:08:06;-2,0016;3,1467
01/10/2026 10:08:07;-2,0034;3,1458
01/10/2026 10:08:08;-2,0009;3,1462
01/10/2026 10:08:09;-1,9985;3,1426
01/10/2026 10:08:10;-1,9954;3,1457
01/10/2026 10:08:11;-1,9999;3,1417
01/10/2026 10:08:12;-2,0015;3,1416
01/10/2026 10:08:13;-2,0024;3,1417
01/10/2026 10:08:14;-1,9989;3,1432
01/10/2026 10:08:15;-2,0035;3,1416
01/10/2026 10:08:16;-1,9989;3,1407
01/10/2026 10:08:17;-1,9984;3,1397
01/10/2026 10:08:18;-1,9991;3,1386
01/10/2026 10:08:19;-2,0004;3,1407
01/10/2026 10:08:20;-1,9989;3,1399
01/10/2026 10:08:21;-1,9997;3,14
01/10/2026 10:08:22;-2,0016;3,1385
01/10/2026 10:08:23;-1,9963;3,135
01/10/2026 10:08:24;-2,0007;3,136
01/10/2026 10:08:25;-1,9984;3,1372
01/10/2026 10:08:26;-2,0048;3,1359
01/10/2026 10:08:27;-1,9974;3,1353
01/10/2026 10:08:28;-1,9971;3,1343
01/10/2026 10:08:29;-1,9999;3,1359
01/10/2026 10:08:30;-1,9989;3,135
01/10/2026 10:08:31;-1,9989;3,1346
01/10/2026 10:08:32;-2,0013;3,133
01/10/2026 10:08:33;-1,9989;3,1334
01/10/2026 10:08:34;-2,0016;3,1314
01/10/2026 10:08:35;-2,0012;3,1322
01/10/2026 10:08:36;-1,9977;3,1293
01/10/2026 10:08:37;-1,9981;3,1298
01/10/2026 10:08:38;-2,0014;3,1307
01/10/2026 10:08:39;-2,0015;3,1329
01/10/2026 10:08:40;-2,0013;3,1283
01/10/2026 10:08:41;-1,9985;3,1284
01/10/2026 10:08:42;-2,002;3,1295
01/10/2026 10:08:43;-1,9993;3,1306
01/10/2026 10:08:44;-1,9985;3,1286
01/10/2026 10:08:45;-2,0002;3,1287
01/10/2026 10:08:46;-1,998;3,1272
01/10/2026 10:08:47;-2,0006;3,1266
01/10/2026 10:08:48;-2,0004;3,1268
01/10/2026 10:08:49;-2,002;3,1256
01/10/2026 10:08:50;-1,998;3,1266
01/10/2026 10:08:51;-2,0015;3,1238
01/10/2026 10:08:52;-1,9993;3,1259
01/10/2026 10:08:53;-2,0001;3,1246
01/10/2026 10:08:54;-2,0021;3,124
01/10/2026 10:08:55;-2,0012;3,1221
01/10/2026 10:08:56;-1,9972;3,1224
01/10/2026 10:08:57;-1,9996;3,1241
01/10/2026 10:08:58;-2,002;3,1223
01/10/2026 10:08:59;-1,9994;3,1224
01/10/2026 10:09:00;-2,0003;3,1208
01/10/2026 10:09:01;-1,9931;3,1213
01/10/2026 10:09:02;-1,9994;3,1195
01/10/2026 10:09:03;-2,0008;3,1206
01/10/2026 10:09:04;-1,9972;3,1205
01/10/2026 10:09:05;-2,0037;3,12
01/10/2026 10:09:06;-1,9998;3,1184
01/10/2026 10:09:07;-1,996;3,1186
01/10/2026 10:09:08;-2,0002;3,119
01/10/2026 10:09:09;-2,0035;3,1179
01/10/2026 10:09:10;-2,0008;3,1174
01/10/2026 10:09:11;-1,9971;3,1192
01/10/2026 10:09:12;-1,9992;3,116
01/10/2026 10:09:13;-2,0017;3,1176
01/10/2026 10:09:14;-2,0014;3,115
01/10/2026 10:09:15;-2,0011;3,1164
01/10/2026 10:09:16;-1,9993;3,1161
01/10/2026 10:09:17;-1,9973;3,1145
01/10/2026 10:09:18;-1,9979;3,1134
01/10/2026 10:09:19;-1,9991;3,1123
01/10/2026 10:09:20;-2,0027;3,1132
01/10/2026 10:09:21;-2,0027;3,114
01/10/2026 10:09:22;-1,9989;3,112
01/10/2026 10:09:23;-2,0027;3,1128
01/10/2026 10:09:24;-2,0005;3,1109
01/10/2026 10:09:25;-1,9994;3,1117
01/10/2026 10:09:26;-2,0023;3,1105
01/10/2026 10:09:27;-2,002;3,1112
01/10/2026 10:09:28;-2,0002;3,1104
01/10/2026 10:09:29;-1,999;3,1093
01/10/2026 10:09:30;-1,9979;3,1095
01/10/2026 10:09:31;-1,9988;3,1088
01/10/2026 10:09:32;-1,9999;3,1081
01/10/2026 10:09:33;-2,0015;3,1101
01/10/2026 10:09:34;-2,0021;3,1083
01/10/2026 10:09:35;-2,001;3,1061
01/10/2026 10:09:36;-1,9992;3,1073
01/10/2026 10:09:37;-1,9993;3,1085
01/10/2026 10:09:38;-2,0042;3,1065
01/10/2026 10:09:39;-2,0016;3,1084
01/10/2026 10:09:40;-1,9976;3,1057
01/10/2026 10:09:41;-1,9998;3,1067
01/10/2026 10:09:42;-2,0028;3,1068
01/10/2026 10:09:43;-1,9953;3,1059
01/10/2026 10:09:44;-2,0001;3,1037
01/10/2026 10:09:45;-1,9992;3,1038
01/10/2026 10:09:46;-1,9992;3,1056
01/10/2026 10:09:47;-2,0007;3,1033
01/10/2026 10:09:48;-2,0015;3,1047
01/10/2026 10:09:49;-1,9958;3,1029
01/10/2026 10:09:50;-1,998;3,1032
01/10/2026 10:09:51;-1,9984;3,1013
01/10/2026 10:09:52;-1,9988;3,1017
01/10/2026 10:09:53;-2,002;3,1011
01/10/2026 10:09:54;-1,9974;3,1019
01/10/2026 10:09:55;-2,0017;3,1014
01/10/2026 10:09:56;-1,9994;3,1015
01/10/2026 10:09:57;-2,0033;3,1002
01/10/2026 10:09:58;-2,0041;3,0994
01/10/2026 10:09:59;-1,9994;3,1002
01/10/2026 10:10:00;-2,0016;3,0986
01/10/2026 10:10:01;-2,004;3,1004
01/10/2026 10:10:02;-1,9989;3,0989
01/10/2026 10:10:03;-1,9958;3,0983
01/10/2026 10:10:04;-1,9972;3,0988
01/10/2026 10:10:05;-2,0005;3,0979
01/10/2026 10:10:06;-2,0;3,096
01/10/2026 10:10:07;-1,9982;3,0963
01/10/2026 10:10:08;-1,9978;3,0981
01/10/2026 10:10:09;-2,0007;3,0968
01/10/2026 10:10:10;-1,9999;3,0947
01/10/2026 10:10:11;-1,9994;3,0964
01/10/2026 10:10:12;-1,9989;3,0952
01/10/2026 10:10:13;-2,0003;3,0945
01/10/2026 10:10:14;-2,0002;3,094
01/10/2026 10:10:15;-1,9972;3,0958
01/10/2026 10:10:16;-1,9976;3,0925
01/10/2026 10:10:17;-1,999;3,0933
01/10/2026 10:10:18;-1,9966;3,094
01/10/2026 10:10:19;-2,0008;3,0951
01/10/2026 10:10:20;-1,9968;3,0938
01/10/2026 10:10:21;-1,9989;3,0921
01/10/2026 10:10:22;-1,9935;3,0941
01/10/2026 10:10:23;-2,0024;3,0909
01/10/2026 10:10:24;-2,0014;3,0923
01/10/2026 10:10:25;-1,9992;3,0922
01/10/2026 10:10:26;-1,9992;3,0905
01/10/2026 10:10:27;-1,9961;3,0918
01/10/2026 10:10:28;-2,0013;3,0903
01/10/2026 10:10:29;-1,9982;3,0912
01/10/2026 10:10:30;-1,9977;3,0883
01/10/2026 10:10:31;-1,9986;3,0902
01/10/2026 10:10:32;-2,0019;3,0892
01/10/2026 10:10:33;-1,9972;3,0904
01/10/2026 10:10:34;-1,9975;3,0889
01/10/2026 10:10:35;-1,9988;3,0899
01/10/2026 10:10:36;-1,9996;3,0889
01/10/2026 10:10:37;-1,9995;3,088
01/10/2026 10:10:38;-2,0002;3,0886
01/10/2026 10:10:39;-1,9987;3,0883
01/10/2026 10:10:40;-1,9999;3,0877
01/10/2026 10:10:41;-2,0017;3,0846
01/10/2026 10:10:42;-2,0021;3,0856
01/10/2026 10:10:43;-2,0015;3,0877
01/10/2026 10:10:44;-1,9996;3,0848
01/10/2026 10:10:45;-2,0001;3,0867
01/10/2026 10:10:46;-1,9996;3,0862
01/10/2026 10:10:47;-1,999;3,0845
01/10/2026 10:10:48;-2,0013;3,0829
01/10/2026 10:10:49;-1,9971;3,0841
01/10/2026 10:10:50;-2,0005;3,0864
01/10/2026 10:10:51;-2,0009;3,0832
01/10/2026 10:10:52;-1,999;3,083
01/10/2026 10:10:53;-2,0037;3,0825
01/10/2026 10:10:54;-2,0016;3,0844
01/10/2026 10:10:55;-1,998;3,0827
01/10/2026 10:10:56;-2,0035;3,0821
01/10/2026 10:10:57;-1,9978;3,0838
01/10/2026 10:10:58;-1,997;3,0827
01/10/2026 10:10:59;-2,0007;3,0809
01/10/2026 10:11:00;-1,9994;3,0804
01/10/2026 10:11:01;-1,9978;3,0825
01/10/2026 10:11:02;-2,0009;3,0811
01/10/2026 10:11:03;-1,9983;3,0792
01/10/2026 10:11:04;-2,0013;3,0787
01/10/2026 10:11:05;-2,001;3,0791
01/10/2026 10:11:06;-2,0016;3,0787
01/10/2026 10:11:07;-1,9993;3,0777
01/10/2026 10:11:08;-1,9977;3,0783
01/10/2026 10:11:09;-2,0004;3,0783
01/10/2026 10:11:10;-2,0025;3,0784
01/10/2026 10:11:11;-2,0022;3,0803
01/10/2026 10:11:12;-1,9992;3,0781
01/10/2026 10:11:13;-1,9963;3,078
01/10/2026 10:11:14;-1,9992;3,0784
01/10/2026 10:11:15;-2,0008;3,0774
01/10/2026 10:11:16;-1,9985;3,0777
01/10/2026 10:11:17;-2,0005;3,0774
01/10/2026 10:11:18;-2,0008;3,077
01/10/2026 10:11:19;-2,0019;3,0793
01/10/2026 10:11:20;-1,9972;3,0772
01/10/2026 10:11:21;-2,0051;3,075
01/10/2026 10:11:22;-1,9984;3,0762
01/10/2026 10:11:23;-2,0009;3,0748
01/10/2026 10:11:24;-2,0008;3,0758
01/10/2026 10:11:25;-1,9966;3,0737
01/10/2026 10:11:26;-2,0014;3,0737
01/10/2026 10:11:27;-2,0014;3,0749
01/10/2026 10:11:28;-2,0003;3,0753
01/10/2026 10:11:29;-1,9992;3,0746
01/10/2026 10:11:30;-2,0009;3,0747
01/10/2026 10:11:31;-2,0031;3,074
01/10/2026 10:11:32;-2,0017;3,0735
01/10/2026 10:11:33;-1,9974;3,0726
01/10/2026 10:11:34;-1,9999;3,0737
01/10/2026 10:11:35;-1,9991;3,0736
01/10/2026 10:11:36;-2,0005;3,0723
01/10/2026 10:11:37;-2,0013;3,072
01/10/2026 10:11:38;-1,9966;3,0735
01/10/2026 10:11:39;-2,0004;3,0716
01/10/2026 10:11:40;-2,0009;3,0715
01/10/2026 10:11:41;-1,9978;3,0716
01/10/2026 10:11:42;-2,0014;3,0708
01/10/2026 10:11:43;-2,0012;3,0699
01/10/2026 10:11:44;-2,0;3,0708
01/10/2026 10:11:45;-2,0;3,0702
01/10/2026 10:11:46;-1,9995;3,0718
01/10/2026 10:11:47;-1,9958;3,0705
01/10/2026 10:11:48;-1,9993;3,0689
01/10/2026 10:11:49;-2,0048;3,07
01/10/2026 10:11:50;-1,9993;3,0694
01/10/2026 10:11:51;-1,9999;3,0701
01/10/2026 10:11:52;-1,9999;3,0681
01/10/2026 10:11:53;-1,9995;3,0686
01/10/2026 10:11:54;-2,0001;3,068
01/10/2026 10:11:55;-2,0001;3,068
01/10/2026 10:11:56;-1,9988;3,0668
01/10/2026 10:11:57;-2,0011;3,068
01/10/2026 10:11:58;-2,0019;3,0677
01/10/2026 10:11:59;-1,994;3,0683
01/10/2026 10:12:00;-2,0014;3,0668
01/10/2026 10:12:01;-1,9998;3,0662
01/10/2026 10:12:02;-2,003;3,0671
01/10/2026 10:12:03;-1,9998;3,0653
01/10/2026 10:12:04;-2,0019;3,067
01/10/2026 10:12:05;-2,0009;3,0668
01/10/2026 10:12:06;-1,9979;3,0667
01/10/2026 10:12:07;-1,9991;3,0656
01/10/2026 10:12:08;-1,9989;3,0646
01/10/2026 10:12:09;-2,0035;3,0649
01/10/2026 10:12:10;-1,9963;3,065
01/10/2026 10:12:11;-2,0024;3,0638
01/10/2026 10:12:12;-1,9969;3,0655
01/10/2026 10:12:13;-1,998;3,0645
01/10/2026 10:12:14;-1,9988;3,0629
01/10/2026 10:12:15;-2,0017;3,0654
01/10/2026 10:12:16;-1,9997;3,0634
01/10/2026 10:12:17;-2,0009;3,062
01/10/2026 10:12:18;-1,9999;3,0621
01/10/2026 10:12:19;-2,0005;3,0642
01/10/2026 10:12:20;-2,0041;3,0643
01/10/2026 10:12:21;-1,9978;3,0633
01/10/2026 10:12:22;-2,0002;3,0634
01/10/2026 10:12:23;-2,001;3,0631
01/10/2026 10:12:24;-2,0011;3,0622
01/10/2026 10:12:25;-1,9993;3,0618
01/10/2026 10:12:26;-2,0018;3,0618
01/10/2026 10:12:27;-2,0045;3,0618
01/10/2026 10:12:28;-1,9992;3,0601
01/10/2026 10:12:29;-1,999;3,0614
01/10/2026 10:12:30;-2,0004;3,0619
01/10/2026 10:12:31;-2,0023;3,06
01/10/2026 10:12:32;-1,9998;3,0597
01/10/2026 10:12:33;-2,0029;3,0603
01/10/2026 10:12:34;-2,0021;3,059
01/10/2026 10:12:35;-2,0015;3,0581
01/10/2026 10:12:36;-1,9983;3,0604
01/10/2026 10:12:37;-2,0007;3,0586
01/10/2026 10:12:38;-2,0009;3,0589
01/10/2026 10:12:39;-1,9961;3,058
01/10/2026 10:12:40;-1,9993;3,0597
01/10/2026 10:12:41;-1,9993;3,0591
01/10/2026 10:12:42;-2,0007;3,0578
01/10/2026 10:12:43;-2,0012;3,0567
01/10/2026 10:12:44;-2,0044;3,0573
01/10/2026 10:12:45;-1,9981;3,0581
01/10/2026 10:12:46;-1,9991;3,0575
01/10/2026 10:12:47;-2,0004;3,0572
01/10/2026 10:12:48;-2,0003;3,0571
01/10/2026 10:12:49;-1,9985;3,0575
01/10/2026 10:12:50;-2,0031;3,0565
01/10/2026 10:12:51;-2,0012;3,0568
01/10/2026 10:12:52;-2,0023;3,0552
01/10/2026 10:12:53;-1,9965;3,0585
01/10/2026 10:12:54;-1,9982;3,0555
01/10/2026 10:12:55;-2,0044;3,0558
01/10/2026 10:12:56;-2,003;3,056
01/10/2026 10:12:57;-2,0003;3,0548
01/10/2026 10:12:58;-2,0009;3,0551
01/10/2026 10:12:59;-2,0026;3,0549
01/10/2026 10:13:00;-1,9961;3,0538
01/10/2026 10:13:01;-1,9994;3,0549
01/10/2026 10:13:02;-1,9991;3,0527
01/10/2026 10:13:03;-2,0014;3,0559
01/10/2026 10:13:04;-1,9986;3,0548
01/10/2026 10:13:05;-2,0008;3,0544
01/10/2026 10:13:06;-2,0006;3,0519
01/10/2026 10:13:07;-1,9988;3,0526
01/10/2026 10:13:08;-2,0033;3,0546
01/10/2026 10:13:09;-1,9968;3,0572
01/10/2026 10:13:10;-1,9996;3,0541
01/10/2026 10:13:11;-1,9974;3,0538
01/10/2026 10:13:12;-2,0022;3,0531
01/10/2026 10:13:13;-2,0018;3,0515
01/10/2026 10:13:14;-2,0023;3,0532
01/10/2026 10:13:15;-1,9995;3,0509
01/10/2026 10:13:16;-1,9999;3,0506
01/10/2026 10:13:17;-2,0009;3,0504
01/10/2026 10:13:18;-2,002;3,0525
01/10/2026 10:13:19;-2,0025;3,0513
01/10/2026 10:13:20;-2,0001;3,0513
01/10/2026 10:13:21;-2,0009;3,051
01/10/2026 10:13:22;-2,0014;3,0497
01/10/2026 10:13:23;-1,9969;3,05
01/10/2026 10:13:24;-2,0002;3,0499
01/10/2026 10:13:25;-1,9975;3,0489
01/10/2026 10:13:26;-2,0011;3,0496
01/10/2026 10:13:27;-1,9995;3,0489
01/10/2026 10:13:28;-2,0001;3,0504
01/10/2026 10:13:29;-2,0034;3,0503
01/10/2026 10:13:30;-1,9971;3,0482
01/10/2026 10:13:31;-2,0003;3,049
01/10/2026 10:13:32;-1,9985;3,051
01/10/2026 10:13:33;-2,0015;3,048
01/10/2026 10:13:34;-2,0003;3,0493
01/10/2026 10:13:35;-2,0017;3,0488
01/10/2026 10:13:36;-1,9975;3,0496
01/10/2026 10:13:37;-1,9994;3,0486
01/10/2026 10:13:38;-1,9993;3,0478
01/10/2026 10:13:39;-1,9973;3,0481
01/10/2026 10:13:40;-1,9977;3,0479
01/10/2026 10:13:41;-1,9985;3,0476
01/10/2026 10:13:42;-2,0028;3,0462
01/10/2026 10:13:43;-2,0014;3,0486
01/10/2026 10:13:44;-2,002;3,0483
01/10/2026 10:13:45;-1,9985;3,046
01/10/2026 10:13:46;-1,9997;3,0466
01/10/2026 10:13:47;-2,0028;3,0465
01/10/2026 10:13:48;-2,0004;3,0454
01/10/2026 10:13:49;-2,003;3,0446
01/10/2026 10:13:50;-2,0001;3,0456
01/10/2026 10:13:51;-2,0033;3,0458
01/10/2026 10:13:52;-1,9989;3,0445
01/10/2026 10:13:53;-1,9992;3,046
01/10/2026 10:13:54;-1,9962;3,0468
01/10/2026 10:13:55;-1,9983;3,0464
01/10/2026 10:13:56;-2,0008;3,0452
01/10/2026 10:13:57;-1,9984;3,0434
01/10/2026 10:13:58;-2,0028;3,0458
01/10/2026 10:13:59;-2,0019;3,0451
01/10/2026 10:14:00;-1,9993;3,0452
01/10/2026 10:14:01;-2,0043;3,0466
01/10/2026 10:14:02;-2,0001;3,0437
01/10/2026 10:14:03;-2,002;3,0415
01/10/2026 10:14:04;-1,9998;3,0431
01/10/2026 10:14:05;-2,0022;3,0445
01/10/2026 10:14:06;-1,9992;3,0439
01/10/2026 10:14:07;-2,0;3,0425
01/10/2026 10:14:08;-1,9972;3,0422
01/10/2026 10:14:09;-2,0;3,0431
01/10/2026 10:14:10;-2,0015;3,0421
01/10/2026 10:14:11;-2,0005;3,0437
01/10/2026 10:14:12;-2,0027;3,0426
01/10/2026 10:14:13;-1,9992;3,0422
01/10/2026 10:14:14;-1,9988;3,042
01/10/2026 10:14:15;-1,9951;3,0429
01/10/2026 10:14:16;-2,0012;3,0425
01/10/2026 10:14:17;-2,0005;3,0425
01/10/2026 10:14:18;-2,0012;3,0423
01/10/2026 10:14:19;-1,9996;3,042
01/10/2026 10:14:20;-1,9992;3,0409
01/10/2026 10:14:21;-2,0001;3,041
01/10/2026 10:14:22;-1,9978;3,0412
01/10/2026 10:14:23;-2,0012;3,0435
01/10/2026 10:14:24;-1,998;3,04
01/10/2026 10:14:25;-1,9989;3,0408
01/10/2026 10:14:26;-2,0;3,0412
01/10/2026 10:14:27;-2,0006;3,0406
01/10/2026 10:14:28;-1,9951;3,0419
01/10/2026 10:14:29;-2,0016;3,0403
01/10/2026 10:14:30;-1,9994;3,0403
01/10/2026 10:14:31;-2,0015;3,0412
01/10/2026 10:14:32;-1,9964;3,0421
01/10/2026 10:14:33;-1,9982;3,0415
01/10/2026 10:14:34;-2,0014;3,0398
01/10/2026 10:14:35;-1,999;3,0398
01/10/2026 10:14:36;-1,9995;3,0398
01/10/2026 10:14:37;-2,001;3,0397
01/10/2026 10:14:38;-1,9985;3,0386
01/10/2026 10:14:39;-1,9992;3,0403
01/10/2026 10:14:40;-1,9996;3,0394
01/10/2026 10:14:41;-2,0001;3,039
01/10/2026 10:14:42;-1,9991;3,0377
01/10/2026 10:14:43;-1,9995;3,0389
01/10/2026 10:14:44;-1,9999;3,0368
01/10/2026 10:14:45;-2,0013;3,038
01/10/2026 10:14:46;-1,9966;3,0378
01/10/2026 10:14:47;-2,0021;3,0386
01/10/2026 10:14:48;-1,9991;3,04
01/10/2026 10:14:49;-2,0006;3,0386
01/10/2026 10:14:50;-1,9965;3,0394
01/10/2026 10:14:51;-2,0018;3,0384
01/10/2026 10:14:52;-2,0015;3,0388
01/10/2026 10:14:53;-2,0019;3,0394
01/10/2026 10:14:54;-1,9994;3,0367
01/10/2026 10:14:55;-2,0027;3,0365
01/10/2026 10:14:56;-2,001;3,0378
01/10/2026 10:14:57;-2,0043;3,037
01/10/2026 10:14:58;-1,9995;3,0371
01/10/2026 10:14:59;-2,001;3,0365
01/10/2026 10:15:00;-0,003;3,0417
01/10/2026 10:15:01;0,0022;3,0494
01/10/2026 10:15:02;-0,0026;3,0521
01/10/2026 10:15:03;0,0016;3,0592
01/10/2026 10:15:04;-0,0014;3,0644
01/10/2026 10:15:05;0,0032;3,0675
01/10/2026 10:15:06;0,0015;3,0735
01/10/2026 10:15:07;-0,002;3,0789
01/10/2026 10:15:08;-0,0018;3,0853
01/10/2026 10:15:09;0,0012;3,0894
01/10/2026 10:15:10;-0,0005;3,0948
01/10/2026 10:15:11;-0,0003;3,0984
01/10/2026 10:15:12;0,0025;3,1072
01/10/2026 10:15:13;-0,0015;3,1099
01/10/2026 10:15:14;0,0002;3,1152
01/10/2026 10:15:15;0,0019;3,119
01/10/2026 10:15:16;0,0016;3,1237
01/10/2026 10:15:17;-0,0003;3,1311
01/10/2026 10:15:18;-0,0006;3,132
01/10/2026 10:15:19;-0,0035;3,1389
01/10/2026 10:15:20;-0,0021;3,142
01/10/2026 10:15:21;0,0006;3,1475
01/10/2026 10:15:22;-0,0003;3,1518
01/10/2026 10:15:23;0,0001;3,156
01/10/2026 10:15:24;0,0021;3,1615
01/10/2026 10:15:25;-0,0024;3,1634
01/10/2026 10:15:26;-0,0005;3,1701
01/10/2026 10:15:27;0,0004;3,1747
01/10/2026 10:15:28;-0,0014;3,1778
01/10/2026 10:15:29;0,0029;3,185
01/10/2026 10:15:30;0,0018;3,1872
01/10/2026 10:15:31;0,0006;3,1918
01/10/2026 10:15:32;0,0036;3,1956
01/10/2026 10:15:33;-0,003;3,2003
01/10/2026 10:15:34;-0,0;3,2059
01/10/2026 10:15:35;0,0007;3,2111
01/10/2026 10:15:36;-0,0018;3,2135
01/10/2026 10:15:37;0,0006;3,2179
01/10/2026 10:15:38;-0,0022;3,2225
01/10/2026 10:15:39;0,0014;3,225
01/10/2026 10:15:40;0,0021;3,2303
01/10/2026 10:15:41;0,0005;3,2334
01/10/2026 10:15:42;-0,0037;3,2367
01/10/2026 10:15:43;-0,0019;3,2407
01/10/2026 10:15:44;0,0011;3,2424
01/10/2026 10:15:45;0,0;3,2483
01/10/2026 10:15:46;-0,0054;3,2502
01/10/2026 10:15:47;0,0025;3,2538
01/10/2026 10:15:48;0,0003;3,2593
01/10/2026 10:15:49;-0,0016;3,2617
01/10/2026 10:15:50;0,002;3,2664
01/10/2026 10:15:51;-0,0014;3,2701
01/10/2026 10:15:52;-0,0014;3,2738
01/10/2026 10:15:53;0,0007;3,2762
01/10/2026 10:15:54;0,0036;3,2815
01/10/2026 10:15:55;0,0032;3,284
01/10/2026 10:15:56;0,0007;3,288
01/10/2026 10:15:57;0,0009;3,2898
01/10/2026 10:15:58;0,0016;3,2942
01/10/2026 10:15:59;-0,0025;3,2988
01/10/2026 10:16:00;0,0013;3,302
01/10/2026 10:16:01;-0,0015;3,3036
01/10/2026 10:16:02;0,0006;3,3071
01/10/2026 10:16:03;-0,0005;3,3099
01/10/2026 10:16:04;0,001;3,3135
01/10/2026 10:16:05;0,0002;3,316
01/10/2026 10:16:06;-0,0061;3,3204
01/10/2026 10:16:07;0,0004;3,3243
01/10/2026 10:16:08;0,0013;3,326
01/10/2026 10:16:09;0,0009;3,3298
01/10/2026 10:16:10;-0,0002;3,3328
01/10/2026 10:16:11;0,0033;3,3371
01/10/2026 10:16:12;0,0006;3,3384
01/10/2026 10:16:13;0,0009;3,3415
01/10/2026 10:16:14;0,0021;3,3442
01/10/2026 10:16:15;0,0007;3,3468
01/10/2026 10:16:16;-0,0018;3,3514
01/10/2026 10:16:17;-0,0049;3,3536
01/10/2026 10:16:18;-0,001;3,3567
01/10/2026 10:16:19;0,0015;3,3608
01/10/2026 10:16:20;-0,0007;3,3637
01/10/2026 10:16:21;0,0016;3,3635
01/10/2026 10:16:22;0,0003;3,3685
01/10/2026 10:16:23;0,0026;3,3709
01/10/2026 10:16:24;-0,0006;3,3729
01/10/2026 10:16:25;0,0009;3,3764
01/10/2026 10:16:26;0,001;3,3771
01/10/2026 10:16:27;0,003;3,3829
01/10/2026 10:16:28;-0,0034;3,3846
01/10/2026 10:16:29;-0,0009;3,3859
01/10/2026 10:16:30;0,0017;3,3887
01/10/2026 10:16:31;0,0031;3,3902
01/10/2026 10:16:32;0,0005;3,3941
01/10/2026 10:16:33;-0,0006;3,3965
01/10/2026 10:16:34;0,0015;3,3982
01/10/2026 10:16:35;0,0017;3,4028
01/10/2026 10:16:36;-0,0007;3,4057
01/10/2026 10:16:37;0,0007;3,4069
01/10/2026 10:16:38;0,0024;3,409
01/10/2026 10:16:39;0,0038;3,4122
01/10/2026 10:16:40;0,0015;3,4141
01/10/2026 10:16:41;0,0001;3,4154
01/10/2026 10:16:42;-0,0001;3,4182
01/10/2026 10:16:43;0,0011;3,4209
01/10/2026 10:16:44;-0,0002;3,4238
01/10/2026 10:16:45;0,0004;3,4258
01/10/2026 10:16:46;-0,0021;3,4283
01/10/2026 10:16:47;0,0026;3,4288
01/10/2026 10:16:48;-0,0023;3,4333
01/10/2026 10:16:49;-0,0009;3,4348
01/10/2026 10:16:50;0,0002;3,4396
01/10/2026 10:16:51;0,004;3,4388
01/10/2026 10:16:52;-0,0008;3,4417
01/10/2026 10:16:53;-0,0013;3,4463
01/10/2026 10:16:54;-0,0011;3,4458
01/10/2026 10:16:55;0,0033;3,4477
01/10/2026 10:16:56;-0,0056;3,4489
01/10/2026 10:16:57;-0,002;3,4534
01/10/2026 10:16:58;0,0055;3,4528
01/10/2026 10:16:59;0,0012;3,4564
01/10/2026 10:17:00;-0,0022;3,4576
01/10/2026 10:17:01;-0,0001;3,4599
01/10/2026 10:17:02;0,0001;3,4606
01/10/2026 10:17:03;0,0017;3,4654
01/10/2026 10:17:04;0,0037;3,4657
01/10/2026 10:17:05;0,0008;3,4667
01/10/2026 10:17:06;-0,0011;3,4711
01/10/2026 10:17:07;0,0016;3,4712
01/10/2026 10:17:08;-0,0014;3,474
01/10/2026 10:17:09;-0,0021;3,4764
01/10/2026 10:17:10;-0,0035;3,4779
01/10/2026 10:17:11;-0,0031;3,477
01/10/2026 10:17:12;-0,0018;3,4818
01/10/2026 10:17:13;-0,0024;3,4828
01/10/2026 10:17:14;0,0006;3,4844
01/10/2026 10:17:15;-0,0024;3,4864
01/10/2026 10:17:16;-0,0063;3,4866
01/10/2026 10:17:17;-0,0021;3,4902
01/10/2026 10:17:18;-0,0009;3,4904
01/10/2026 10:17:19;-0,0012;3,4932
01/10/2026 10:17:20;0,003;3,4953
01/10/2026 10:17:21;-0,0012;3,498
01/10/2026 10:17:22;0,0018;3,4978
01/10/2026 10:17:23;-0,0;3,5017
01/10/2026 10:17:24;-0,0001;3,5028
01/10/2026 10:17:25;-0,0017;3,5031
01/10/2026 10:17:26;-0,0001;3,5041
01/10/2026 10:17:27;-0,0015;3,5053
01/10/2026 10:17:28;0,0003;3,5087
01/10/2026 10:17:29;-0,0005;3,5092
01/10/2026 10:17:30;-0,0019;3,5128
01/10/2026 10:17:31;0,002;3,5124
01/10/2026 10:17:32;0,0009;3,5138
01/10/2026 10:17:33;-0,0009;3,5164
01/10/2026 10:17:34;0,0003;3,5171
01/10/2026 10:17:35;-0,0002;3,5193
01/10/2026 10:17:36;-0,0017;3,5217
01/10/2026 10:17:37;0,0001;3,5224
01/10/2026 10:17:38;-0,0012;3,5238
01/10/2026 10:17:39;-0,0019;3,5254
01/10/2026 10:17:40;-0,0032;3,5249
01/10/2026 10:17:41;-0,0007;3,5285
01/10/2026 10:17:42;0,0011;3,5297
01/10/2026 10:17:43;-0,0014;3,5318
01/10/2026 10:17:44;0,005;3,5329
01/10/2026 10:17:45;0,0018;3,5335
01/10/2026 10:17:46;0,0026;3,5361
01/10/2026 10:17:47;0,0016;3,5362
01/10/2026 10:17:48;0,0037;3,5381
01/10/2026 10:17:49;-0,0016;3,5388
01/10/2026 10:17:50;-0,0051;3,541
01/10/2026 10:17:51;-0,0009;3,5414
01/10/2026 10:17:52;0,0011;3,5448
01/10/2026 10:17:53;0,0003;3,5464
01/10/2026 10:17:54;0,0006;3,5466
01/10/2026 10:17:55;0,0026;3,5485
01/10/2026 10:17:56;0,0008;3,5467
01/10/2026 10:17:57;0,0016;3,5481
01/10/2026 10:17:58;-0,0019;3,5505
01/10/2026 10:17:59;-0,0022;3,5521
01/10/2026 10:18:00;0,0032;3,553
01/10/2026 10:18:01;0,0002;3,5528
01/10/2026 10:18:02;-0,0012;3,5568
01/10/2026 10:18:03;-0,0012;3,559
01/10/2026 10:18:04;-0,0013;3,5593
01/10/2026 10:18:05;-0,0014;3,5603
01/10/2026 10:18:06;-0,0026;3,5606
01/10/2026 10:18:07;-0,003;3,5607
01/10/2026 10:18:08;-0,0004;3,5628
01/10/2026 10:18:09;-0,0012;3,566
01/10/2026 10:18:10;0,0022;3,5646
01/10/2026 10:18:11;0,0006;3,5656
01/10/2026 10:18:12;0,0005;3,5683
01/10/2026 10:18:13;-0,0015;3,5695
01/10/2026 10:18:14;-0,0002;3,5686
01/10/2026 10:18:15;0,0007;3,5702
01/10/2026 10:18:16;0,0014;3,5711
01/10/2026 10:18:17;-0,0002;3,5727
01/10/2026 10:18:18;0,0022;3,5748
01/10/2026 10:18:19;0,0;3,5739
01/10/2026 10:18:20;0,0016;3,5769
01/10/2026 10:18:21;-0,001;3,5769
01/10/2026 10:18:22;-0,0036;3,5802
01/10/2026 10:18:23;0,0005;3,5792
01/10/2026 10:18:24;0,0015;3,5797
01/10/2026 10:18:25;0,0012;3,5814
01/10/2026 10:18:26;0,0008;3,5815
01/10/2026 10:18:27;-0,0007;3,581
01/10/2026 10:18:28;-0,0016;3,5835
01/10/2026 10:18:29;0,0011;3,5845
01/10/2026 10:18:30;0,0009;3,5841
01/10/2026 10:18:31;-0,0011;3,5866
01/10/2026 10:18:32;0,0022;3,5855
01/10/2026 10:18:33;-0,0018;3,5882
01/10/2026 10:18:34;-0,0012;3,5897
01/10/2026 10:18:35;0,0033;3,5905
01/10/2026 10:18:36;0,0017;3,5909
01/10/2026 10:18:37;-0,0007;3,5921
01/10/2026 10:18:38;0,0006;3,5923
01/10/2026 10:18:39;0,0003;3,594
01/10/2026 10:18:40;-0,0055;3,5949
01/10/2026 10:18:41;-0,0018;3,5948
01/10/2026 10:18:42;-0,0001;3,5969
01/10/2026 10:18:43;-0,0007;3,5977
01/10/2026 10:18:44;0,0005;3,5981
01/10/2026 10:18:45;0,0023;3,6016
01/10/2026 10:18:46;-0,0006;3,5998
01/10/2026 10:18:47;-0,0021;3,6005
01/10/2026 10:18:48;0,0006;3,6012
01/10/2026 10:18:49;-0,0007;3,6015
01/10/2026 10:18:50;-0,0003;3,6039
01/10/2026 10:18:51;-0,0006;3,6034
01/10/2026 10:18:52;0,0045;3,6043
01/10/2026 10:18:53;-0,0045;3,6051
01/10/2026 10:18:54;-0,0008;3,6054
01/10/2026 10:18:55;-0,0;3,6054
01/10/2026 10:18:56;-0,0016;3,6075
01/10/2026 10:18:57;0,0018;3,6096
01/10/2026 10:18:58;0,0016;3,6097
01/10/2026 10:18:59;-0,0001;3,6118
01/10/2026 10:19:00;-0,0005;3,6117
01/10/2026 10:19:01;-0,0002;3,6123
01/10/2026 10:19:02;-0,0002;3,6143
01/10/2026 10:19:03;-0,0002;3,6131
01/10/2026 10:19:04;-0,0004;3,614
01/10/2026 10:19:05;0,0005;3,6146
01/10/2026 10:19:06;0,0015;3,6169
01/10/2026 10:19:07;-0,0025;3,616
01/10/2026 10:19:08;-0,0021;3,6161
01/10/2026 10:19:09;-0,0035;3,618
01/10/2026 10:19:10;0,0017;3,6173
01/10/2026 10:19:11;0,0005;3,6193
01/10/2026 10:19:12;0,001;3,6199
01/10/2026 10:19:13;-0,0029;3,6199
01/10/2026 10:19:14;0,0036;3,6214
01/10/2026 10:19:15;-0,0012;3,62
01/10/2026 10:19:16;0,0003;3,6223
01/10/2026 10:19:17;0,0017;3,6223
01/10/2026 10:19:18;-0,002;3,6262
01/10/2026 10:19:19;-0,0011;3,6242
01/10/2026 10:19:20;0,0004;3,6241
01/10/2026 10:19:21;0,0057;3,6239
01/10/2026 10:19:22;0,0006;3,6272
01/10/2026 10:19:23;0,0032;3,6262
01/10/2026 10:19:24;0,0024;3,6263
01/10/2026 10:19:25;0,0007;3,6281
01/10/2026 10:19:26;-0,002;3,629
01/10/2026 10:19:27;0,0021;3,6296
01/10/2026 10:19:28;-0,003;3,6295
01/10/2026 10:19:29;0,0032;3,6303
01/10/2026 10:19:30;0,0004;3,6309
01/10/2026 10:19:31;-0,0053;3,6316
01/10/2026 10:19:32;-0,0007;3,6322
01/10/2026 10:19:33;0,0013;3,6335
01/10/2026 10:19:34;-0,0005;3,633
01/10/2026 10:19:35;0,0014;3,6327
01/10/2026 10:19:36;-0,0017;3,6339
01/10/2026 10:19:37;-0,0026;3,6354
01/10/2026 10:19:38;-0,0001;3,6334
01/10/2026 10:19:39;0,0001;3,6339
01/10/2026 10:19:40;-0,0007;3,6371
01/10/2026 10:19:41;0,0025;3,6383
01/10/2026 10:19:42;-0,0017;3,636
01/10/2026 10:19:43;0,0006;3,6379
01/10/2026 10:19:44;0,0001;3,6379
01/10/2026 10:19:45;-0,0031;3,6386
01/10/2026 10:19:46;-0,0026;3,6396
01/10/2026 10:19:47;0,0;3,6385
01/10/2026 10:19:48;0,004;3,6392
01/10/2026 10:19:49;0,0012;3,6405
01/10/2026 10:19:50;-0,0035;3,6412
01/10/2026 10:19:51;-0,0062;3,6407
01/10/2026 10:19:52;0,0015;3,6431
01/10/2026 10:19:53;-0,0002;3,6424
01/10/2026 10:19:54;0,0023;3,6428
01/10/2026 10:19:55;-0,0018;3,644
01/10/2026 10:19:56;0,0007;3,6441
01/10/2026 10:19:57;0,0017;3,6455
01/10/2026 10:19:58;-0,0009;3,6442
01/10/2026 10:19:59;-0,0009;3,6442
01/10/2026 10:20:00;2,0001;3,6471
01/10/2026 10:20:01;2,0011;3,6493
01/10/2026 10:20:02;2,0;3,6498
01/10/2026 10:20:03;2,0019;3,6515
01/10/2026 10:20:04;1,9991;3,6549
01/10/2026 10:20:05;1,9973;3,6558
01/10/2026 10:20:06;2,004;3,6569
01/10/2026 10:20:07;1,9988;3,6611
01/10/2026 10:20:08;1,9989;3,6613
01/10/2026 10:20:09;1,9999;3,6649
01/10/2026 10:20:10;2,0001;3,6655
01/10/2026 10:20:11;1,9992;3,6676
01/10/2026 10:20:12;2,0;3,6689
01/10/2026 10:20:13;1,9999;3,6682
01/10/2026 10:20:14;2,0003;3,6715
01/10/2026 10:20:15;1,9953;3,6742
01/10/2026 10:20:16;2,0038;3,6765
01/10/2026 10:20:17;1,9997;3,6761
01/10/2026 10:20:18;2,0012;3,6795
01/10/2026 10:20:19;1,9972;3,6802
01/10/2026 10:20:20;1,9991;3,6833
01/10/2026 10:20:21;1,9987;3,6847
01/10/2026 10:20:22;2,0029;3,6872
01/10/2026 10:20:23;1,9988;3,6893
01/10/2026 10:20:24;2,0015;3,6903
01/10/2026 10:20:25;1,9987;3,6924
01/10/2026 10:20:26;1,9991;3,6929
01/10/2026 10:20:27;1,9995;3,6978
01/10/2026 10:20:28;2,0026;3,6954
01/10/2026 10:20:29;1,9962;3,6978
01/10/2026 10:20:30;1,9974;3,7009
01/10/2026 10:20:31;1,9961;3,7024
01/10/2026 10:20:32;1,9978;3,7038
01/10/2026 10:20:33;1,9984;3,7056
01/10/2026 10:20:34;1,9968;3,7045
01/10/2026 10:20:35;1,9985;3,7098
01/10/2026 10:20:36;1,996;3,7097
01/10/2026 10:20:37;1,998;3,7128
01/10/2026 10:20:38;2,0024;3,7111
01/10/2026 10:20:39;2,0008;3,715
01/10/2026 10:20:40;2,0004;3,7158
01/10/2026 10:20:41;1,998;3,7186
01/10/2026 10:20:42;1,9969;3,7199
01/10/2026 10:20:43;1,9977;3,7216
01/10/2026 10:20:44;1,9999;3,7217
01/10/2026 10:20:45;2,0017;3,7243
01/10/2026 10:20:46;2,0018;3,7258
01/10/2026 10:20:47;2,0013;3,728
01/10/2026 10:20:48;1,9985;3,7301
01/10/2026 10:20:49;2,0;3,7308
01/10/2026 10:20:50;1,9994;3,731
01/10/2026 10:20:51;1,9996;3,7339
01/10/2026 10:20:52;2,0041;3,738
01/10/2026 10:20:53;1,9965;3,7385
01/10/2026 10:20:54;1,9995;3,7355
01/10/2026 10:20:55;2,0024;3,74
01/10/2026 10:20:56;1,9971;3,7424
01/10/2026 10:20:57;1,9987;3,7428
01/10/2026 10:20:58;1,9989;3,7441
01/10/2026 10:20:59;1,9996;3,7458
01/10/2026 10:21:00;1,9968;3,7481
01/10/2026 10:21:01;2,0012;3,7479
01/10/2026 10:21:02;2,0013;3,7518
01/10/2026 10:21:03;2,001;3,752
01/10/2026 10:21:04;1,9983;3,7526
01/10/2026 10:21:05;2,0002;3,7562
01/10/2026 10:21:06;1,9982;3,755
01/10/2026 10:21:07;1,9993;3,7575
01/10/2026 10:21:08;2,0043;3,7589
01/10/2026 10:21:09;2,0002;3,7631
01/10/2026 10:21:10;1,9976;3,7617
01/10/2026 10:21:11;2,0004;3,7617
01/10/2026 10:21:12;1,9973;3,7647
01/10/2026 10:21:13;1,9976;3,7672
01/10/2026 10:21:14;1,9979;3,769
01/10/2026 10:21:15;1,9991;3,7719
01/10/2026 10:21:16;2,0019;3,7725
01/10/2026 10:21:17;2,0012;3,7727
01/10/2026 10:21:18;2,001;3,773
01/10/2026 10:21:19;1,9978;3,777
01/10/2026 10:21:20;1,9989;3,7764
01/10/2026 10:21:21;2,0005;3,7775
01/10/2026 10:21:22;1,9987;3,7791
01/10/2026 10:21:23;1,9994;3,7797
01/10/2026 10:21:24;2,0009;3,7819
01/10/2026 10:21:25;1,9993;3,7835
01/10/2026 10:21:26;2,0005;3,7859
01/10/2026 10:21:27;2,0032;3,7861
01/10/2026 10:21:28;1,9997;3,7866
01/10/2026 10:21:29;2,0024;3,7877
01/10/2026 10:21:30;2,0011;3,7908
01/10/2026 10:21:31;1,9971;3,7921
01/10/2026 10:21:32;1,9978;3,7928
01/10/2026 10:21:33;1,9983;3,7942
01/10/2026 10:21:34;1,9983;3,7964
01/10/2026 10:21:35;1,9998;3,7988
01/10/2026 10:21:36;2,0012;3,798
01/10/2026 10:21:37;2,0025;3,8002
01/10/2026 10:21:38;2,0006;3,8024
01/10/2026 10:21:39;1,9991;3,802
01/10/2026 10:21:40;1,9958;3,804
01/10/2026 10:21:41;2,0001;3,8053
01/10/2026 10:21:42;2,0001;3,8054
01/10/2026 10:21:43;2,0004;3,8082
01/10/2026 10:21:44;2,0042;3,8093
01/10/2026 10:21:45;2,0025;3,8111
01/10/2026 10:21:46;2,0016;3,8107
01/10/2026 10:21:47;1,9981;3,8132
01/10/2026 10:21:48;1,999;3,8158
01/10/2026 10:21:49;1,9998;3,8178
01/10/2026 10:21:50;1,9984;3,8183
01/10/2026 10:21:51;2,001;3,8171
01/10/2026 10:21:52;2,0007;3,82
01/10/2026 10:21:53;1,9978;3,8204
01/10/2026 10:21:54;2,0024;3,8224
01/10/2026 10:21:55;2,0002;3,8226
01/10/2026 10:21:56;1,9965;3,8229
01/10/2026 10:21:57;1,9999;3,8255
01/10/2026 10:21:58;2,0006;3,8278
01/10/2026 10:21:59;2,0019;3,8286
01/10/2026 10:22:00;1,9993;3,83
01/10/2026 10:22:01;2,0017;3,831
01/10/2026 10:22:02;2,0004;3,8325
01/10/2026 10:22:03;1,9974;3,8338
01/10/2026 10:22:04;1,9972;3,8342
01/10/2026 10:22:05;2,0022;3,8358
01/10/2026 10:22:06;2,0024;3,8387
01/10/2026 10:22:07;2,0006;3,8383
01/10/2026 10:22:08;2,003;3,8394
01/10/2026 10:22:09;2,0021;3,8406
01/10/2026 10:22:10;2,0014;3,8415
01/10/2026 10:22:11;1,9982;3,8425
01/10/2026 10:22:12;2,0035;3,8443
01/10/2026 10:22:13;2,0011;3,8448
01/10/2026 10:22:14;1,9992;3,8463
01/10/2026 10:22:15;1,9987;3,8469
01/10/2026 10:22:16;2,0005;3,8489
01/10/2026 10:22:17;1,9967;3,8506
01/10/2026 10:22:18;2,0014;3,8509
01/10/2026 10:22:19;1,9981;3,8503
01/10/2026 10:22:20;2,0007;3,8541
01/10/2026 10:22:21;1,999;3,8547
01/10/2026 10:22:22;1,9995;3,8548
01/10/2026 10:22:23;1,9985;3,8577
01/10/2026 10:22:24;1,9997;3,8567
01/10/2026 10:22:25;2,0038;3,8602
01/10/2026 10:22:26;2,0028;3,8603
01/10/2026 10:22:27;2,0007;3,8592
01/10/2026 10:22:28;1,9999;3,8628
01/10/2026 10:22:29;2,0017;3,8633
01/10/2026 10:22:30;2,0023;3,8643
01/10/2026 10:22:31;1,9983;3,8652
01/10/2026 10:22:32;1,9998;3,8669
01/10/2026 10:22:33;1,9964;3,8677
01/10/2026 10:22:34;2,0022;3,8674
01/10/2026 10:22:35;2,0041;3,8716
01/10/2026 10:22:36;2,0002;3,8712
01/10/2026 10:22:37;1,9957;3,8718
01/10/2026 10:22:38;2,0012;3,8725
01/10/2026 10:22:39;1,9982;3,8755
01/10/2026 10:22:40;1,9987;3,8745
01/10/2026 10:22:41;2,0013;3,877
01/10/2026 10:22:42;2,0005;3,8774
01/10/2026 10:22:43;1,999;3,8785
01/10/2026 10:22:44;1,9987;3,879
01/10/2026 10:22:45;2,0003;3,8806
01/10/2026 10:22:46;1,9992;3,8823
01/10/2026 10:22:47;1,9978;3,8835
01/10/2026 10:22:48;1,9993;3,8836
01/10/2026 10:22:49;2,0007;3,8853
01/10/2026 10:22:50;1,9996;3,8873
01/10/2026 10:22:51;1,9972;3,8858
01/10/2026 10:22:52;2,002;3,8885
01/10/2026 10:22:53;1,9945;3,8886
01/10/2026 10:22:54;1,9991;3,8896
01/10/2026 10:22:55;1,9988;3,8919
01/10/2026 10:22:56;2,0003;3,8921
01/10/2026 10:22:57;2,0011;3,8925
01/10/2026 10:22:58;2,0023;3,896
01/10/2026 10:22:59;1,9986;3,8966
01/10/2026 10:23:00;2,0012;3,8948
01/10/2026 10:23:01;2,0004;3,8963
01/10/2026 10:23:02;1,9966;3,8993
01/10/2026 10:23:03;2,0038;3,8995
01/10/2026 10:23:04;1,9971;3,9022
01/10/2026 10:23:05;2,0008;3,9024
01/10/2026 10:23:06;2,0008;3,903
01/10/2026 10:23:07;2,0006;3,9027
01/10/2026 10:23:08;1,999;3,9052
01/10/2026 10:23:09;2,0017;3,9044
01/10/2026 10:23:10;1,9969;3,908
01/10/2026 10:23:11;1,9999;3,9081
01/10/2026 10:23:12;1,9989;3,9078
01/10/2026 10:23:13;1,9986;3,9104
01/10/2026 10:23:14;2,0009;3,9128
01/10/2026 10:23:15;2,0022;3,9113
01/10/2026 10:23:16;1,9993;3,913
01/10/2026 10:23:17;2,0016;3,913
01/10/2026 10:23:18;2,0001;3,9145
01/10/2026 10:23:19;1,9982;3,9138
01/10/2026 10:23:20;1,9995;3,9163
01/10/2026 10:23:21;1,9994;3,9173
01/10/2026 10:23:22;1,9986;3,92
01/10/2026 10:23:23;2,0009;3,9173
01/10/2026 10:23:24;2,0005;3,9198
01/10/2026 10:23:25;1,9968;3,9223
01/10/2026 10:23:26;1,9967;3,9217
01/10/2026 10:23:27;2,0008;3,9227
01/10/2026 10:23:28;1,9984;3,9229
01/10/2026 10:23:29;2,0006;3,9237
01/10/2026 10:23:30;2,0016;3,9238
01/10/2026 10:23:31;1,9975;3,9259
01/10/2026 10:23:32;1,9972;3,9264
01/10/2026 10:23:33;2,0033;3,9284
01/10/2026 10:23:34;2,0007;3,9284
01/10/2026 10:23:35;1,9992;3,9296
01/10/2026 10:23:36;1,9981;3,9306
01/10/2026 10:23:37;1,999;3,9319
01/10/2026 10:23:38;1,9976;3,9323
01/10/2026 10:23:39;2,0018;3,9326
01/10/2026 10:23:40;1,9984;3,9347
01/10/2026 10:23:41;2,0022;3,9365
01/10/2026 10:23:42;1,9992;3,9365
01/10/2026 10:23:43;1,9979;3,9366
01/10/2026 10:23:44;1,9991;3,938
01/10/2026 10:23:45;1,9948;3,9369
01/10/2026 10:23:46;1,9998;3,9397
01/10/2026 10:23:47;1,9997;3,9403
01/10/2026 10:23:48;2,0016;3,9406
01/10/2026 10:23:49;1,9962;3,9417
01/10/2026 10:23:50;2,0023;3,9429
01/10/2026 10:23:51;2,0016;3,9451
01/10/2026 10:23:52;2,0025;3,9461
01/10/2026 10:23:53;1,9999;3,9449
01/10/2026 10:23:54;2,002;3,9462
01/10/2026 10:23:55;1,9971;3,947
01/10/2026 10:23:56;2,0014;3,9492
01/10/2026 10:23:57;1,9985;3,9494
01/10/2026 10:23:58;1,9967;3,9501
01/10/2026 10:23:59;1,9978;3,9514
01/10/2026 10:24:00;2,0;3,9511
01/10/2026 10:24:01;1,9984;3,9539
01/10/2026 10:24:02;2,0008;3,9534
01/10/2026 10:24:03;1,9964;3,9533
01/10/2026 10:24:04;1,9957;3,9548
01/10/2026 10:24:05;2,0027;3,957
01/10/2026 10:24:06;2,0018;3,9562
01/10/2026 10:24:07;1,9979;3,9584
01/10/2026 10:24:08;2,0;3,9576
01/10/2026 10:24:09;2,002;3,9583
01/10/2026 10:24:10;2,0008;3,9605
01/10/2026 10:24:11;2,0003;3,9598
01/10/2026 10:24:12;2,0022;3,9623
01/10/2026 10:24:13;1,9985;3,9626
01/10/2026 10:24:14;2,0001;3,9622
01/10/2026 10:24:15;2,0;3,9637
01/10/2026 10:24:16;1,9995;3,964
01/10/2026 10:24:17;1,9992;3,9657
01/10/2026 10:24:18;2,0001;3,9681
01/10/2026 10:24:19;2,0001;3,9666
01/10/2026 10:24:20;1,9979;3,9683
01/10/2026 10:24:21;2,0016;3,9685
01/10/2026 10:24:22;1,998;3,9693
01/10/2026 10:24:23;1,9996;3,9699
01/10/2026 10:24:24;1,9994;3,9699
01/10/2026 10:24:25;2,0007;3,9719
01/10/2026 10:24:26;1,9958;3,972
01/10/2026 10:24:27;2,0018;3,9722
01/10/2026 10:24:28;1,9986;3,9748
01/10/2026 10:24:29;2,0024;3,9747
01/10/2026 10:24:30;1,999;3,9751
01/10/2026 10:24:31;1,9999;3,9774
01/10/2026 10:24:32;2,0038;3,975
01/10/2026 10:24:33;1,9994;3,9788
01/10/2026 10:24:34;2,0025;3,9774
01/10/2026 10:24:35;2,0001;3,9793
01/10/2026 10:24:36;2,0008;3,9792
01/10/2026 10:24:37;2,0001;3,9796
01/10/2026 10:24:38;2,0017;3,9826
01/10/2026 10:24:39;1,9986;3,9838
01/10/2026 10:24:40;1,998;3,9825
01/10/2026 10:24:41;1,9987;3,9838
01/10/2026 10:24:42;2,0002;3,9842
01/10/2026 10:24:43;1,9996;3,9866
01/10/2026 10:24:44;2,0014;3,9835
01/10/2026 10:24:45;2,0026;3,9867
01/10/2026 10:24:46;1,998;3,9863
01/10/2026 10:24:47;1,9985;3,9854
01/10/2026 10:24:48;1,9971;3,9881
01/10/2026 10:24:49;2,0041;3,991
01/10/2026 10:24:50;2,0006;3,9892
01/10/2026 10:24:51;2,001;3,9913
01/10/2026 10:24:52;1,9973;3,9924
01/10/2026 10:24:53;2,0;3,9919
01/10/2026 10:24:54;2,001;3,9927
01/10/2026 10:24:55;1,9995;3,9916
01/10/2026 10:24:56;2,0022;3,9933
01/10/2026 10:24:57;2,0046;3,9956
01/10/2026 10:24:58;1,9981;3,9954
01/10/2026 10:24:59;1,998;3,9964
01/10/2026 10:25:00;1,9982;3,9968
01/10/2026 10:25:01;2,0032;3,9996
01/10/2026 10:25:02;2,0021;3,9976
01/10/2026 10:25:03;1,9997;4,0003
01/10/2026 10:25:04;2,0001;3,9995
01/10/2026 10:25:05;1,9984;4,0018
01/10/2026 10:25:06;2,0018;3,9995
01/10/2026 10:25:07;1,9992;4,0016
01/10/2026 10:25:08;1,9995;4,0017
01/10/2026 10:25:09;2,0012;4,0029
01/10/2026 10:25:10;1,9996;4,0046
01/10/2026 10:25:11;1,9995;4,0044
01/10/2026 10:25:12;2,0;4,0059
01/10/2026 10:25:13;2,0016;4,0047
01/10/2026 10:25:14;2,0033;4,0052
01/10/2026 10:25:15;2,0012;4,0066
01/10/2026 10:25:16;2,0016;4,0072
01/10/2026 10:25:17;1,9996;4,0077
01/10/2026 10:25:18;1,9986;4,0076
01/10/2026 10:25:19;2,0013;4,0104
01/10/2026 10:25:20;2,0003;4,0095
01/10/2026 10:25:21;1,9972;4,0119
01/10/2026 10:25:22;1,9993;4,0111
01/10/2026 10:25:23;1,9998;4,0124
01/10/2026 10:25:24;1,999;4,0129
01/10/2026 10:25:25;2,003;4,0121
01/10/2026 10:25:26;2,001;4,014
01/10/2026 10:25:27;2,0027;4,0161
01/10/2026 10:25:28;2,0005;4,0151
01/10/2026 10:25:29;2,0002;4,0163
01/10/2026 10:25:30;1,9981;4,0168
01/10/2026 10:25:31;2,0;4,017
01/10/2026 10:25:32;2,0;4,0175
01/10/2026 10:25:33;1,9973;4,0184
01/10/2026 10:25:34;1,9989;4,0193
01/10/2026 10:25:35;1,9994;4,0177
01/10/2026 10:25:36;2,0008;4,0199
01/10/2026 10:25:37;2,0009;4,0201
01/10/2026 10:25:38;1,9988;4,0205
01/10/2026 10:25:39;2,0009;4,0228
01/10/2026 10:25:40;1,9996;4,0214
01/10/2026 10:25:41;1,9943;4,0213
01/10/2026 10:25:42;1,999;4,0241
01/10/2026 10:25:43;2,0022;4,0224
01/10/2026 10:25:44;1,9966;4,0225
01/10/2026 10:25:45;2,0002;4,0259
01/10/2026 10:25:46;2,0032;4,0258
01/10/2026 10:25:47;1,9985;4,0267
01/10/2026 10:25:48;2,0;4,0263
01/10/2026 10:25:49;1,9974;4,026
01/10/2026 10:25:50;2,0033;4,0267
01/10/2026 10:25:51;1,9998;4,0282
01/10/2026 10:25:52;2,0001;4,0278
01/10/2026 10:25:53;2,0027;4,0299
01/10/2026 10:25:54;2,0013;4,0297
01/10/2026 10:25:55;1,9982;4,0309
01/10/2026 10:25:56;1,9987;4,0315
01/10/2026 10:25:57;2,001;4,0323
01/10/2026 10:25:58;1,9988;4,0329
01/10/2026 10:25:59;1,9958;4,0327
01/10/2026 10:26:00;1,9999;4,0337
01/10/2026 10:26:01;1,997;4,0344
01/10/2026 10:26:02;2,0032;4,0322
01/10/2026 10:26:03;2,0004;4,0359
01/10/2026 10:26:04;1,9982;4,0359
01/10/2026 10:26:05;1,9986;4,0369
01/10/2026 10:26:06;1,9962;4,0356
01/10/2026 10:26:07;1,9978;4,0371
01/10/2026 10:26:08;2,002;4,0368
01/10/2026 10:26:09;2,0045;4,0392
01/10/2026 10:26:10;2,0015;4,0376
01/10/2026 10:26:11;1,9998;4,0386
01/10/2026 10:26:12;1,9991;4,0406
01/10/2026 10:26:13;1,9981;4,04
01/10/2026 10:26:14;2,0041;4,0402
01/10/2026 10:26:15;1,9996;4,0426
01/10/2026 10:26:16;2,0042;4,0432
01/10/2026 10:26:17;2,0028;4,0435
01/10/2026 10:26:18;1,9965;4,0441
01/10/2026 10:26:19;1,9987;4,0435
01/10/2026 10:26:20;1,9987;4,0441
01/10/2026 10:26:21;1,9998;4,0442
01/10/2026 10:26:22;1,9999;4,0455
01/10/2026 10:26:23;2,006;4,0453
01/10/2026 10:26:24;1,9978;4,0459
01/10/2026 10:26:25;2,0005;4,0475
01/10/2026 10:26:26;2,0012;4,0486
01/10/2026 10:26:27;2,0;4,0483
01/10/2026 10:26:28;2,0002;4,0502
01/10/2026 10:26:29;1,9979;4,0482
01/10/2026 10:26:30;2,0002;4,0476
01/10/2026 10:26:31;2,001;4,0506
01/10/2026 10:26:32;2,0007;4,0496
01/10/2026 10:26:33;2,0011;4,0506
01/10/2026 10:26:34;2,0028;4,0496
01/10/2026 10:26:35;2,0019;4,051
01/10/2026 10:26:36;2,0001;4,0509
01/10/2026 10:26:37;1,9977;4,0524
01/10/2026 10:26:38;1,9988;4,053
01/10/2026 10:26:39;1,9996;4,0539
01/10/2026 10:26:40;2,0005;4,0556
01/10/2026 10:26:41;1,999;4,0555
01/10/2026 10:26:42;1,9981;4,0537
01/10/2026 10:26:43;1,9976;4,0564
01/10/2026 10:26:44;1,9967;4,0564
01/10/2026 10:26:45;1,9995;4,0566
01/10/2026 10:26:46;1,9971;4,0572
01/10/2026 10:26:47;1,998;4,0579
01/10/2026 10:26:48;1,9992;4,0575
01/10/2026 10:26:49;1,9973;4,0585
01/10/2026 10:26:50;2,0008;4,0603
01/10/2026 10:26:51;2,0015;4,0589
01/10/2026 10:26:52;1,9989;4,059
01/10/2026 10:26:53;1,9991;4,0605
01/10/2026 10:26:54;2,0011;4,0598
01/10/2026 10:26:55;1,9986;4,0597
01/10/2026 10:26:56;1,9984;4,0616
01/10/2026 10:26:57;2,0024;4,0638
01/10/2026 10:26:58;2,0018;4,0628
01/10/2026 10:26:59;2,0012;4,0635
01/10/2026 10:27:00;2,0019;4,0616
01/10/2026 10:27:01;1,996;4,0646
01/10/2026 10:27:02;2,0027;4,0647
01/10/2026 10:27:03;2,0008;4,0644
01/10/2026 10:27:04;2,002;4,0657
01/10/2026 10:27:05;2,0008;4,0662
01/10/2026 10:27:06;2,0001;4,0654
01/10/2026 10:27:07;1,9994;4,0672
01/10/2026 10:27:08;2,0007;4,0685
01/10/2026 10:27:09;1,9994;4,0675
01/10/2026 10:27:10;2,0017;4,0673
01/10/2026 10:27:11;1,9968;4,0685
01/10/2026 10:27:12;1,9989;4,0699
01/10/2026 10:27:13;2,0041;4,0683
01/10/2026 10:27:14;1,9987;4,0705
01/10/2026 10:27:15;1,9995;4,0697
01/10/2026 10:27:16;1,9982;4,0711
01/10/2026 10:27:17;2,0007;4,0707
01/10/2026 10:27:18;1,9985;4,0711
01/10/2026 10:27:19;1,9996;4,0736
01/10/2026 10:27:20;2,0017;4,0711
01/10/2026 10:27:21;1,9986;4,0734
01/10/2026 10:27:22;2,0016;4,0751
01/10/2026 10:27:23;2,0016;4,0745
01/10/2026 10:27:24;2,0021;4,0729
01/10/2026 10:27:25;2,0003;4,0733
01/10/2026 10:27:26;2,0065;4,0743
01/10/2026 10:27:27;2,0021;4,0756
01/10/2026 10:27:28;2,0006;4,0761
01/10/2026 10:27:29;1,9982;4,075
01/10/2026 10:27:30;1,9998;4,0758
01/10/2026 10:27:31;2,0029;4,0763
01/10/2026 10:27:32;2,0034;4,0773
01/10/2026 10:27:33;2,003;4,0799
01/10/2026 10:27:34;2,0016;4,0774
01/10/2026 10:27:35;1,9975;4,0778
01/10/2026 10:27:36;2,001;4,078
01/10/2026 10:27:37;1,9975;4,0802
01/10/2026 10:27:38;1,997;4,0799
01/10/2026 10:27:39;2,0005;4,0794
01/10/2026 10:27:40;2,001;4,0804
01/10/2026 10:27:41;2,0018;4,0803
01/10/2026 10:27:42;2,001;4,0818
01/10/2026 10:27:43;2,0011;4,0846
01/10/2026 10:27:44;1,998;4,0829
01/10/2026 10:27:45;1,9998;4,0826
01/10/2026 10:27:46;1,997;4,0824
01/10/2026 10:27:47;1,996;4,0821
01/10/2026 10:27:48;2,0015;4,0846
01/10/2026 10:27:49;1,9985;4,0849
01/10/2026 10:27:50;2,0017;4,0842
01/10/2026 10:27:51;2,0022;4,0862
01/10/2026 10:27:52;1,9988;4,0854
01/10/2026 10:27:53;2,0012;4,0866
01/10/2026 10:27:54;1,9987;4,0865
01/10/2026 10:27:55;1,9963;4,0864
01/10/2026 10:27:56;2,0002;4,086
01/10/2026 10:27:57;1,9991;4,0872
01/10/2026 10:27:58;1,9991;4,0885
01/10/2026 10:27:59;2,004;4,0876
01/10/2026 10:28:00;1,9969;4,0889
01/10/2026 10:28:01;2,0008;4,0877
01/10/2026 10:28:02;1,998;4,09
01/10/2026 10:28:03;2,0018;4,0899
01/10/2026 10:28:04;2,0006;4,0887
01/10/2026 10:28:05;2,0008;4,0901
01/10/2026 10:28:06;1,9981;4,0916
01/10/2026 10:28:07;1,9985;4,0897
01/10/2026 10:28:08;2,0019;4,0903
01/10/2026 10:28:09;2,0035;4,0917
01/10/2026 10:28:10;2,001;4,0942
01/10/2026 10:28:11;1,9982;4,0918
01/10/2026 10:28:12;2,0007;4,0933
01/10/2026 10:28:13;2,0049;4,0934
01/10/2026 10:28:14;2,0002;4,0929
01/10/2026 10:28:15;2,0029;4,094
01/10/2026 10:28:16;1,9985;4,0938
01/10/2026 10:28:17;1,9999;4,0942
01/10/2026 10:28:18;2,0012;4,0933
01/10/2026 10:28:19;2,0008;4,0953
01/10/2026 10:28:20;1,9985;4,0965
01/10/2026 10:28:21;1,9984;4,096
01/10/2026 10:28:22;2,002;4,0974
01/10/2026 10:28:23;2,0024;4,0972
01/10/2026 10:28:24;2,003;4,097
01/10/2026 10:28:25;2,0036;4,0967
01/10/2026 10:28:26;2,0003;4,0972
01/10/2026 10:28:27;1,9994;4,0966
01/10/2026 10:28:28;2,0027;4,0981
01/10/2026 10:28:29;2,0014;4,0989
01/10/2026 10:28:30;1,998;4,1008
01/10/2026 10:28:31;1,9979;4,0999
01/10/2026 10:28:32;2,001;4,0989
01/10/2026 10:28:33;1,9996;4,0986
01/10/2026 10:28:34;1,9999;4,1002
01/10/2026 10:28:35;2,0021;4,1015
01/10/2026 10:28:36;2,0015;4,1008
01/10/2026 10:28:37;2,0027;4,1019
01/10/2026 10:28:38;1,9961;4,1015
01/10/2026 10:28:39;2,0005;4,1028
01/10/2026 10:28:40;2,0014;4,1008
01/10/2026 10:28:41;1,9969;4,1043
01/10/2026 10:28:42;1,9987;4,1019
01/10/2026 10:28:43;1,9983;4,1041
01/10/2026 10:28:44;2,0;4,1034
01/10/2026 10:28:45;2,0033;4,1039
01/10/2026 10:28:46;2,004;4,1041
01/10/2026 10:28:47;1,9984;4,1049
01/10/2026 10:28:48;2,0011;4,1054
01/10/2026 10:28:49;2,0011;4,1063
01/10/2026 10:28:50;2,0008;4,107
01/10/2026 10:28:51;2,0008;4,1062
01/10/2026 10:28:52;2,0006;4,1079
01/10/2026 10:28:53;2,0034;4,1066
01/10/2026 10:28:54;2,0022;4,1079
01/10/2026 10:28:55;1,9979;4,1076
01/10/2026 10:28:56;2,0016;4,1069
01/10/2026 10:28:57;2,0018;4,1079
01/10/2026 10:28:58;2,0006;4,1085
01/10/2026 10:28:59;2,0023;4,1083
01/10/2026 10:29:00;2,0004;4,1091
01/10/2026 10:29:01;2,0004;4,1098
01/10/2026 10:29:02;2,0002;4,1092
01/10/2026 10:29:03;1,996;4,1066
01/10/2026 10:29:04;1,9998;4,1115
01/10/2026 10:29:05;1,9987;4,1099
01/10/2026 10:29:06;1,9976;4,1096
01/10/2026 10:29:07;2,0029;4,1096
01/10/2026 10:29:08;2,001;4,1107
01/10/2026 10:29:09;1,9999;4,1108
01/10/2026 10:29:10;1,9989;4,1109
01/10/2026 10:29:11;2,0006;4,1113
01/10/2026 10:29:12;2,002;4,1128
01/10/2026 10:29:13;1,9983;4,1146
01/10/2026 10:29:14;2,0;4,1136
01/10/2026 10:29:15;2,0017;4,1142
01/10/2026 10:29:16;1,9961;4,113
01/10/2026 10:29:17;1,9999;4,1138
01/10/2026 10:29:18;1,9991;4,1144
01/10/2026 10:29:19;1,9997;4,1136
01/10/2026 10:29:20;1,999;4,1141
01/10/2026 10:29:21;2,0003;4,1157
01/10/2026 10:29:22;2,0038;4,1162
01/10/2026 10:29:23;1,9994;4,1155
01/10/2026 10:29:24;2,0006;4,1145
01/10/2026 10:29:25;2,004;4,1157
01/10/2026 10:29:26;1,9989;4,1148
01/10/2026 10:29:27;2,0036;4,1166
01/10/2026 10:29:28;2,0;4,1171
01/10/2026 10:29:29;2,0036;4,1168
01/10/2026 10:29:30;2,0015;4,1176
01/10/2026 10:29:31;2,0006;4,118
01/10/2026 10:29:32;1,9999;4,1182
01/10/2026 10:29:33;1,9988;4,117
01/10/2026 10:29:34;2,0002;4,1182
01/10/2026 10:29:35;2,0018;4,1191
01/10/2026 10:29:36;2,0;4,1206
01/10/2026 10:29:37;1,9994;4,119
01/10/2026 10:29:38;1,9995;4,1201
01/10/2026 10:29:39;2,002;4,1207
01/10/2026 10:29:40;2,0025;4,1199
01/10/2026 10:29:41;1,9987;4,1215
01/10/2026 10:29:42;1,9987;4,1218
01/10/2026 10:29:43;2,0008;4,1222
01/10/2026 10:29:44;2,0031;4,1216
01/10/2026 10:29:45;2,0023;4,1237
01/10/2026 10:29:46;1,9975;4,121
01/10/2026 10:29:47;1,9995;4,124
01/10/2026 10:29:48;1,9981;4,1229
01/10/2026 10:29:49;1,9995;4,1238
01/10/2026 10:29:50;2,0032;4,1224
01/10/2026 10:29:51;1,9972;4,1238
01/10/2026 10:29:52;1,9968;4,1246
01/10/2026 10:29:53;1,9983;4,1224
01/10/2026 10:29:54;2,0006;4,1235
01/10/2026 10:29:55;2,0012;4,1218
01/10/2026 10:29:56;2,0009;4,124
01/10/2026 10:29:57;2,0024;4,1236
01/10/2026 10:29:58;1,9965;4,1245
01/10/2026 10:29:59;2,0024;4,1279
01/10/2026 10:30:00;1,9994;4,1269
01/10/2026 10:30:01;2,0015;4,124
01/10/2026 10:30:02;1,9974;4,1263
01/10/2026 10:30:03;2,0;4,1268
01/10/2026 10:30:04;2,0005;4,1259
01/10/2026 10:30:05;2,0023;4,1266
01/10/2026 10:30:06;1,9968;4,127
01/10/2026 10:30:07;2,0001;4,1256
01/10/2026 10:30:08;1,9978;4,1262
01/10/2026 10:30:09;2,001;4,1276
01/10/2026 10:30:10;2,0016;4,1278
01/10/2026 10:30:11;2,0026;4,1272
01/10/2026 10:30:12;1,9989;4,1274
01/10/2026 10:30:13;2,0019;4,1283
01/10/2026 10:30:14;2,0027;4,1295
01/10/2026 10:30:15;1,9967;4,1288
01/10/2026 10:30:16;2,0012;4,1307
01/10/2026 10:30:17;2,0019;4,1286
01/10/2026 10:30:18;1,9995;4,1298
01/10/2026 10:30:19;1,9976;4,1294
01/10/2026 10:30:20;2,0019;4,1306
01/10/2026 10:30:21;1,9976;4,1295
01/10/2026 10:30:22;1,9996;4,1324
01/10/2026 10:30:23;1,9999;4,129
01/10/2026 10:30:24;2,0014;4,1327
01/10/2026 10:30:25;1,9987;4,1313
01/10/2026 10:30:26;1,9986;4,132
01/10/2026 10:30:27;2,0002;4,133
01/10/2026 10:30:28;2,002;4,1327
01/10/2026 10:30:29;2,0046;4,1314
01/10/2026 10:30:30;1,997;4,1329
01/10/2026 10:30:31;2,0006;4,1344
01/10/2026 10:30:32;1,9978;4,1319
01/10/2026 10:30:33;2,002;4,1351
01/10/2026 10:30:34;1,9981;4,1336
01/10/2026 10:30:35;1,9987;4,133
01/10/2026 10:30:36;1,9988;4,1328
01/10/2026 10:30:37;1,9998;4,1337
01/10/2026 10:30:38;2,0006;4,1322
01/10/2026 10:30:39;2,001;4,1339
01/10/2026 10:30:40;2,0;4,1343
01/10/2026 10:30:41;1,9973;4,1337
01/10/2026 10:30:42;2,0015;4,1357
01/10/2026 10:30:43;1,9999;4,135
01/10/2026 10:30:44;2,0023;4,1348
01/10/2026 10:30:45;1,9986;4,1353
01/10/2026 10:30:46;1,9968;4,1362
01/10/2026 10:30:47;1,9999;4,1361
01/10/2026 10:30:48;2,0026;4,1356
01/10/2026 10:30:49;2,0003;4,1366
01/10/2026 10:30:50;1,9996;4,1366
01/10/2026 10:30:51;1,9983;4,1358
01/10/2026 10:30:52;2,0035;4,1368
01/10/2026 10:30:53;1,9979;4,1379
01/10/2026 10:30:54;1,9985;4,1381
01/10/2026 10:30:55;2,0011;4,1375
01/10/2026 10:30:56;1,9963;4,1386
01/10/2026 10:30:57;2,0025;4,1372
01/10/2026 10:30:58;2,0012;4,1374
01/10/2026 10:30:59;2,0018;4,1383
01/10/2026 10:31:00;2,0011;4,1403
01/10/2026 10:31:01;1,9997;4,1391
01/10/2026 10:31:02;1,9979;4,1389
01/10/2026 10:31:03;1,9997;4,1409
01/10/2026 10:31:04;1,998;4,1393
01/10/2026 10:31:05;2,001;4,142
01/10/2026 10:31:06;2,0016;4,1395
01/10/2026 10:31:07;2,003;4,1392
01/10/2026 10:31:08;2,0007;4,1402
01/10/2026 10:31:09;2,0018;4,1403
01/10/2026 10:31:10;1,9994;4,14
01/10/2026 10:31:11;1,999;4,1436
01/10/2026 10:31:12;2,0009;4,1415
01/10/2026 10:31:13;1,9992;4,1418
01/10/2026 10:31:14;2,0005;4,1411
01/10/2026 10:31:15;1,9979;4,1412
01/10/2026 10:31:16;1,9982;4,143
01/10/2026 10:31:17;2,0013;4,1405
01/10/2026 10:31:18;2,0018;4,1412
01/10/2026 10:31:19;1,998;4,1423
01/10/2026 10:31:20;2,0013;4,1441
01/10/2026 10:31:21;1,9989;4,1425
01/10/2026 10:31:22;2,0;4,1435
01/10/2026 10:31:23;2,0028;4,1433
01/10/2026 10:31:24;2,0016;4,1448
01/10/2026 10:31:25;2,0016;4,1421
01/10/2026 10:31:26;2,0038;4,1446
01/10/2026 10:31:27;1,9986;4,1438
01/10/2026 10:31:28;1,998;4,1452
01/10/2026 10:31:29;1,9986;4,1436
01/10/2026 10:31:30;1,9995;4,1446
01/10/2026 10:31:31;1,9953;4,1447
01/10/2026 10:31:32;1,9996;4,144
01/10/2026 10:31:33;1,9989;4,1439
01/10/2026 10:31:34;2,0016;4,1448
01/10/2026 10:31:35;2,0007;4,1456
01/10/2026 10:31:36;1,9988;4,1449
01/10/2026 10:31:37;2,0012;4,1455
01/10/2026 10:31:38;2,0014;4,1442
01/10/2026 10:31:39;1,9985;4,1459
01/10/2026 10:31:40;1,999;4,1474
01/10/2026 10:31:41;1,9955;4,1473
01/10/2026 10:31:42;1,9978;4,1467
01/10/2026 10:31:43;1,9985;4,1472
01/10/2026 10:31:44;2,0001;4,1463
01/10/2026 10:31:45;1,9981;4,1489
01/10/2026 10:31:46;1,999;4,1495
01/10/2026 10:31:47;1,9975;4,1478
01/10/2026 10:31:48;2,0003;4,1504
01/10/2026 10:31:49;2,0009;4,1473
01/10/2026 10:31:50;2,0008;4,1469
01/10/2026 10:31:51;2,0;4,1476
01/10/2026 10:31:52;1,9969;4,1483
01/10/2026 10:31:53;1,9988;4,151
01/10/2026 10:31:54;1,9992;4,1486
01/10/2026 10:31:55;1,9992;4,1482
01/10/2026 10:31:56;2,0001;4,1483
01/10/2026 10:31:57;2,0029;4,1505
01/10/2026 10:31:58;2,0016;4,1505
01/10/2026 10:31:59;1,998;4,1492
01/10/2026 10:32:00;2,0014;4,148
01/10/2026 10:32:01;2,0013;4,1489
01/10/2026 10:32:02;1,9984;4,1519
01/10/2026 10:32:03;2,0017;4,1511
01/10/2026 10:32:04;1,9997;4,1506
01/10/2026 10:32:05;1,9972;4,1526
01/10/2026 10:32:06;2,0009;4,1528
01/10/2026 10:32:07;2,0004;4,151
01/10/2026 10:32:08;1,9995;4,1512
01/10/2026 10:32:09;1,9999;4,1508
01/10/2026 10:32:10;1,9986;4,1512
01/10/2026 10:32:11;2,0012;4,1502
01/10/2026 10:32:12;1,9999;4,1503
01/10/2026 10:32:13;2,0003;4,1503
01/10/2026 10:32:14;2,0007;4,1532
01/10/2026 10:32:15;1,9977;4,1508
01/10/2026 10:32:16;1,9982;4,1544
01/10/2026 10:32:17;1,9956;4,1519
01/10/2026 10:32:18;2,0011;4,1545
01/10/2026 10:32:19;1,9976;4,1526
01/10/2026 10:32:20;2,0003;4,1515
01/10/2026 10:32:21;2,0007;4,1545
01/10/2026 10:32:22;2,0012;4,1548
01/10/2026 10:32:23;1,9976;4,1527
01/10/2026 10:32:24;1,9999;4,1534
01/10/2026 10:32:25;2,0033;4,153
01/10/2026 10:32:26;2,0034;4,1539
01/10/2026 10:32:27;2,002;4,1543
01/10/2026 10:32:28;2,0007;4,154
01/10/2026 10:32:29;1,998;4,1527
01/10/2026 10:32:30;2,0014;4,1541
01/10/2026 10:32:31;1,9997;4,1555
01/10/2026 10:32:32;2,0011;4,1547
01/10/2026 10:32:33;1,9987;4,1548
01/10/2026 10:32:34;1,9997;4,1543
01/10/2026 10:32:35;2,0003;4,1548
01/10/2026 10:32:36;2,0005;4,1569
01/10/2026 10:32:37;2,001;4,1545
01/10/2026 10:32:38;1,9988;4,1566
01/10/2026 10:32:39;1,9973;4,156
01/10/2026 10:32:40;2,0032;4,1564
01/10/2026 10:32:41;2,005;4,1555
01/10/2026 10:32:42;2,0009;4,1561
01/10/2026 10:32:43;1,9974;4,1566
01/10/2026 10:32:44;1,9985;4,1562
01/10/2026 10:32:45;2,001;4,1572
01/10/2026 10:32:46;2,0027;4,1575
01/10/2026 10:32:47;1,9976;4,1593
01/10/2026 10:32:48;1,9998;4,1576
01/10/2026 10:32:49;2,0004;4,1555
01/10/2026 10:32:50;2,0017;4,1587
01/10/2026 10:32:51;1,9993;4,1575
01/10/2026 10:32:52;1,9969;4,1599
01/10/2026 10:32:53;2,0012;4,1595
01/10/2026 10:32:54;2,0022;4,1576
01/10/2026 10:32:55;1,9998;4,159
01/10/2026 10:32:56;2,0008;4,1578
01/10/2026 10:32:57;1,9991;4,1585
01/10/2026 10:32:58;1,9983;4,1594
01/10/2026 10:32:59;2,0021;4,1599
01/10/2026 10:33:00;2,0008;4,1599
01/10/2026 10:33:01;2,001;4,1592
01/10/2026 10:33:02;2,003;4,1617
01/10/2026 10:33:03;1,9979;4,159
01/10/2026 10:33:04;1,9989;4,1579
01/10/2026 10:33:05;2,0003;4,1582
01/10/2026 10:33:06;1,9989;4,1612
01/10/2026 10:33:07;2,0016;4,1598
01/10/2026 10:33:08;1,9996;4,1602
01/10/2026 10:33:09;1,998;4,1596
01/10/2026 10:33:10;2,0001;4,1598
01/10/2026 10:33:11;2,0003;4,1596
01/10/2026 10:33:12;2,0019;4,161
01/10/2026 10:33:13;2,0008;4,1606
01/10/2026 10:33:14;2,0009;4,1613
01/10/2026 10:33:15;2,0006;4,1613
01/10/2026 10:33:16;1,9996;4,1607
01/10/2026 10:33:17;1,9986;4,1598
01/10/2026 10:33:18;2,0006;4,1598
01/10/2026 10:33:19;1,9993;4,1645
01/10/2026 10:33:20;2,0034;4,1631
01/10/2026 10:33:21;2,0027;4,1631
01/10/2026 10:33:22;2,0013;4,1612
01/10/2026 10:33:23;2,0008;4,162
01/10/2026 10:33:24;1,9998;4,1613
01/10/2026 10:33:25;1,9975;4,1609
01/10/2026 10:33:26;1,9996;4,1618
01/10/2026 10:33:27;2,0002;4,1638
01/10/2026 10:33:28;2,0005;4,1635
01/10/2026 10:33:29;2,0009;4,1618
01/10/2026 10:33:30;2,0018;4,1625
01/10/2026 10:33:31;1,9986;4,1637
01/10/2026 10:33:32;1,9986;4,1625
01/10/2026 10:33:33;2,0029;4,1633
01/10/2026 10:33:34;2,0015;4,1638
01/10/2026 10:33:35;1,9992;4,1639
01/10/2026 10:33:36;1,9998;4,1639
01/10/2026 10:33:37;1,9998;4,1631
01/10/2026 10:33:38;2,0001;4,1633
01/10/2026 10:33:39;2,0009;4,1628
01/10/2026 10:33:40;2,0051;4,1625
01/10/2026 10:33:41;2,0004;4,1641
01/10/2026 10:33:42;2,0013;4,1651
01/10/2026 10:33:43;1,9966;4,1631
01/10/2026 10:33:44;1,999;4,1648
01/10/2026 10:33:45;2,0025;4,1655
01/10/2026 10:33:46;2,0008;4,163
01/10/2026 10:33:47;1,9912;4,1646
01/10/2026 10:33:48;2,0013;4,1667
01/10/2026 10:33:49;2,0038;4,1657
01/10/2026 10:33:50;1,996;4,1634
01/10/2026 10:33:51;2,003;4,166
01/10/2026 10:33:52;1,9945;4,1647
01/10/2026 10:33:53;2,0019;4,1663
01/10/2026 10:33:54;2,0;4,165
01/10/2026 10:33:55;1,9953;4,1658
01/10/2026 10:33:56;2,0009;4,1654
01/10/2026 10:33:57;2,0023;4,1661
01/10/2026 10:33:58;2,0007;4,1656
01/10/2026 10:33:59;2,0012;4,1661
01/10/2026 10:34:00;1,9992;4,1652
01/10/2026 10:34:01;1,9963;4,167
01/10/2026 10:34:02;2,0014;4,1668
01/10/2026 10:34:03;2,0035;4,1651
01/10/2026 10:34:04;2,0023;4,1678
01/10/2026 10:34:05;1,996;4,1668
01/10/2026 10:34:06;1,997;4,1672
01/10/2026 10:34:07;1,9983;4,1679
01/10/2026 10:34:08;1,9968;4,1676
01/10/2026 10:34:09;2,0001;4,1686
01/10/2026 10:34:10;2,0008;4,1672
01/10/2026 10:34:11;1,9971;4,1686
01/10/2026 10:34:12;2,0016;4,1678
01/10/2026 10:34:13;2,0012;4,1683
01/10/2026 10:34:14;1,9989;4,1683
01/10/2026 10:34:15;1,9997;4,1693
01/10/2026 10:34:16;1,9961;4,1689
01/10/2026 10:34:17;1,9993;4,1678
01/10/2026 10:34:18;2,0;4,1677
01/10/2026 10:34:19;2,0003;4,1684
01/10/2026 10:34:20;2,0008;4,1678
01/10/2026 10:34:21;2,0005;4,1676
01/10/2026 10:34:22;1,9995;4,1666
01/10/2026 10:34:23;2,0006;4,1673
01/10/2026 10:34:24;2,002;4,171
01/10/2026 10:34:25;1,9998;4,1684
01/10/2026 10:34:26;2,0006;4,1711
01/10/2026 10:34:27;1,9996;4,1697
01/10/2026 10:34:28;1,9987;4,1693
01/10/2026 10:34:29;2,001;4,168
01/10/2026 10:34:30;1,9989;4,1696
01/10/2026 10:34:31;2,0008;4,1716
01/10/2026 10:34:32;2,0001;4,1714
01/10/2026 10:34:33;1,9994;4,1702
01/10/2026 10:34:34;1,9993;4,1688
01/10/2026 10:34:35;1,999;4,1691
01/10/2026 10:34:36;1,9967;4,1693
01/10/2026 10:34:37;2,0008;4,1716
01/10/2026 10:34:38;2,0005;4,172
01/10/2026 10:34:39;2,0017;4,1707
01/10/2026 10:34:40;1,9989;4,1703
01/10/2026 10:34:41;2,0038;4,1722
01/10/2026 10:34:42;1,9992;4,1698
01/10/2026 10:34:43;1,9982;4,1709
01/10/2026 10:34:44;1,998;4,1714
01/10/2026 10:34:45;1,9965;4,1702
01/10/2026 10:34:46;2,0031;4,1705
01/10/2026 10:34:47;2,0027;4,1706
01/10/2026 10:34:48;2,0012;4,1728
01/10/2026 10:34:49;1,9982;4,1734
01/10/2026 10:34:50;2,0036;4,1717
01/10/2026 10:34:51;1,9993;4,1714
01/10/2026 10:34:52;1,9995;4,1711
01/10/2026 10:34:53;2,0029;4,1718
01/10/2026 10:34:54;2,0013;4,1714
01/10/2026 10:34:55;2,0044;4,1719
01/10/2026 10:34:56;2,0005;4,1725
01/10/2026 10:34:57;1,9992;4,1718
01/10/2026 10:34:58;1,9988;4,1721
01/10/2026 10:34:59;1,9963;4,1722
01/10/2026 10:35:00;-0,0006;4,1682
01/10/2026 10:35:01;0,0023;4,1641
01/10/2026 10:35:02;0,0012;4,1615
01/10/2026 10:35:03;0,0;4,1551
01/10/2026 10:35:04;-0,002;4,1547
01/10/2026 10:35:05;0,0005;4,1495
01/10/2026 10:35:06;0,002;4,1462
01/10/2026 10:35:07;0,0009;4,1427
01/10/2026 10:35:08;0,0003;4,1376
01/10/2026 10:35:09;-0,0016;4,1337
01/10/2026 10:35:10;0,0017;4,13
01/10/2026 10:35:11;-0,0063;4,1272
01/10/2026 10:35:12;0,0008;4,1246
01/10/2026 10:35:13;0,0051;4,1198
01/10/2026 10:35:14;-0,003;4,1175
01/10/2026 10:35:15;-0,0005;4,1111
01/10/2026 10:35:16;-0,0;4,1096
01/10/2026 10:35:17;-0,0009;4,1078
01/10/2026 10:35:18;0,0021;4,103
01/10/2026 10:35:19;0,0009;4,099
01/10/2026 10:35:20;0,0003;4,0959
01/10/2026 10:35:21;0,0016;4,0902
01/10/2026 10:35:22;0,0;4,089
01/10/2026 10:35:23;0,0064;4,0878
01/10/2026 10:35:24;0,0003;4,083
01/10/2026 10:35:25;0,0004;4,0799
01/10/2026 10:35:26;-0,0034;4,0749
01/10/2026 10:35:27;-0,0011;4,0725
01/10/2026 10:35:28;0,0023;4,0722
01/10/2026 10:35:29;-0,0027;4,0685
01/10/2026 10:35:30;-0,0043;4,0636
01/10/2026 10:35:31;0,0001;4,0612
01/10/2026 10:35:32;0,0027;4,0588
01/10/2026 10:35:33;0,0001;4,0546
01/10/2026 10:35:34;-0,0007;4,0509
01/10/2026 10:35:35;-0,0037;4,0498
01/10/2026 10:35:36;0,0009;4,0476
01/10/2026 10:35:37;0,0013;4,0448
01/10/2026 10:35:38;-0,0036;4,0422
01/10/2026 10:35:39;0,0023;4,0369
01/10/2026 10:35:40;0,0015;4,0357
01/10/2026 10:35:41;0,0023;4,0326
01/10/2026 10:35:42;0,0012;4,03
01/10/2026 10:35:43;0,0013;4,0272
01/10/2026 10:35:44;0,001;4,024
01/10/2026 10:35:45;0,0017;4,019
01/10/2026 10:35:46;-0,0036;4,0205
01/10/2026 10:35:47;-0,003;4,017
01/10/2026 10:35:48;-0,0015;4,0125
01/10/2026 10:35:49;-0,0003;4,0119
01/10/2026 10:35:50;0,0008;4,0084
01/10/2026 10:35:51;0,0006;4,0059
01/10/2026 10:35:52;0,0022;4,003
01/10/2026 10:35:53;0,0023;4,0017
01/10/2026 10:35:54;-0,0017;3,9979
01/10/2026 10:35:55;0,0005;3,9951
01/10/2026 10:35:56;-0,0017;3,9949
01/10/2026 10:35:57;-0,0004;3,9912
01/10/2026 10:35:58;0,0006;3,9888
01/10/2026 10:35:59;-0,0068;3,9872
01/10/2026 10:36:00;0,0048;3,9835
01/10/2026 10:36:01;0,0011;3,9813
01/10/2026 10:36:02;-0,0012;3,9798
01/10/2026 10:36:03;0,0039;3,9756
01/10/2026 10:36:04;-0,0007;3,9751
01/10/2026 10:36:05;0,0003;3,9718
01/10/2026 10:36:06;-0,001;3,9711
01/10/2026 10:36:07;0,0033;3,9686
01/10/2026 10:36:08;-0,0002;3,9662
01/10/2026 10:36:09;0,0003;3,962
01/10/2026 10:36:10;0,0024;3,9613
01/10/2026 10:36:11;0,0012;3,9581
01/10/2026 10:36:12;-0,0001;3,9571
01/10/2026 10:36:13;0,0022;3,9527
01/10/2026 10:36:14;0,0051;3,9513
01/10/2026 10:36:15;0,0006;3,9519
01/10/2026 10:36:16;0,0002;3,949
01/10/2026 10:36:17;0,0003;3,9463
01/10/2026 10:36:18;0,0026;3,9437
01/10/2026 10:36:19;-0,0012;3,9415
01/10/2026 10:36:20;-0,0006;3,9407
01/10/2026 10:36:21;-0,0031;3,9382
01/10/2026 10:36:22;-0,0024;3,9381
01/10/2026 10:36:23;-0,001;3,9344
01/10/2026 10:36:24;-0,0001;3,9327
01/10/2026 10:36:25;0,0035;3,9293
01/10/2026 10:36:26;0,0011;3,9284
01/10/2026 10:36:27;-0,0018;3,9271
01/10/2026 10:36:28;-0,0015;3,9246
01/10/2026 10:36:29;0,0027;3,9227
01/10/2026 10:36:30;0,0023;3,9216
01/10/2026 10:36:31;0,0001;3,921
01/10/2026 10:36:32;-0,0009;3,9178
01/10/2026 10:36:33;0,0022;3,917
01/10/2026 10:36:34;-0,002;3,9147
01/10/2026 10:36:35;0,0008;3,9133
01/10/2026 10:36:36;0,0045;3,9099
01/10/2026 10:36:37;0,0004;3,9085
01/10/2026 10:36:38;-0,0016;3,9068
01/10/2026 10:36:39;0,0008;3,9058
01/10/2026 10:36:40;-0,0009;3,9044
01/10/2026 10:36:41;-0,0028;3,902
01/10/2026 10:36:42;0,0014;3,9011
01/10/2026 10:36:43;0,0022;3,898
01/10/2026 10:36:44;-0,0006;3,8978
01/10/2026 10:36:45;-0,0008;3,8963
01/10/2026 10:36:46;-0,0019;3,8943
01/10/2026 10:36:47;-0,0003;3,8922
01/10/2026 10:36:48;-0,0011;3,8912
01/10/2026 10:36:49;-0,002;3,888
01/10/2026 10:36:50;0,0038;3,8875
01/10/2026 10:36:51;0,0009;3,8861
01/10/2026 10:36:52;0,0011;3,8829
01/10/2026 10:36:53;0,0018;3,8832
01/10/2026 10:36:54;0,0015;3,8799
01/10/2026 10:36:55;-0,0008;3,8792
01/10/2026 10:36:56;0,0005;3,8782
01/10/2026 10:36:57;-0,0005;3,876
01/10/2026 10:36:58;0,0009;3,8753
01/10/2026 10:36:59;0,0007;3,8739
01/10/2026 10:37:00;-0,0008;3,8715
01/10/2026 10:37:01;-0,0027;3,8715
01/10/2026 10:37:02;0,0003;3,8687
01/10/2026 10:37:03;-0,0004;3,8704
01/10/2026 10:37:04;-0,0038;3,8666
01/10/2026 10:37:05;0,001;3,8641
01/10/2026 10:37:06;0,0019;3,863
01/10/2026 10:37:07;0,0051;3,8637
01/10/2026 10:37:08;-0,0008;3,8608
01/10/2026 10:37:09;-0,0011;3,8585
01/10/2026 10:37:10;-0,0022;3,8594
01/10/2026 10:37:11;0,0004;3,8568
01/10/2026 10:37:12;0,0004;3,8566
01/10/2026 10:37:13;-0,0016;3,8556
01/10/2026 10:37:14;-0,0003;3,8536
01/10/2026 10:37:15;-0,004;3,8545
01/10/2026 10:37:16;0,0019;3,8491
01/10/2026 10:37:17;-0,0015;3,8488
01/10/2026 10:37:18;-0,0001;3,8481
01/10/2026 10:37:19;-0,0029;3,8494
01/10/2026 10:37:20;-0,0012;3,8477
01/10/2026 10:37:21;-0,0006;3,846
01/10/2026 10:37:22;-0,0;3,8427
01/10/2026 10:37:23;0,001;3,8416
01/10/2026 10:37:24;0,0029;3,8403
01/10/2026 10:37:25;0,0015;3,8391
01/10/2026 10:37:26;0,0019;3,8403
01/10/2026 10:37:27;0,0029;3,8374
01/10/2026 10:37:28;0,0011;3,8364
01/10/2026 10:37:29;-0,0001;3,8361
01/10/2026 10:37:30;0,002;3,8326
01/10/2026 10:37:31;0,0021;3,8332
01/10/2026 10:37:32;0,0013;3,8309
01/10/2026 10:37:33;-0,0029;3,8306
01/10/2026 10:37:34;-0,0017;3,8292
01/10/2026 10:37:35;-0,0005;3,8281
01/10/2026 10:37:36;0,0016;3,8279
01/10/2026 10:37:37;-0,0;3,8268
01/10/2026 10:37:38;0,0023;3,8253
01/10/2026 10:37:39;0,0026;3,8249
01/10/2026 10:37:40;0,0024;3,8226
01/10/2026 10:37:41;0,0024;3,8231
01/10/2026 10:37:42;-0,0021;3,8212
01/10/2026 10:37:43;0,001;3,82
01/10/2026 10:37:44;-0,0012;3,8186
01/10/2026 10:37:45;-0,0033;3,8182
01/10/2026 10:37:46;-0,0006;3,8193
01/10/2026 10:37:47;0,0026;3,8164
01/10/2026 10:37:48;0,0009;3,8144
01/10/2026 10:37:49;0,004;3,8155
01/10/2026 10:37:50;0,0004;3,8131
01/10/2026 10:37:51;0,0049;3,813
01/10/2026 10:37:52;0,0004;3,8111
01/10/2026 10:37:53;0,0;3,8121
01/10/2026 10:37:54;-0,0026;3,8093
01/10/2026 10:37:55;0,0022;3,8104
01/10/2026 10:37:56;-0,001;3,807
01/10/2026 10:37:57;-0,0013;3,8069
01/10/2026 10:37:58;0,0026;3,8077
01/10/2026 10:37:59;0,0023;3,8056
01/10/2026 10:38:00;0,0023;3,8068
01/10/2026 10:38:01;-0,0007;3,8034
01/10/2026 10:38:02;-0,0001;3,8031
01/10/2026 10:38:03;-0,0001;3,8039
01/10/2026 10:38:04;0,0016;3,7996
01/10/2026 10:38:05;0,0031;3,7986
01/10/2026 10:38:06;0,0007;3,7986
01/10/2026 10:38:07;0,0039;3,7994
01/10/2026 10:38:08;0,0018;3,7962
01/10/2026 10:38:09;-0,0005;3,7976
01/10/2026 10:38:10;0,0017;3,7967
01/10/2026 10:38:11;0,0034;3,7974
01/10/2026 10:38:12;0,004;3,7956
01/10/2026 10:38:13;0,0024;3,7942
01/10/2026 10:38:14;0,0001;3,7944
01/10/2026 10:38:15;-0,0004;3,7928
01/10/2026 10:38:16;0,0012;3,791
01/10/2026 10:38:17;0,0033;3,7896
01/10/2026 10:38:18;0,0009;3,7894
01/10/2026 10:38:19;0,0009;3,7892
01/10/2026 10:38:20;0,0001;3,7887
01/10/2026 10:38:21;-0,0007;3,7856
01/10/2026 10:38:22;-0,0003;3,7868
01/10/2026 10:38:23;0,0003;3,7863
01/10/2026 10:38:24;0,0034;3,7861
01/10/2026 10:38:25;-0,0005;3,7865
01/10/2026 10:38:26;0,0001;3,7844
01/10/2026 10:38:27;-0,0017;3,7826
01/10/2026 10:38:28;0,0014;3,781
01/10/2026 10:38:29;0,0027;3,7828
01/10/2026 10:38:30;0,0032;3,7805
01/10/2026 10:38:31;0,0004;3,7816
01/10/2026 10:38:32;0,0011;3,7815
01/10/2026 10:38:33;-0,0003;3,7779
01/10/2026 10:38:34;0,0011;3,7793
01/10/2026 10:38:35;0,0006;3,7794
01/10/2026 10:38:36;0,0001;3,7785
01/10/2026 10:38:37;0,0003;3,7747
01/10/2026 10:38:38;0,0009;3,7753
01/10/2026 10:38:39;-0,0006;3,7742
01/10/2026 10:38:40;-0,0005;3,7754
01/10/2026 10:38:41;0,0034;3,7747
01/10/2026 10:38:42;0,0054;3,771
01/10/2026 10:38:43;-0,0024;3,7727
01/10/2026 10:38:44;-0,0025;3,7732
01/10/2026 10:38:45;-0,0019;3,772
01/10/2026 10:38:46;-0,0002;3,7714
01/10/2026 10:38:47;0,0018;3,7703
01/10/2026 10:38:48;0,0012;3,769
01/10/2026 10:38:49;0,0003;3,7695
01/10/2026 10:38:50;0,0011;3,769
01/10/2026 10:38:51;-0,0014;3,769
01/10/2026 10:38:52;-0,0005;3,7685
01/10/2026 10:38:53;-0,0;3,7673
01/10/2026 10:38:54;-0,0032;3,7677
01/10/2026 10:38:55;-0,0023;3,7657
01/10/2026 10:38:56;-0,0022;3,7641
01/10/2026 10:38:57;0,0015;3,7655
01/10/2026 10:38:58;0,0005;3,7646
01/10/2026 10:38:59;0,0012;3,7644
01/10/2026 10:39:00;-0,0037;3,7621
01/10/2026 10:39:01;-0,003;3,7647
01/10/2026 10:39:02;0,0013;3,7631
01/10/2026 10:39:03;-0,0056;3,7615
01/10/2026 10:39:04;0,0024;3,7604
01/10/2026 10:39:05;-0,0036;3,7619
01/10/2026 10:39:06;0,0017;3,7592
01/10/2026 10:39:07;-0,0018;3,7621
01/10/2026 10:39:08;0,0021;3,7587
01/10/2026 10:39:09;0,0064;3,7605
01/10/2026 10:39:10;-0,0045;3,7581
01/10/2026 10:39:11;0,0014;3,7594
01/10/2026 10:39:12;-0,0036;3,7566
01/10/2026 10:39:13;0,0009;3,7569
01/10/2026 10:39:14;-0,0004;3,7572
01/10/2026 10:39:15;0,0003;3,7566
01/10/2026 10:39:16;-0,0018;3,7566
01/10/2026 10:39:17;0,0016;3,7545
01/10/2026 10:39:18;-0,0029;3,7547
01/10/2026 10:39:19;0,0025;3,7554
01/10/2026 10:39:20;-0,0008;3,753
01/10/2026 10:39:21;-0,0028;3,7538
01/10/2026 10:39:22;0,0032;3,7526
01/10/2026 10:39:23;-0,0001;3,7525
01/10/2026 10:39:24;0,0038;3,752
01/10/2026 10:39:25;0,0024;3,7507
01/10/2026 10:39:26;-0,0016;3,7508
01/10/2026 10:39:27;-0,0002;3,7508
01/10/2026 10:39:28;0,0002;3,7501
01/10/2026 10:39:29;0,0031;3,7514
01/10/2026 10:39:30;0,0009;3,7504
01/10/2026 10:39:31;0,0004;3,7493
01/10/2026 10:39:32;-0,0004;3,7478
01/10/2026 10:39:33;-0,0001;3,7473
01/10/2026 10:39:34;0,0026;3,7497
01/10/2026 10:39:35;0,0;3,7464
01/10/2026 10:39:36;-0,0008;3,7471
01/10/2026 10:39:37;-0,0011;3,7469
01/10/2026 10:39:38;-0,0011;3,7459
01/10/2026 10:39:39;-0,0028;3,7448
01/10/2026 10:39:40;-0,0015;3,7446
01/10/2026 10:39:41;0,003;3,7445
01/10/2026 10:39:42;-0,0004;3,744
01/10/2026 10:39:43;0,0014;3,7456
01/10/2026 10:39:44;-0,005;3,7439
01/10/2026 10:39:45;0,0011;3,7431
01/10/2026 10:39:46;-0,0003;3,7433
01/10/2026 10:39:47;-0,001;3,7435
01/10/2026 10:39:48;0,0004;3,7422
01/10/2026 10:39:49;-0,001;3,743
01/10/2026 10:39:50;-0,0042;3,7405
01/10/2026 10:39:51;0,0018;3,7426
01/10/2026 10:39:52;0,0005;3,7411
01/10/2026 10:39:53;-0,0006;3,7407
01/10/2026 10:39:54;-0,0019;3,7397
01/10/2026 10:39:55;-0,0029;3,7389
01/10/2026 10:39:56;0,0004;3,7381
01/10/2026 10:39:57;0,0032;3,7387
01/10/2026 10:39:58;0,0004;3,7397
01/10/2026 10:39:59;-0,0028;3,7378
01/10/2026 10:40:00;-1,9995;3,7348
01/10/2026 10:40:01;-2,0001;3,733
01/10/2026 10:40:02;-1,9983;3,731
01/10/2026 10:40:03;-1,9988;3,7286
01/10/2026 10:40:04;-2,006;3,7264
01/10/2026 10:40:05;-1,9989;3,7252
01/10/2026 10:40:06;-2,002;3,723
01/10/2026 10:40:07;-2,0028;3,7213
01/10/2026 10:40:08;-2,0004;3,7153
01/10/2026 10:40:09;-1,9992;3,7137
01/10/2026 10:40:10;-2,0033;3,7129
01/10/2026 10:40:11;-1,9986;3,7094
01/10/2026 10:40:12;-1,9985;3,7083
01/10/2026 10:40:13;-1,9999;3,7053
01/10/2026 10:40:14;-2,0017;3,7043
01/10/2026 10:40:15;-2,002;3,7015
01/10/2026 10:40:16;-1,9979;3,6991
01/10/2026 10:40:17;-2,003;3,6953
01/10/2026 10:40:18;-1,9979;3,6933
01/10/2026 10:40:19;-2,0003;3,6908
01/10/2026 10:40:20;-2,0002;3,6873
01/10/2026 10:40:21;-2,0034;3,688
01/10/2026 10:40:22;-2,0003;3,685
01/10/2026 10:40:23;-1,9988;3,6816
01/10/2026 10:40:24;-2,0027;3,681
01/10/2026 10:40:25;-1,999;3,6768
01/10/2026 10:40:26;-1,9998;3,6734
01/10/2026 10:40:27;-2,0013;3,674
01/10/2026 10:40:28;-1,9983;3,6694
01/10/2026 10:40:29;-2,0044;3,6683
01/10/2026 10:40:30;-1,9993;3,6665
01/10/2026 10:40:31;-1,9968;3,6644
01/10/2026 10:40:32;-1,9971;3,6627
01/10/2026 10:40:33;-1,9992;3,6602
01/10/2026 10:40:34;-2,0006;3,658
01/10/2026 10:40:35;-2,0013;3,6544
01/10/2026 10:40:36;-2,0006;3,6533
01/10/2026 10:40:37;-1,9989;3,6494
01/10/2026 10:40:38;-2,0016;3,6503
01/10/2026 10:40:39;-1,9985;3,6452
01/10/2026 10:40:40;-1,9957;3,6441
01/10/2026 10:40:41;-2,0001;3,6409
01/10/2026 10:40:42;-2,0027;3,6394
01/10/2026 10:40:43;-2,0027;3,638
01/10/2026 10:40:44;-1,9984;3,6353
01/10/2026 10:40:45;-2,0001;3,6349
01/10/2026 10:40:46;-1,9982;3,6319
01/10/2026 10:40:47;-2,0011;3,6291
01/10/2026 10:40:48;-1,9983;3,6273
01/10/2026 10:40:49;-2,0003;3,6266
01/10/2026 10:40:50;-2,0015;3,6242
01/10/2026 10:40:51;-2,0008;3,6201
01/10/2026 10:40:52;-2,0024;3,6185
01/10/2026 10:40:53;-1,996;3,6176
01/10/2026 10:40:54;-2,0002;3,6154
01/10/2026 10:40:55;-1,9987;3,6119
01/10/2026 10:40:56;-2,0011;3,6117
01/10/2026 10:40:57;-2,0021;3,608
01/10/2026 10:40:58;-2,0005;3,6082
01/10/2026 10:40:59;-1,9978;3,6054
01/10/2026 10:41:00;-2,001;3,6017
01/10/2026 10:41:01;-2,0017;3,6003
01/10/2026 10:41:02;-1,9997;3,5983
01/10/2026 10:41:03;-1,999;3,597
01/10/2026 10:41:04;-1,9967;3,5947
01/10/2026 10:41:05;-1,9993;3,5917
01/10/2026 10:41:06;-1,9987;3,5895
01/10/2026 10:41:07;-1,9986;3,5895
01/10/2026 10:41:08;-2,0023;3,5873
01/10/2026 10:41:09;-2,0019;3,5851
01/10/2026 10:41:10;-2,0022;3,5834
01/10/2026 10:41:11;-2,0027;3,5805
01/10/2026 10:41:12;-1,9984;3,5794
01/10/2026 10:41:13;-1,9994;3,5798
01/10/2026 10:41:14;-1,9998;3,5765
01/10/2026 10:41:15;-2,0052;3,5732
01/10/2026 10:41:16;-1,9959;3,571
01/10/2026 10:41:17;-2,0018;3,5668
01/10/2026 10:41:18;-1,9959;3,5688
01/10/2026 10:41:19;-2,0029;3,5666
01/10/2026 10:41:20;-2,0016;3,5634
01/10/2026 10:41:21;-2,0044;3,5607
01/10/2026 10:41:22;-1,9993;3,5591
01/10/2026 10:41:23;-2,0022;3,5588
01/10/2026 10:41:24;-2,0021;3,5564
01/10/2026 10:41:25;-2,0027;3,5553
01/10/2026 10:41:26;-1,9984;3,5529
01/10/2026 10:41:27;-1,9986;3,5519
01/10/2026 10:41:28;-1,9964;3,5495
01/10/2026 10:41:29;-2,0014;3,5481
01/10/2026 10:41:30;-1,9996;3,5434
01/10/2026 10:41:31;-2,0026;3,5424
01/10/2026 10:41:32;-2,0007;3,5415
01/10/2026 10:41:33;-2,001;3,5411
01/10/2026 10:41:34;-1,9991;3,5401
01/10/2026 10:41:35;-1,998;3,5363
01/10/2026 10:41:36;-1,998;3,5341
01/10/2026 10:41:37;-2,0017;3,5309
01/10/2026 10:41:38;-1,998;3,532
01/10/2026 10:41:39;-2,0001;3,5288
01/10/2026 10:41:40;-2,0006;3,5306
01/10/2026 10:41:41;-2,0014;3,5251
01/10/2026 10:41:42;-2,0011;3,5262
01/10/2026 10:41:43;-1,9965;3,5231
01/10/2026 10:41:44;-1,9994;3,5196
01/10/2026 10:41:45;-1,9997;3,5191
01/10/2026 10:41:46;-2,0005;3,5179
01/10/2026 10:41:47;-1,9951;3,5152
01/10/2026 10:41:48;-1,9974;3,5145
01/10/2026 10:41:49;-2,0014;3,5128
01/10/2026 10:41:50;-2,0005;3,5109
01/10/2026 10:41:51;-2,0004;3,5086
01/10/2026 10:41:52;-1,9997;3,5057
01/10/2026 10:41:53;-2,0014;3,5051
01/10/2026 10:41:54;-1,9991;3,5037
01/10/2026 10:41:55;-1,9971;3,5
01/10/2026 10:41:56;-2,0026;3,5004
01/10/2026 10:41:57;-2,0023;3,4984
01/10/2026 10:41:58;-2,001;3,4956
01/10/2026 10:41:59;-2,0009;3,4949
01/10/2026 10:42:00;-1,996;3,4933
01/10/2026 10:42:01;-1,998;3,4939
01/10/2026 10:42:02;-1,9981;3,4905
01/10/2026 10:42:03;-2,0005;3,4897
01/10/2026 10:42:04;-2,0006;3,4869
01/10/2026 10:42:05;-2,0029;3,4835
01/10/2026 10:42:06;-1,9984;3,4845
01/10/2026 10:42:07;-1,999;3,4815
01/10/2026 10:42:08;-1,9974;3,4802
01/10/2026 10:42:09;-2,0004;3,4779
01/10/2026 10:42:10;-2,0003;3,4775
01/10/2026 10:42:11;-1,9997;3,4769
01/10/2026 10:42:12;-1,9982;3,4751
01/10/2026 10:42:13;-2,0029;3,4742
01/10/2026 10:42:14;-1,9985;3,4728
01/10/2026 10:42:15;-2,0;3,4675
01/10/2026 10:42:16;-2,0021;3,4667
01/10/2026 10:42:17;-2,0042;3,4646
01/10/2026 10:42:18;-2,0003;3,4655
01/10/2026 10:42:19;-1,9971;3,4626
01/10/2026 10:42:20;-1,9967;3,4612
01/10/2026 10:42:21;-1,9993;3,46
01/10/2026 10:42:22;-1,9961;3,4591
01/10/2026 10:42:23;-2,0001;3,4557
01/10/2026 10:42:24;-1,9981;3,4544
01/10/2026 10:42:25;-2,0009;3,4541
01/10/2026 10:42:26;-2,001;3,4538
01/10/2026 10:42:27;-2,0014;3,4511
01/10/2026 10:42:28;-2,0041;3,4488
01/10/2026 10:42:29;-1,9974;3,4459
01/10/2026 10:42:30;-2,0013;3,4476
01/10/2026 10:42:31;-2,0016;3,4444
01/10/2026 10:42:32;-2,0024;3,4425
01/10/2026 10:42:33;-2,0004;3,4404
01/10/2026 10:42:34;-1,9965;3,4392
01/10/2026 10:42:35;-1,9958;3,4383
01/10/2026 10:42:36;-2,0033;3,4375
01/10/2026 10:42:37;-2,0007;3,4351
01/10/2026 10:42:38;-2,0021;3,435
01/10/2026 10:42:39;-1,998;3,4332
01/10/2026 10:42:40;-1,9994;3,4342
01/10/2026 10:42:41;-2,0013;3,4288
01/10/2026 10:42:42;-1,9999;3,4292
01/10/2026 10:42:43;-2,001;3,4278
01/10/2026 10:42:44;-1,9968;3,4252
01/10/2026 10:42:45;-1,9989;3,4249
01/10/2026 10:42:46;-1,9987;3,4242
01/10/2026 10:42:47;-2,0053;3,4221
01/10/2026 10:42:48;-2,0001;3,422
01/10/2026 10:42:49;-1,9958;3,417
01/10/2026 10:42:50;-1,9973;3,417
01/10/2026 10:42:51;-2,0037;3,4179
01/10/2026 10:42:52;-2,0006;3,4159
01/10/2026 10:42:53;-2,0024;3,4142
01/10/2026 10:42:54;-1,9966;3,4135
01/10/2026 10:42:55;-1,9995;3,409
01/10/2026 10:42:56;-2,0015;3,4103
01/10/2026 10:42:57;-1,9999;3,4092
01/10/2026 10:42:58;-2,0052;3,4061
01/10/2026 10:42:59;-2,0022;3,4081
01/10/2026 10:43:00;-1,9999;3,4043
01/10/2026 10:43:01;-1,9983;3,4006
01/10/2026 10:43:02;-2,0039;3,4018
01/10/2026 10:43:03;-2,0008;3,3994
01/10/2026 10:43:04;-1,998;3,3999
01/10/2026 10:43:05;-2,0029;3,398
01/10/2026 10:43:06;-1,9995;3,3955
01/10/2026 10:43:07;-1,9999;3,3963
01/10/2026 10:43:08;-1,9966;3,3944
01/10/2026 10:43:09;-2,0005;3,3913
01/10/2026 10:43:10;-2,0003;3,3907
01/10/2026 10:43:11;-1,9983;3,3901
01/10/2026 10:43:12;-2,0027;3,3879
01/10/2026 10:43:13;-2,0004;3,3866
01/10/2026 10:43:14;-2,0009;3,3857
01/10/2026 10:43:15;-2,0003;3,3833
01/10/2026 10:43:16;-1,9983;3,3809
01/10/2026 10:43:17;-1,9989;3,3821
01/10/2026 10:43:18;-2,0015;3,3786
01/10/2026 10:43:19;-1,9997;3,3783
01/10/2026 10:43:20;-1,997;3,3763
01/10/2026 10:43:21;-2,0017;3,3751
01/10/2026 10:43:22;-1,9997;3,376
01/10/2026 10:43:23;-2,0004;3,3741
01/10/2026 10:43:24;-2,0001;3,3728
01/10/2026 10:43:25;-2,0033;3,3705
01/10/2026 10:43:26;-1,9972;3,3699
01/10/2026 10:43:27;-2,0015;3,3697
01/10/2026 10:43:28;-1,9979;3,368
01/10/2026 10:43:29;-2,0012;3,3677
01/10/2026 10:43:30;-2,0013;3,3666
01/10/2026 10:43:31;-1,9976;3,3642
01/10/2026 10:43:32;-1,998;3,3614
01/10/2026 10:43:33;-1,9996;3,3612
01/10/2026 10:43:34;-1,9985;3,3607
01/10/2026 10:43:35;-2,0006;3,3588
01/10/2026 10:43:36;-2,0;3,3573
01/10/2026 10:43:37;-2,0013;3,3573
01/10/2026 10:43:38;-1,9982;3,3585
01/10/2026 10:43:39;-2,0014;3,3544
01/10/2026 10:43:40;-1,997;3,3537
01/10/2026 10:43:41;-2,0006;3,3512
01/10/2026 10:43:42;-2,0;3,3526
01/10/2026 10:43:43;-1,9985;3,351
01/10/2026 10:43:44;-2,0;3,3498
01/10/2026 10:43:45;-2,0006;3,3492
01/10/2026 10:43:46;-2,0001;3,3462
01/10/2026 10:43:47;-1,9982;3,3452
01/10/2026 10:43:48;-2,0013;3,3461
01/10/2026 10:43:49;-2,0003;3,3438
01/10/2026 10:43:50;-2,0;3,3398
01/10/2026 10:43:51;-1,9983;3,3414
01/10/2026 10:43:52;-2,0002;3,3392
01/10/2026 10:43:53;-1,9964;3,3396
01/10/2026 10:43:54;-2,0003;3,3379
01/10/2026 10:43:55;-2,0005;3,3347
01/10/2026 10:43:56;-2,0003;3,3356
01/10/2026 10:43:57;-2,0026;3,3344
01/10/2026 10:43:58;-2,0021;3,3334
01/10/2026 10:43:59;-2,0011;3,3325
01/10/2026 10:44:00;-1,9977;3,3323
01/10/2026 10:44:01;-2,0001;3,3302
01/10/2026 10:44:02;-2,001;3,3287
01/10/2026 10:44:03;-1,9975;3,3287
01/10/2026 10:44:04;-1,9969;3,3287
01/10/2026 10:44:05;-1,9975;3,3263
01/10/2026 10:44:06;-2,0017;3,3245
01/10/2026 10:44:07;-2,001;3,3237
01/10/2026 10:44:08;-1,9964;3,3224
01/10/2026 10:44:09;-1,9995;3,3211
01/10/2026 10:44:10;-2,0005;3,3222
01/10/2026 10:44:11;-1,9986;3,3182
01/10/2026 10:44:12;-1,998;3,319
01/10/2026 10:44:13;-2,0011;3,3167
01/10/2026 10:44:14;-1,9996;3,3143
01/10/2026 10:44:15;-1,9981;3,3145
01/10/2026 10:44:16;-2,0023;3,3131
01/10/2026 10:44:17;-2,0;3,3132
01/10/2026 10:44:18;-2,0022;3,3117
01/10/2026 10:44:19;-2,002;3,3095
01/10/2026 10:44:20;-2,0011;3,311
01/10/2026 10:44:21;-1,999;3,3096
01/10/2026 10:44:22;-2,0006;3,309
01/10/2026 10:44:23;-2,0013;3,3067
01/10/2026 10:44:24;-1,9999;3,3054
01/10/2026 10:44:25;-2,0023;3,3051
01/10/2026 10:44:26;-1,9991;3,3028
01/10/2026 10:44:27;-1,9977;3,3025
01/10/2026 10:44:28;-2,0002;3,3012
01/10/2026 10:44:29;-2,0004;3,2989
01/10/2026 10:44:30;-1,9993;3,2995
01/10/2026 10:44:31;-2,0041;3,2979
01/10/2026 10:44:32;-1,9989;3,2971
01/10/2026 10:44:33;-1,9938;3,2967
01/10/2026 10:44:34;-2,0002;3,2967
01/10/2026 10:44:35;-2,0002;3,2936
01/10/2026 10:44:36;-1,9985;3,2931
01/10/2026 10:44:37;-1,9967;3,2917
01/10/2026 10:44:38;-1,9981;3,2907
01/10/2026 10:44:39;-2,0043;3,2899
01/10/2026 10:44:40;-1,9989;3,2894
01/10/2026 10:44:41;-1,9949;3,2892
01/10/2026 10:44:42;-1,9988;3,2879
01/10/2026 10:44:43;-2,0023;3,2856
01/10/2026 10:44:44;-1,9994;3,287
01/10/2026 10:44:45;-2,0026;3,2857
01/10/2026 10:44:46;-1,9975;3,2829
01/10/2026 10:44:47;-2,0019;3,2841
01/10/2026 10:44:48;-1,9999;3,2823
01/10/2026 10:44:49;-2,0017;3,2808
01/10/2026 10:44:50;-2,0011;3,2804
01/10/2026 10:44:51;-1,997;3,2791
01/10/2026 10:44:52;-1,9998;3,2787
01/10/2026 10:44:53;-2,0011;3,2775
01/10/2026 10:44:54;-2,0023;3,276
01/10/2026 10:44:55;-2,0037;3,2734
01/10/2026 10:44:56;-2,0025;3,275
01/10/2026 10:44:57;-1,9998;3,2732
01/10/2026 10:44:58;-1,998;3,2735
01/10/2026 10:44:59;-2,0011;3,2723
01/10/2026 10:45:00;-1,9969;3,2705
01/10/2026 10:45:01;-2,0014;3,271
01/10/2026 10:45:02;-2,0005;3,2693
01/10/2026 10:45:03;-2,0022;3,2683
01/10/2026 10:45:04;-1,998;3,2672
01/10/2026 10:45:05;-1,9958;3,2681
01/10/2026 10:45:06;-2,0035;3,2648
01/10/2026 10:45:07;-2,0007;3,2643
01/10/2026 10:45:08;-1,9975;3,2625
01/10/2026 10:45:09;-2,0029;3,2636
01/10/2026 10:45:10;-1,9989;3,2614
01/10/2026 10:45:11;-1,9976;3,2607
01/10/2026 10:45:12;-1,9998;3,2597
01/10/2026 10:45:13;-1,9989;3,2595
01/10/2026 10:45:14;-1,9965;3,2573
01/10/2026 10:45:15;-1,9961;3,2554
01/10/2026 10:45:16;-2,0001;3,2573
01/10/2026 10:45:17;-2,0011;3,2538
01/10/2026 10:45:18;-2,0018;3,256
01/10/2026 10:45:19;-1,998;3,2558
01/10/2026 10:45:20;-2,0027;3,2532
01/10/2026 10:45:21;-2,0005;3,2539
01/10/2026 10:45:22;-1,9998;3,2517
01/10/2026 10:45:23;-2,001;3,2525
01/10/2026 10:45:24;-1,9994;3,2496
01/10/2026 10:45:25;-1,9949;3,2469
01/10/2026 10:45:26;-2,0002;3,2483
01/10/2026 10:45:27;-2,0009;3,2493
01/10/2026 10:45:28;-1,998;3,2473
01/10/2026 10:45:29;-1,9995;3,2454
01/10/2026 10:45:30;-1,9971;3,2454
01/10/2026 10:45:31;-1,9997;3,2453
01/10/2026 10:45:32;-2,0005;3,2434
01/10/2026 10:45:33;-2,0036;3,2453
01/10/2026 10:45:34;-2,0032;3,2413
01/10/2026 10:45:35;-2,0037;3,2421
01/10/2026 10:45:36;-1,9992;3,241
01/10/2026 10:45:37;-2,0027;3,2387
01/10/2026 10:45:38;-1,9975;3,2382
01/10/2026 10:45:39;-1,9999;3,2389
01/10/2026 10:45:40;-2,0005;3,2372
01/10/2026 10:45:41;-2,0017;3,2366
01/10/2026 10:45:42;-1,9988;3,2339
01/10/2026 10:45:43;-2,0016;3,2354
01/10/2026 10:45:44;-2,002;3,2342
01/10/2026 10:45:45;-1,9976;3,2331
01/10/2026 10:45:46;-1,9993;3,2327
01/10/2026 10:45:47;-2,0005;3,2312
01/10/2026 10:45:48;-1,9987;3,2302
01/10/2026 10:45:49;-2,0;3,2298
01/10/2026 10:45:50;-1,9992;3,2288
01/10/2026 10:45:51;-2,0016;3,2307
01/10/2026 10:45:52;-1,9959;3,2287
01/10/2026 10:45:53;-2,0012;3,226
01/10/2026 10:45:54;-1,9969;3,2283
01/10/2026 10:45:55;-2,0004;3,2251
01/10/2026 10:45:56;-1,9984;3,2248
01/10/2026 10:45:57;-1,9985;3,2249
01/10/2026 10:45:58;-1,9977;3,2213
01/10/2026 10:45:59;-2,0017;3,2223
01/10/2026 10:46:00;-1,9978;3,2212
01/10/2026 10:46:01;-1,9963;3,2212
01/10/2026 10:46:02;-2,0005;3,2207
01/10/2026 10:46:03;-1,9999;3,2195
01/10/2026 10:46:04;-2,001;3,2187
01/10/2026 10:46:05;-2,0007;3,2192
01/10/2026 10:46:06;-1,9966;3,2177
01/10/2026 10:46:07;-2,002;3,2167
01/10/2026 10:46:08;-2,0019;3,2161
01/10/2026 10:46:09;-1,9968;3,2171
01/10/2026 10:46:10;-1,9988;3,2147
01/10/2026 10:46:11;-1,9958;3,2133
01/10/2026 10:46:12;-2,0009;3,2112
01/10/2026 10:46:13;-1,9997;3,2109
01/10/2026 10:46:14;-2,0013;3,2112
01/10/2026 10:46:15;-1,9997;3,2109
01/10/2026 10:46:16;-2,0035;3,2097
01/10/2026 10:46:17;-1,9986;3,2099
01/10/2026 10:46:18;-1,9994;3,2083
01/10/2026 10:46:19;-2,0001;3,2073
01/10/2026 10:46:20;-2,0008;3,2081
01/10/2026 10:46:21;-2,0018;3,2082
01/10/2026 10:46:22;-1,9985;3,205
01/10/2026 10:46:23;-2,0023;3,2057
01/10/2026 10:46:24;-1,999;3,2028
01/10/2026 10:46:25;-1,9959;3,2026
01/10/2026 10:46:26;-1,997;3,2028
01/10/2026 10:46:27;-2,003;3,2038
01/10/2026 10:46:28;-2,0011;3,2012
01/10/2026 10:46:29;-1,9992;3,2005
01/10/2026 10:46:30;-2,0001;3,2007
01/10/2026 10:46:31;-2,0028;3,2
01/10/2026 10:46:32;-1,9992;3,1986
01/10/2026 10:46:33;-2,0;3,2007
01/10/2026 10:46:34;-1,9962;3,1977
01/10/2026 10:46:35;-2,0005;3,1975
01/10/2026 10:46:36;-1,9977;3,1963
01/10/2026 10:46:37;-2,0025;3,1965
01/10/2026 10:46:38;-2,0021;3,1966
01/10/2026 10:46:39;-1,9986;3,1964
01/10/2026 10:46:40;-1,9978;3,1933
01/10/2026 10:46:41;-2,0019;3,1945
01/10/2026 10:46:42;-2,0;3,1934
01/10/2026 10:46:43;-2,0028;3,1931
01/10/2026 10:46:44;-2,0004;3,1914
01/10/2026 10:46:45;-1,9983;3,1907
01/10/2026 10:46:46;-2,0009;3,1912
01/10/2026 10:46:47;-2,0005;3,1906
01/10/2026 10:46:48;-2,0023;3,1905
01/10/2026 10:46:49;-2,0013;3,1886
01/10/2026 10:46:50;-1,9965;3,1876
01/10/2026 10:46:51;-1,9999;3,1846
01/10/2026 10:46:52;-2,002;3,1849
01/10/2026 10:46:53;-2,0006;3,1855
01/10/2026 10:46:54;-2,0032;3,1841
01/10/2026 10:46:55;-2,002;3,1854
01/10/2026 10:46:56;-1,9973;3,1827
01/10/2026 10:46:57;-2,0003;3,1829
01/10/2026 10:46:58;-1,9962;3,1823
01/10/2026 10:46:59;-2,0002;3,1834
01/10/2026 10:47:00;-2,0001;3,181
01/10/2026 10:47:01;-1,9987;3,1814
01/10/2026 10:47:02;-2,0053;3,1806
01/10/2026 10:47:03;-1,9996;3,1807
01/10/2026 10:47:04;-2,0001;3,18
01/10/2026 10:47:05;-1,997;3,1785
01/10/2026 10:47:06;-1,9981;3,1763
01/10/2026 10:47:07;-2,0023;3,1772
01/10/2026 10:47:08;-1,9975;3,1768
01/10/2026 10:47:09;-2,0005;3,1765
01/10/2026 10:47:10;-2,0018;3,1749
01/10/2026 10:47:11;-1,9996;3,1762
01/10/2026 10:47:12;-2,0004;3,1745
01/10/2026 10:47:13;-1,9969;3,173
01/10/2026 10:47:14;-1,9993;3,1728
01/10/2026 10:47:15;-1,9996;3,1746
01/10/2026 10:47:16;-1,9982;3,1728
01/10/2026 10:47:17;-1,9978;3,1726
01/10/2026 10:47:18;-1,9984;3,17
01/10/2026 10:47:19;-1,9972;3,1697
01/10/2026 10:47:20;-1,9988;3,1692
01/10/2026 10:47:21;-1,9997;3,1695
01/10/2026 10:47:22;-1,9975;3,1686
01/10/2026 10:47:23;-2,0002;3,1677
01/10/2026 10:47:24;-1,9999;3,1672
01/10/2026 10:47:25;-1,9966;3,1663
01/10/2026 10:47:26;-1,9968;3,1663
01/10/2026 10:47:27;-2,0;3,1671
01/10/2026 10:47:28;-2,0009;3,1639
01/10/2026 10:47:29;-1,9971;3,1652
01/10/2026 10:47:30;-1,9984;3,1657
01/10/2026 10:47:31;-1,9994;3,1636
01/10/2026 10:47:32;-2,0006;3,1627
01/10/2026 10:47:33;-1,9993;3,1636
01/10/2026 10:47:34;-2,0;3,1611
01/10/2026 10:47:35;-2,0013;3,1616
01/10/2026 10:47:36;-1,9997;3,16
01/10/2026 10:47:37;-1,9995;3,1586
01/10/2026 10:47:38;-2,0008;3,1598
01/10/2026 10:47:39;-1,9982;3,1582
01/10/2026 10:47:40;-1,9974;3,1589
01/10/2026 10:47:41;-1,9981;3,1595
01/10/2026 10:47:42;-2,0006;3,1597
01/10/2026 10:47:43;-1,9985;3,1574
01/10/2026 10:47:44;-1,9998;3,1578
01/10/2026 10:47:45;-2,0025;3,1567
01/10/2026 10:47:46;-1,9987;3,1554
01/10/2026 10:47:47;-1,9997;3,1533
01/10/2026 10:47:48;-1,9948;3,1564
01/10/2026 10:47:49;-1,9971;3,1532
01/10/2026 10:47:50;-1,9986;3,1551
01/10/2026 10:47:51;-1,9995;3,1537
01/10/2026 10:47:52;-1,9997;3,1517
01/10/2026 10:47:53;-2,002;3,1525
01/10/2026 10:47:54;-2,0035;3,1538
01/10/2026 10:47:55;-2,0017;3,1527
01/10/2026 10:47:56;-2,0001;3,1501
01/10/2026 10:47:57;-2,0042;3,1494
01/10/2026 10:47:58;-2,0011;3,1498
01/10/2026 10:47:59;-2,0005;3,149
01/10/2026 10:48:00;-2,0004;3,1499
01/10/2026 10:48:01;-2,0013;3,1489
01/10/2026 10:48:02;-2,0007;3,146
01/10/2026 10:48:03;-1,9966;3,1476
01/10/2026 10:48:04;-1,9987;3,1465
01/10/2026 10:48:05;-2,0011;3,1462
01/10/2026 10:48:06;-2,0001;3,146
01/10/2026 10:48:07;-2,0001;3,1464
01/10/2026 10:48:08;-2,0015;3,1457
01/10/2026 10:48:09;-2,0015;3,1435
01/10/2026 10:48:10;-1,998;3,1437
01/10/2026 10:48:11;-2,0008;3,1429
01/10/2026 10:48:12;-2,0022;3,1411
01/10/2026 10:48:13;-2,0001;3,1422
01/10/2026 10:48:14;-1,9998;3,1437
01/10/2026 10:48:15;-2,0039;3,1397
01/10/2026 10:48:16;-2,0001;3,1409
01/10/2026 10:48:17;-1,9983;3,1404
01/10/2026 10:48:18;-1,9991;3,1403
01/10/2026 10:48:19;-1,9955;3,1386
01/10/2026 10:48:20;-1,9975;3,1376
01/10/2026 10:48:21;-1,9971;3,1372
01/10/2026 10:48:22;-1,9944;3,1395
01/10/2026 10:48:23;-1,9985;3,1367
01/10/2026 10:48:24;-1,9997;3,1367
01/10/2026 10:48:25;-1,9981;3,1389
01/10/2026 10:48:26;-2,0011;3,1356
01/10/2026 10:48:27;-1,9998;3,1362
01/10/2026 10:48:28;-2,0013;3,1365
01/10/2026 10:48:29;-1,9992;3,136
01/10/2026 10:48:30;-2,0013;3,1332
01/10/2026 10:48:31;-2,0014;3,1334
01/10/2026 10:48:32;-1,9992;3,1339
01/10/2026 10:48:33;-2,0003;3,1351
01/10/2026 10:48:34;-2,0039;3,132
01/10/2026 10:48:35;-2,0029;3,1318
01/10/2026 10:48:36;-2,0023;3,1323
01/10/2026 10:48:37;-2,0018;3,132
01/10/2026 10:48:38;-1,9992;3,1317
01/10/2026 10:48:39;-1,9996;3,1297
01/10/2026 10:48:40;-1,9979;3,1296
01/10/2026 10:48:41;-1,9985;3,1299
01/10/2026 10:48:42;-1,9979;3,1305
01/10/2026 10:48:43;-1,9988;3,1286
01/10/2026 10:48:44;-1,9996;3,1284
01/10/2026 10:48:45;-1,9978;3,1269
01/10/2026 10:48:46;-1,9982;3,1294
01/10/2026 10:48:47;-1,9992;3,1273
01/10/2026 10:48:48;-1,9975;3,1278
01/10/2026 10:48:49;-2,0047;3,1263
01/10/2026 10:48:50;-2,0006;3,1259
01/10/2026 10:48:51;-2,0006;3,1239
01/10/2026 10:48:52;-1,9977;3,1229
01/10/2026 10:48:53;-1,9969;3,1258
01/10/2026 10:48:54;-2,0029;3,1242
01/10/2026 10:48:55;-1,9972;3,124
01/10/2026 10:48:56;-2,0023;3,1221
01/10/2026 10:48:57;-2,0023;3,122
01/10/2026 10:48:58;-2,0005;3,1236
01/10/2026 10:48:59;-2,0006;3,1239
01/10/2026 10:49:00;-2,0031;3,1211
01/10/2026 10:49:01;-1,9987;3,122
01/10/2026 10:49:02;-1,9986;3,1211
01/10/2026 10:49:03;-1,9979;3,1204
01/10/2026 10:49:04;-2,0009;3,122
01/10/2026 10:49:05;-2,0001;3,1192
01/10/2026 10:49:06;-2,0001;3,1205
01/10/2026 10:49:07;-1,9966;3,1193
01/10/2026 10:49:08;-2,0057;3,1185
01/10/2026 10:49:09;-2,0019;3,1195
01/10/2026 10:49:10;-2,0;3,118
01/10/2026 10:49:11;-2,0022;3,1172
01/10/2026 10:49:12;-2,0005;3,1183
01/10/2026 10:49:13;-2,0003;3,1178
01/10/2026 10:49:14;-2,0013;3,1174
01/10/2026 10:49:15;-1,9999;3,1119
01/10/2026 10:49:16;-1,9987;3,1158
01/10/2026 10:49:17;-2,0005;3,1152
01/10/2026 10:49:18;-2,0009;3,1146
01/10/2026 10:49:19;-2,0003;3,1149
01/10/2026 10:49:20;-2,0;3,1141
01/10/2026 10:49:21;-2,0035;3,1142
01/10/2026 10:49:22;-1,9991;3,1128
01/10/2026 10:49:23;-2,0009;3,1142
01/10/2026 10:49:24;-1,9975;3,1131
01/10/2026 10:49:25;-1,9988;3,1125
01/10/2026 10:49:26;-1,9977;3,1121
01/10/2026 10:49:27;-2,002;3,1124
01/10/2026 10:49:28;-2,0007;3,1119
01/10/2026 10:49:29;-2,0025;3,1104
01/10/2026 10:49:30;-2,0014;3,1111
01/10/2026 10:49:31;-1,9975;3,1099
01/10/2026 10:49:32;-1,997;3,1113
01/10/2026 10:49:33;-2,0023;3,1101
01/10/2026 10:49:34;-2,0009;3,108
01/10/2026 10:49:35;-2,0002;3,1106
01/10/2026 10:49:36;-1,9988;3,1058
01/10/2026 10:49:37;-2,0035;3,1082
01/10/2026 10:49:38;-2,0032;3,1065
01/10/2026 10:49:39;-1,999;3,1088
01/10/2026 10:49:40;-2,0039;3,1068
01/10/2026 10:49:41;-2,0009;3,1054
01/10/2026 10:49:42;-1,9997;3,1055
01/10/2026 10:49:43;-1,9992;3,1047
01/10/2026 10:49:44;-2,0003;3,1048
01/10/2026 10:49:45;-2,0007;3,1044
01/10/2026 10:49:46;-1,9983;3,1037
01/10/2026 10:49:47;-1,9994;3,1043
01/10/2026 10:49:48;-2,0013;3,1041
01/10/2026 10:49:49;-1,9999;3,1024
01/10/2026 10:49:50;-1,9992;3,1014
01/10/2026 10:49:51;-1,9966;3,103
01/10/2026 10:49:52;-1,9984;3,1029
01/10/2026 10:49:53;-1,9976;3,1027
01/10/2026 10:49:54;-2,0012;3,1022
01/10/2026 10:49:55;-2,001;3,1029
01/10/2026 10:49:56;-2,0005;3,102
01/10/2026 10:49:57;-2,0003;3,1033
01/10/2026 10:49:58;-2,002;3,1034
01/10/2026 10:49:59;-1,9975;3,0982
01/10/2026 10:50:00;-1,9982;3,0975
01/10/2026 10:50:01;-2,0006;3,0993
01/10/2026 10:50:02;-1,9987;3,0995
01/10/2026 10:50:03;-1,9996;3,0986
01/10/2026 10:50:04;-1,9986;3,099
01/10/2026 10:50:05;-2,0027;3,0977
01/10/2026 10:50:06;-2,0003;3,097
01/10/2026 10:50:07;-2,0001;3,0968
01/10/2026 10:50:08;-1,9988;3,0968
01/10/2026 10:50:09;-2,0013;3,0975
01/10/2026 10:50:10;-2,005;3,0959
01/10/2026 10:50:11;-2,0022;3,0958
01/10/2026 10:50:12;-2,0001;3,0963
01/10/2026 10:50:13;-1,9999;3,0952
01/10/2026 10:50:14;-1,9966;3,0962
01/10/2026 10:50:15;-1,9988;3,0939
01/10/2026 10:50:16;-1,9998;3,0933
01/10/2026 10:50:17;-2,0001;3,0945
01/10/2026 10:50:18;-1,9978;3,0943
01/10/2026 10:50:19;-2,0012;3,0927
01/10/2026 10:50:20;-2,0003;3,0946
01/10/2026 10:50:21;-2,0022;3,0948
01/10/2026 10:50:22;-1,9972;3,092
01/10/2026 10:50:23;-1,9992;3,0938
01/10/2026 10:50:24;-2,0014;3,0896
01/10/2026 10:50:25;-2,0002;3,0928
01/10/2026 10:50:26;-1,999;3,0905
01/10/2026 10:50:27;-2,0005;3,092
01/10/2026 10:50:28;-2,0011;3,0898
01/10/2026 10:50:29;-2,0013;3,0904
01/10/2026 10:50:30;-1,9993;3,0894
01/10/2026 10:50:31;-2,0007;3,0897
01/10/2026 10:50:32;-2,0009;3,0914
01/10/2026 10:50:33;-2,0027;3,0892
01/10/2026 10:50:34;-1,9998;3,0911
01/10/2026 10:50:35;-2,0004;3,0883
01/10/2026 10:50:36;-2,0006;3,0899
01/10/2026 10:50:37;-1,9996;3,0865
01/10/2026 10:50:38;-1,9985;3,0875
01/10/2026 10:50:39;-1,9986;3,087
01/10/2026 10:50:40;-1,9989;3,0887
01/10/2026 10:50:41;-2,0005;3,0871
01/10/2026 10:50:42;-2,0011;3,0845
01/10/2026 10:50:43;-2,0021;3,085
01/10/2026 10:50:44;-2,0012;3,085
01/10/2026 10:50:45;-2,0;3,0867
01/10/2026 10:50:46;-2,0016;3,0863
01/10/2026 10:50:47;-1,9998;3,0849
01/10/2026 10:50:48;-2,0019;3,0844
01/10/2026 10:50:49;-2,0033;3,0853
01/10/2026 10:50:50;-1,9984;3,0832
01/10/2026 10:50:51;-2,0009;3,0845
01/10/2026 10:50:52;-2,0017;3,0842
01/10/2026 10:50:53;-2,0022;3,0832
01/10/2026 10:50:54;-1,9992;3,0836
01/10/2026 10:50:55;-1,9973;3,0831
01/10/2026 10:50:56;-2,0008;3,0832
01/10/2026 10:50:57;-2,0004;3,0811
01/10/2026 10:50:58;-1,9979;3,0827
01/10/2026 10:50:59;-2,0036;3,0829
01/10/2026 10:51:00;-1,9961;3,0819
01/10/2026 10:51:01;-1,9951;3,0819
01/10/2026 10:51:02;-2,0054;3,0809
01/10/2026 10:51:03;-2,0002;3,0817
01/10/2026 10:51:04;-2,0014;3,0806
01/10/2026 10:51:05;-2,0005;3,0791
01/10/2026 10:51:06;-2,0008;3,0808
01/10/2026 10:51:07;-1,9984;3,0781
01/10/2026 10:51:08;-2,0002;3,0797
01/10/2026 10:51:09;-2,0018;3,0788
01/10/2026 10:51:10;-2,0003;3,0785
01/10/2026 10:51:11;-1,999;3,0788
01/10/2026 10:51:12;-2,0024;3,0777
01/10/2026 10:51:13;-2,0033;3,0786
01/10/2026 10:51:14;-1,996;3,0779
01/10/2026 10:51:15;-2,0013;3,077
01/10/2026 10:51:16;-2,0003;3,0787
01/10/2026 10:51:17;-2,0008;3,0773
01/10/2026 10:51:18;-1,9989;3,0775
01/10/2026 10:51:19;-1,9965;3,078
01/10/2026 10:51:20;-1,9988;3,0777
01/10/2026 10:51:21;-2,003;3,0767
01/10/2026 10:51:22;-2,0028;3,0755
01/10/2026 10:51:23;-2,0008;3,0741
01/10/2026 10:51:24;-2,0005;3,0755
01/10/2026 10:51:25;-2,0034;3,0762
01/10/2026 10:51:26;-1,9984;3,0752
01/10/2026 10:51:27;-2,0022;3,0711
01/10/2026 10:51:28;-1,997;3,0752
01/10/2026 10:51:29;-1,9964;3,075
01/10/2026 10:51:30;-2,0005;3,0735
01/10/2026 10:51:31;-1,9991;3,0746
01/10/2026 10:51:32;-2,0025;3,074
01/10/2026 10:51:33;-1,9988;3,0724
01/10/2026 10:51:34;-2,001;3,0741
01/10/2026 10:51:35;-2,0022;3,0713
01/10/2026 10:51:36;-2,0006;3,0723
01/10/2026 10:51:37;-2,0009;3,072
01/10/2026 10:51:38;-2,0007;3,0711
01/10/2026 10:51:39;-1,9981;3,0719
01/10/2026 10:51:40;-2,0016;3,0727
01/10/2026 10:51:41;-1,9965;3,0724
01/10/2026 10:51:42;-2,0027;3,0717
01/10/2026 10:51:43;-1,9968;3,069
01/10/2026 10:51:44;-2,002;3,0691
01/10/2026 10:51:45;-2,0;3,0704
01/10/2026 10:51:46;-2,001;3,07
01/10/2026 10:51:47;-2,0007;3,0693
01/10/2026 10:51:48;-1,9984;3,0714
01/10/2026 10:51:49;-1,997;3,0694
01/10/2026 10:51:50;-1,9976;3,0696
01/10/2026 10:51:51;-2,0008;3,0698
01/10/2026 10:51:52;-1,9996;3,0687
01/10/2026 10:51:53;-2,0016;3,071
01/10/2026 10:51:54;-2,002;3,0672
01/10/2026 10:51:55;-2,0023;3,0673
01/10/2026 10:51:56;-2,0009;3,0668
01/10/2026 10:51:57;-1,9995;3,069
01/10/2026 10:51:58;-2,0038;3,068
01/10/2026 10:51:59;-2,0001;3,0665
01/10/2026 10:52:00;-1,997;3,0659
01/10/2026 10:52:01;-1,9978;3,068
01/10/2026 10:52:02;-2,0012;3,0667
01/10/2026 10:52:03;-2,0028;3,0675
01/10/2026 10:52:04;-1,9991;3,0659
01/10/2026 10:52:05;-2,0046;3,0662
01/10/2026 10:52:06;-1,9978;3,0658
01/10/2026 10:52:07;-2,0004;3,0646
01/10/2026 10:52:08;-1,9963;3,0649
01/10/2026 10:52:09;-2,0035;3,0636
01/10/2026 10:52:10;-1,9982;3,0651
01/10/2026 10:52:11;-2,0002;3,0652
01/10/2026 10:52:12;-2,0007;3,0652
01/10/2026 10:52:13;-2,0027;3,0646
01/10/2026 10:52:14;-1,9988;3,0636
01/10/2026 10:52:15;-1,9986;3,0651
01/10/2026 10:52:16;-1,9964;3,0642
01/10/2026 10:52:17;-1,998;3,0645
01/10/2026 10:52:18;-2,0012;3,0644
01/10/2026 10:52:19;-2,002;3,0626
01/10/2026 10:52:20;-2,0027;3,0629
01/10/2026 10:52:21;-1,9971;3,0631
01/10/2026 10:52:22;-2,0016;3,0609
01/10/2026 10:52:23;-1,997;3,0607
01/10/2026 10:52:24;-1,9989;3,0604
01/10/2026 10:52:25;-1,9993;3,0613
01/10/2026 10:52:26;-2,0006;3,0609
01/10/2026 10:52:27;-1,9987;3,0596
01/10/2026 10:52:28;-2,0;3,061
01/10/2026 10:52:29;-2,0007;3,0605
01/10/2026 10:52:30;-1,9986;3,0616
01/10/2026 10:52:31;-2,0003;3,0623
01/10/2026 10:52:32;-2,0016;3,0605
01/10/2026 10:52:33;-1,9988;3,0591
01/10/2026 10:52:34;-2,0001;3,0603
01/10/2026 10:52:35;-1,999;3,0595
01/10/2026 10:52:36;-2,0009;3,059
01/10/2026 10:52:37;-2,0024;3,0582
01/10/2026 10:52:38;-1,9965;3,0584
01/10/2026 10:52:39;-1,9969;3,0585
01/10/2026 10:52:40;-1,9982;3,0593
01/10/2026 10:52:41;-2,0008;3,0588
01/10/2026 10:52:42;-2,0006;3,0599
01/10/2026 10:52:43;-1,9972;3,0586
01/10/2026 10:52:44;-2,0007;3,0581
01/10/2026 10:52:45;-2,0013;3,0572
01/10/2026 10:52:46;-1,9963;3,0563
01/10/2026 10:52:47;-2,0001;3,0565
01/10/2026 10:52:48;-1,9965;3,0562
01/10/2026 10:52:49;-2,0028;3,0542
01/10/2026 10:52:50;-1,999;3,0555
01/10/2026 10:52:51;-1,9959;3,058
01/10/2026 10:52:52;-1,9999;3,0565
01/10/2026 10:52:53;-2,0005;3,0556
01/10/2026 10:52:54;-2,0023;3,0562
01/10/2026 10:52:55;-1,9978;3,0537
01/10/2026 10:52:56;-2,0015;3,0557
01/10/2026 10:52:57;-2,0002;3,0565
01/10/2026 10:52:58;-2,0025;3,0549
01/10/2026 10:52:59;-1,9969;3,0531
01/10/2026 10:53:00;-1,9977;3,0543
01/10/2026 10:53:01;-2,0001;3,0558
01/10/2026 10:53:02;-2,0023;3,0546
01/10/2026 10:53:03;-1,9969;3,0527
01/10/2026 10:53:04;-2,0007;3,0563
01/10/2026 10:53:05;-2,0022;3,0525
01/10/2026 10:53:06;-2,0035;3,0534
01/10/2026 10:53:07;-2,0013;3,0524
01/10/2026 10:53:08;-2,0029;3,0522
01/10/2026 10:53:09;-2,0012;3,0526
01/10/2026 10:53:10;-1,9985;3,0535
01/10/2026 10:53:11;-2,0008;3,054
01/10/2026 10:53:12;-1,9993;3,0522
01/10/2026 10:53:13;-2,0014;3,0514
01/10/2026 10:53:14;-1,9999;3,0527
01/10/2026 10:53:15;-1,9962;3,0525
01/10/2026 10:53:16;-2,0007;3,0521
01/10/2026 10:53:17;-1,9992;3,052
01/10/2026 10:53:18;-2,0031;3,0514
01/10/2026 10:53:19;-1,997;3,0514
01/10/2026 10:53:20;-2,001;3,051
01/10/2026 10:53:21;-1,9979;3,0521
01/10/2026 10:53:22;-2,0002;3,0531
01/10/2026 10:53:23;-1,9988;3,0508
01/10/2026 10:53:24;-1,9987;3,0505
01/10/2026 10:53:25;-2,0009;3,0506
01/10/2026 10:53:26;-1,9978;3,0495
01/10/2026 10:53:27;-2,0015;3,0507
01/10/2026 10:53:28;-1,9984;3,0503
01/10/2026 10:53:29;-2,0008;3,0492
01/10/2026 10:53:30;-1,9993;3,0504
01/10/2026 10:53:31;-2,0009;3,0493
01/10/2026 10:53:32;-1,9999;3,0482
01/10/2026 10:53:33;-2,0021;3,0493
01/10/2026 10:53:34;-1,9995;3,0491
01/10/2026 10:53:35;-1,9999;3,0496
01/10/2026 10:53:36;-2,0011;3,0493
01/10/2026 10:53:37;-2,0001;3,0482
01/10/2026 10:53:38;-1,9997;3,0477
01/10/2026 10:53:39;-2,0012;3,048
01/10/2026 10:53:40;-2,0003;3,0482
01/10/2026 10:53:41;-2,002;3,0482
01/10/2026 10:53:42;-1,9953;3,0478
01/10/2026 10:53:43;-1,9979;3,0473
01/10/2026 10:53:44;-1,9995;3,0482
01/10/2026 10:53:45;-1,9977;3,0464
01/10/2026 10:53:46;-2,004;3,0494
01/10/2026 10:53:47;-2,0051;3,0475
01/10/2026 10:53:48;-2,0008;3,0455
01/10/2026 10:53:49;-2,0028;3,0466
01/10/2026 10:53:50;-2,0005;3,0471
01/10/2026 10:53:51;-1,9996;3,0458
01/10/2026 10:53:52;-1,9982;3,0445
01/10/2026 10:53:53;-2,0023;3,0448
01/10/2026 10:53:54;-1,9992;3,0462
01/10/2026 10:53:55;-2,0;3,0438
01/10/2026 10:53:56;-1,9993;3,0439
01/10/2026 10:53:57;-2,001;3,0458
01/10/2026 10:53:58;-1,9972;3,0449
01/10/2026 10:53:59;-2,0002;3,0442
01/10/2026 10:54:00;-1,9965;3,0443
01/10/2026 10:54:01;-2,0016;3,0432
01/10/2026 10:54:02;-1,9985;3,045
01/10/2026 10:54:03;-2,0001;3,0435
01/10/2026 10:54:04;-2,0007;3,0436
01/10/2026 10:54:05;-1,9987;3,0444
01/10/2026 10:54:06;-2,0006;3,0436
01/10/2026 10:54:07;-2,0053;3,043
01/10/2026 10:54:08;-2,0061;3,0416
01/10/2026 10:54:09;-1,9975;3,0438
01/10/2026 10:54:10;-1,9975;3,0434
01/10/2026 10:54:11;-1,9962;3,0426
01/10/2026 10:54:12;-2,0;3,042
01/10/2026 10:54:13;-2,0026;3,0429
01/10/2026 10:54:14;-2,0008;3,0432
01/10/2026 10:54:15;-2,0;3,0427
01/10/2026 10:54:16;-2,002;3,0441
01/10/2026 10:54:17;-1,9967;3,043
01/10/2026 10:54:18;-1,9955;3,0421
01/10/2026 10:54:19;-1,999;3,0428
01/10/2026 10:54:20;-2,0;3,0419
01/10/2026 10:54:21;-2,0026;3,0418
01/10/2026 10:54:22;-1,9969;3,0429
01/10/2026 10:54:23;-1,9998;3,0406
01/10/2026 10:54:24;-2,0006;3,0414
01/10/2026 10:54:25;-1,999;3,0424
01/10/2026 10:54:26;-2,0012;3,0414
01/10/2026 10:54:27;-1,9997;3,0406
01/10/2026 10:54:28;-2,0029;3,0391
01/10/2026 10:54:29;-1,9978;3,0384
01/10/2026 10:54:30;-2,0002;3,0426
01/10/2026 10:54:31;-1,9977;3,0407
01/10/2026 10:54:32;-2,0004;3,0397
01/10/2026 10:54:33;-2,0003;3,0405
01/10/2026 10:54:34;-2,0024;3,039
01/10/2026 10:54:35;-1,9985;3,0395
01/10/2026 10:54:36;-2,0018;3,0388
01/10/2026 10:54:37;-2,001;3,0382
01/10/2026 10:54:38;-2,0;3,0373
01/10/2026 10:54:39;-1,9998;3,0377
01/10/2026 10:54:40;-2,0034;3,0402
01/10/2026 10:54:41;-2,0005;3,0381
01/10/2026 10:54:42;-1,9984;3,0395
01/10/2026 10:54:43;-2,0008;3,0398
01/10/2026 10:54:44;-2,0004;3,0387
01/10/2026 10:54:45;-1,9997;3,0382
01/10/2026 10:54:46;-2,0003;3,0385
01/10/2026 10:54:47;-2,0021;3,0379
01/10/2026 10:54:48;-2,0001;3,0394
01/10/2026 10:54:49;-1,998;3,0399
01/10/2026 10:54:50;-2,0021;3,0394
01/10/2026 10:54:51;-2,0007;3,0356
01/10/2026 10:54:52;-2,0028;3,0372
01/10/2026 10:54:53;-1,9981;3,0375
01/10/2026 10:54:54;-2,0002;3,0379
01/10/2026 10:54:55;-2,0017;3,0355
01/10/2026 10:54:56;-1,9998;3,0354
01/10/2026 10:54:57;-2,0024;3,0383
01/10/2026 10:54:58;-2,0021;3,0363
01/10/2026 10:54:59;-2,0029;3,0353
01/10/2026 10:55:00;-0,0021;3,0412
01/10/2026 10:55:01;0,0027;3,0481
01/10/2026 10:55:02;-0,0015;3,0523
01/10/2026 10:55:03;0,0009;3,0588
01/10/2026 10:55:04;-0,0017;3,0629
01/10/2026 10:55:05;0,0015;3,0674
01/10/2026 10:55:06;-0,0021;3,0758
01/10/2026 10:55:07;0,0001;3,08
01/10/2026 10:55:08;0,0001;3,0844
01/10/2026 10:55:09;0,0047;3,0893
01/10/2026 10:55:10;0,0013;3,0963
01/10/2026 10:55:11;-0,0012;3,1005
01/10/2026 10:55:12;0,0014;3,106
01/10/2026 10:55:13;0,0043;3,1092
01/10/2026 10:55:14;-0,0033;3,1148
01/10/2026 10:55:15;-0,0017;3,12
01/10/2026 10:55:16;-0,0005;3,1238
01/10/2026 10:55:17;-0,0008;3,1291
01/10/2026 10:55:18;-0,0007;3,1333
01/10/2026 10:55:19;-0,0026;3,139
01/10/2026 10:55:20;0,0028;3,1419
01/10/2026 10:55:21;-0,0028;3,1484
01/10/2026 10:55:22;-0,0004;3,1528
01/10/2026 10:55:23;0,0021;3,1568
01/10/2026 10:55:24;-0,0001;3,162
01/10/2026 10:55:25;-0,002;3,1656
01/10/2026 10:55:26;-0,0027;3,1697
01/10/2026 10:55:27;-0,0005;3,1753
01/10/2026 10:55:28;-0,0015;3,1797
01/10/2026 10:55:29;0,0004;3,183
01/10/2026 10:55:30;-0,0028;3,1872
01/10/2026 10:55:31;0,0016;3,1918
01/10/2026 10:55:32;0,0002;3,1957
01/10/2026 10:55:33;0,0004;3,2019
01/10/2026 10:55:34;0,0029;3,2049
01/10/2026 10:55:35;-0,0009;3,2087
01/10/2026 10:55:36;-0,0015;3,2118
01/10/2026 10:55:37;-0,0011;3,2175
01/10/2026 10:55:38;-0,0004;3,2202
01/10/2026 10:55:39;-0,0002;3,2241
01/10/2026 10:55:40;-0,0017;3,2295
01/10/2026 10:55:41;-0,004;3,233
01/10/2026 10:55:42;-0,0011;3,234
01/10/2026 10:55:43;0,0007;3,2402
01/10/2026 10:55:44;0,0003;3,2443
01/10/2026 10:55:45;0,0024;3,2476
01/10/2026 10:55:46;0,0039;3,2519
01/10/2026 10:55:47;0,0015;3,2536
01/10/2026 10:55:48;0,0028;3,2563
01/10/2026 10:55:49;0,0015;3,2618
01/10/2026 10:55:50;0,0034;3,2667
01/10/2026 10:55:51;0,0037;3,2668
01/10/2026 10:55:52;0,0019;3,2727
01/10/2026 10:55:53;0,0014;3,2752
01/10/2026 10:55:54;-0,0004;3,2804
01/10/2026 10:55:55;-0,0001;3,2861
01/10/2026 10:55:56;-0,0007;3,2873
01/10/2026 10:55:57;0,0012;3,2909
01/10/2026 10:55:58;-0,0014;3,2952
01/10/2026 10:55:59;-0,0004;3,2978
01/10/2026 10:56:00;-0,0047;3,3009
01/10/2026 10:56:01;0,0034;3,3053
01/10/2026 10:56:02;-0,0004;3,3081
01/10/2026 10:56:03;0,0009;3,3112
01/10/2026 10:56:04;0,0029;3,314
01/10/2026 10:56:05;0,0006;3,317
01/10/2026 10:56:06;0,0029;3,3214
01/10/2026 10:56:07;-0,0025;3,3233
01/10/2026 10:56:08;0,0048;3,328
01/10/2026 10:56:09;0,0022;3,3289
01/10/2026 10:56:10;0,0004;3,3344
01/10/2026 10:56:11;0,0029;3,3365
01/10/2026 10:56:12;-0,0023;3,3381
01/10/2026 10:56:13;-0,0006;3,3425
01/10/2026 10:56:14;0,0029;3,3444
01/10/2026 10:56:15;-0,0037;3,348
01/10/2026 10:56:16;0,0011;3,3504
01/10/2026 10:56:17;0,0011;3,3536
01/10/2026 10:56:18;0,0039;3,3576
01/10/2026 10:56:19;-0,0032;3,36
01/10/2026 10:56:20;0,0032;3,3612
01/10/2026 10:56:21;-0,0011;3,3641
01/10/2026 10:56:22;-0,0009;3,3682
01/10/2026 10:56:23;-0,0024;3,371
01/10/2026 10:56:24;-0,0022;3,3727
01/10/2026 10:56:25;0,0008;3,3777
01/10/2026 10:56:26;-0,0022;3,3796
01/10/2026 10:56:27;0,0015;3,3808
01/10/2026 10:56:28;-0,0013;3,3834
01/10/2026 10:56:29;-0,0024;3,3865
01/10/2026 10:56:30;-0,0011;3,389
01/10/2026 10:56:31;0,0007;3,3932
01/10/2026 10:56:32;-0,0006;3,3954
01/10/2026 10:56:33;0,0001;3,397
01/10/2026 10:56:34;0,0014;3,4002
01/10/2026 10:56:35;0,0022;3,4028
01/10/2026 10:56:36;-0,0006;3,4045
01/10/2026 10:56:37;-0,0021;3,4073
01/10/2026 10:56:38;0,0002;3,4099
01/10/2026 10:56:39;0,0009;3,4123
01/10/2026 10:56:40;-0,0029;3,4134
01/10/2026 10:56:41;-0,0018;3,4159
01/10/2026 10:56:42;-0,0014;3,4186
01/10/2026 10:56:43;-0,0004;3,4205
01/10/2026 10:56:44;-0,0015;3,4221
01/10/2026 10:56:45;0,0014;3,4265
01/10/2026 10:56:46;-0,0032;3,4284
01/10/2026 10:56:47;-0,0032;3,429
01/10/2026 10:56:48;-0,0007;3,4324
01/10/2026 10:56:49;-0,0004;3,4346
01/10/2026 10:56:50;-0,0029;3,4372
01/10/2026 10:56:51;-0,0012;3,4381
01/10/2026 10:56:52;-0,0008;3,44
01/10/2026 10:56:53;-0,0008;3,444
01/10/2026 10:56:54;0,0003;3,4441
01/10/2026 10:56:55;-0,0013;3,4475
01/10/2026 10:56:56;0,003;3,4495
01/10/2026 10:56:57;0,001;3,4518
01/10/2026 10:56:58;-0,0016;3,4542
01/10/2026 10:56:59;0,0002;3,4576
01/10/2026 10:57:00;0,0002;3,4564
01/10/2026 10:57:01;0,0024;3,4609
01/10/2026 10:57:02;-0,0012;3,4595
01/10/2026 10:57:03;0,0015;3,4654
01/10/2026 10:57:04;0,0001;3,4639
01/10/2026 10:57:05;0,003;3,4704
01/10/2026 10:57:06;0,0026;3,4695
01/10/2026 10:57:07;0,0004;3,473
01/10/2026 10:57:08;-0,0005;3,4747
01/10/2026 10:57:09;0,001;3,4751
01/10/2026 10:57:10;-0,0004;3,477
01/10/2026 10:57:11;0,0034;3,4784
01/10/2026 10:57:12;0,0002;3,4819
01/10/2026 10:57:13;-0,0008;3,4825
01/10/2026 10:57:14;-0,0009;3,4839
01/10/2026 10:57:15;-0,0024;3,487
01/10/2026 10:57:16;0,0011;3,4873
01/10/2026 10:57:17;-0,0016;3,4897
01/10/2026 10:57:18;0,0022;3,4919
01/10/2026 10:57:19;-0,0026;3,4928
01/10/2026 10:57:20;0,0003;3,4947
01/10/2026 10:57:21;0,0023;3,4984
01/10/2026 10:57:22;-0,0043;3,4984
01/10/2026 10:57:23;0,004;3,4999
01/10/2026 10:57:24;-0,0009;3,5017
01/10/2026 10:57:25;0,0003;3,504
01/10/2026 10:57:26;0,0011;3,5041
01/10/2026 10:57:27;0,0015;3,5072
01/10/2026 10:57:28;0,0005;3,5087
01/10/2026 10:57:29;0,002;3,5082
01/10/2026 10:57:30;0,001;3,5134
01/10/2026 10:57:31;0,0035;3,5146
01/10/2026 10:57:32;0,001;3,5139
01/10/2026 10:57:33;0,0039;3,5151
01/10/2026 10:57:34;0,0018;3,518
01/10/2026 10:57:35;-0,0036;3,5178
01/10/2026 10:57:36;0,0052;3,5221
01/10/2026 10:57:37;-0,0011;3,5218
01/10/2026 10:57:38;0,003;3,5253
01/10/2026 10:57:39;0,0001;3,5244
01/10/2026 10:57:40;0,0021;3,5265
01/10/2026 10:57:41;-0,0014;3,5293
01/10/2026 10:57:42;0,0013;3,5292
01/10/2026 10:57:43;-0,0005;3,5312
01/10/2026 10:57:44;0,0032;3,5334
01/10/2026 10:57:45;0,0009;3,5331
01/10/2026 10:57:46;0,0019;3,5338
01/10/2026 10:57:47;-0,0043;3,535
01/10/2026 10:57:48;-0,0002;3,5384
01/10/2026 10:57:49;0,0008;3,5395
01/10/2026 10:57:50;0,0004;3,5416
01/10/2026 10:57:51;0,0019;3,5415
01/10/2026 10:57:52;-0,0007;3,5417
01/10/2026 10:57:53;0,0001;3,5421
01/10/2026 10:57:54;0,0024;3,5486
01/10/2026 10:57:55;-0,0046;3,5475
01/10/2026 10:57:56;0,0012;3,5484
01/10/2026 10:57:57;-0,0007;3,5498
01/10/2026 10:57:58;-0,0018;3,5493
01/10/2026 10:57:59;0,0007;3,5512
01/10/2026 10:58:00;0,0025;3,555
01/10/2026 10:58:01;0,0021;3,5551
01/10/2026 10:58:02;-0,0003;3,5549
01/10/2026 10:58:03;0,0018;3,5556
01/10/2026 10:58:04;0,0017;3,5575
01/10/2026 10:58:05;-0,0002;3,5589
01/10/2026 10:58:06;-0,0014;3,5625
01/10/2026 10:58:07;-0,0013;3,5614
01/10/2026 10:58:08;0,0017;3,5615
01/10/2026 10:58:09;-0,0001;3,5638
01/10/2026 10:58:10;-0,0021;3,5652
01/10/2026 10:58:11;-0,0034;3,5648
01/10/2026 10:58:12;0,0017;3,5676
01/10/2026 10:58:13;-0,0011;3,5695
01/10/2026 10:58:14;0,0007;3,5695
01/10/2026 10:58:15;0,0025;3,5697
01/10/2026 10:58:16;-0,0026;3,571
01/10/2026 10:58:17;-0,0001;3,571
01/10/2026 10:58:18;-0,0003;3,5736
01/10/2026 10:58:19;0,0008;3,575
01/10/2026 10:58:20;0,0025;3,5749
01/10/2026 10:58:21;-0,0027;3,5787
01/10/2026 10:58:22;0,0011;3,5786
01/10/2026 10:58:23;0,0021;3,577
01/10/2026 10:58:24;-0,0004;3,5781
01/10/2026 10:58:25;-0,0003;3,5799
01/10/2026 10:58:26;0,0008;3,5834
01/10/2026 10:58:27;0,0007;3,5837
01/10/2026 10:58:28;0,0012;3,5854
01/10/2026 10:58:29;0,0011;3,5848
01/10/2026 10:58:30;-0,002;3,5855
01/10/2026 10:58:31;0,002;3,5854
01/10/2026 10:58:32;0,0023;3,5879
01/10/2026 10:58:33;0,0004;3,5883
01/10/2026 10:58:34;-0,003;3,5892
01/10/2026 10:58:35;-0,0002;3,592
01/10/2026 10:58:36;0,0004;3,5912
01/10/2026 10:58:37;-0,0023;3,5935
01/10/2026 10:58:38;-0,0007;3,5915
01/10/2026 10:58:39;-0,0028;3,5967
01/10/2026 10:58:40;0,0012;3,5945
01/10/2026 10:58:41;0,0003;3,5964
01/10/2026 10:58:42;-0,0033;3,5974
01/10/2026 10:58:43;0,0007;3,5969
01/10/2026 10:58:44;-0,0001;3,5991
01/10/2026 10:58:45;0,001;3,6
01/10/2026 10:58:46;-0,0008;3,5993
01/10/2026 10:58:47;-0,0016;3,6001
01/10/2026 10:58:48;-0,0015;3,6017
01/10/2026 10:58:49;-0,0011;3,6023
01/10/2026 10:58:50;0,0;3,6046
01/10/2026 10:58:51;0,0003;3,6048
01/10/2026 10:58:52;-0,0004;3,6048
01/10/2026 10:58:53;-0,0008;3,6062
01/10/2026 10:58:54;-0,0007;3,6044
01/10/2026 10:58:55;0,005;3,6066
01/10/2026 10:58:56;-0,0015;3,6083
01/10/2026 10:58:57;-0,0011;3,6099
01/10/2026 10:58:58;0,0066;3,6097
01/10/2026 10:58:59;0,0008;3,6117
01/10/2026 10:59:00;-0,0028;3,6119
01/10/2026 10:59:01;0,0017;3,6112
01/10/2026 10:59:02;-0,0018;3,6123
01/10/2026 10:59:03;0,0018;3,6136
01/10/2026 10:59:04;-0,0004;3,6135
01/10/2026 10:59:05;-0,0009;3,6162
01/10/2026 10:59:06;0,0032;3,6142
01/10/2026 10:59:07;0,0011;3,6163
01/10/2026 10:59:08;0,0019;3,6175
01/10/2026 10:59:09;0,0009;3,6171
01/10/2026 10:59:10;-0,0009;3,6176
01/10/2026 10:59:11;0,0012;3,6187
01/10/2026 10:59:12;0,0024;3,6203
01/10/2026 10:59:13;0,0003;3,6196
01/10/2026 10:59:14;0,0036;3,6197
01/10/2026 10:59:15;0,0017;3,6226
01/10/2026 10:59:16;0,0004;3,6225
01/10/2026 10:59:17;0,0005;3,6238
01/10/2026 10:59:18;0,0003;3,6241
01/10/2026 10:59:19;-0,0025;3,6262
01/10/2026 10:59:20;-0,0002;3,6258
01/10/2026 10:59:21;0,0004;3,6246
01/10/2026 10:59:22;-0,0008;3,6264
01/10/2026 10:59:23;0,0007;3,626
01/10/2026 10:59:24;0,0;3,6267
01/10/2026 10:59:25;0,0015;3,6263
01/10/2026 10:59:26;0,0013;3,628
01/10/2026 10:59:27;0,0003;3,6295
01/10/2026 10:59:28;-0,0027;3,6294
01/10/2026 10:59:29;0,0036;3,629
01/10/2026 10:59:30;-0,0003;3,6292
01/10/2026 10:59:31;-0,0002;3,6334
01/10/2026 10:59:32;-0,0007;3,6321
01/10/2026 10:59:33;-0,001;3,6316
01/10/2026 10:59:34;0,0031;3,6334
01/10/2026 10:59:35;0,0028;3,6357
01/10/2026 10:59:36;0,0009;3,6347
01/10/2026 10:59:37;-0,0002;3,6318
01/10/2026 10:59:38;0,0012;3,6378
01/10/2026 10:59:39;0,0001;3,6338
01/10/2026 10:59:40;-0,0004;3,636
01/10/2026 10:59:41;0,0007;3,6356
01/10/2026 10:59:42;-0,0009;3,6365
01/10/2026 10:59:43;0,0005;3,6381
01/10/2026 10:59:44;0,0004;3,6362
01/10/2026 10:59:45;0,0012;3,6387
01/10/2026 10:59:46;-0,0012;3,6405
01/10/2026 10:59:47;0,0014;3,639
01/10/2026 10:59:48;-0,0018;3,6389
01/10/2026 10:59:49;-0,0011;3,6407
01/10/2026 10:59:50;-0,0011;3,641
01/10/2026 10:59:51;-0,0021;3,6412
01/10/2026 10:59:52;0,002;3,6411
01/10/2026 10:59:53;-0,0019;3,6433
01/10/2026 10:59:54;-0,0014;3,6438
01/10/2026 10:59:55;0,0025;3,6426
01/10/2026 10:59:56;-0,0011;3,6433
01/10/2026 10:59:57;-0,0004;3,6448
01/10/2026 10:59:58;-0,002;3,6441
01/10/2026 10:59:59;0,0017;3,6457
